<?xml version="1.0" encoding="utf-8"?>
<COLLADA xmlns="http://www.collada.org/2005/11/COLLADASchema" version="1.4.1" xmlns:xsi="http://www.w3.org/2001/XMLSchema-instance">
  <asset>
    <contributor>
      <author>Blender User</author>
      <authoring_tool>Blender 4.0.2 commit date:2023-12-05, commit time:07:41, hash:9be62e85b727</authoring_tool>
    </contributor>
    <created>2025-12-19T03:07:17</created>
    <modified>2025-12-19T03:07:17</modified>
    <unit name="meter" meter="1"/>
    <up_axis>Z_UP</up_axis>
  </asset>
  <library_effects>
    <effect id="Body1_v-effect">
      <profile_COMMON>
        <technique sid="common">
          <lambert>
            <emission>
              <color sid="emission">0 0 0 1</color>
            </emission>
            <diffuse>
              <color sid="diffuse">0.8 0.8 0.8 1</color>
            </diffuse>
            <reflectivity>
              <float sid="specular">0.5</float>
            </reflectivity>
          </lambert>
        </technique>
      </profile_COMMON>
    </effect>
    <effect id="Cap_v-effect">
      <profile_COMMON>
        <technique sid="common">
          <lambert>
            <emission>
              <color sid="emission">0 0 0 1</color>
            </emission>
            <diffuse>
              <color sid="diffuse">0.8 0.8 0.8 1</color>
            </diffuse>
            <reflectivity>
              <float sid="specular">0.5</float>
            </reflectivity>
          </lambert>
        </technique>
      </profile_COMMON>
    </effect>
    <effect id="EyeLid_v-effect">
      <profile_COMMON>
        <technique sid="common">
          <lambert>
            <emission>
              <color sid="emission">0 0 0 1</color>
            </emission>
            <diffuse>
              <color sid="diffuse">0.8 0.8 0.8 1</color>
            </diffuse>
            <reflectivity>
              <float sid="specular">0.5</float>
            </reflectivity>
          </lambert>
        </technique>
      </profile_COMMON>
    </effect>
    <effect id="EyeballL_V-effect">
      <profile_COMMON>
        <technique sid="common">
          <lambert>
            <emission>
              <color sid="emission">0 0 0 1</color>
            </emission>
            <diffuse>
              <color sid="diffuse">0.8 0.8 0.8 1</color>
            </diffuse>
            <reflectivity>
              <float sid="specular">0.5</float>
            </reflectivity>
          </lambert>
        </technique>
      </profile_COMMON>
    </effect>
    <effect id="EyeballR_v-effect">
      <profile_COMMON>
        <technique sid="common">
          <lambert>
            <emission>
              <color sid="emission">0 0 0 1</color>
            </emission>
            <diffuse>
              <color sid="diffuse">0.8 0.8 0.8 1</color>
            </diffuse>
            <reflectivity>
              <float sid="specular">0.5</float>
            </reflectivity>
          </lambert>
        </technique>
      </profile_COMMON>
    </effect>
    <effect id="Face_v-effect">
      <profile_COMMON>
        <technique sid="common">
          <lambert>
            <emission>
              <color sid="emission">0 0 0 1</color>
            </emission>
            <diffuse>
              <color sid="diffuse">0.8 0.8 0.8 1</color>
            </diffuse>
            <index_of_refraction>
              <float sid="ior">1.45</float>
            </index_of_refraction>
          </lambert>
        </technique>
      </profile_COMMON>
    </effect>
    <effect id="Hair_v-effect">
      <profile_COMMON>
        <technique sid="common">
          <lambert>
            <emission>
              <color sid="emission">0 0 0 1</color>
            </emission>
            <diffuse>
              <color sid="diffuse">0.8 0.8 0.8 1</color>
            </diffuse>
            <index_of_refraction>
              <float sid="ior">1.45</float>
            </index_of_refraction>
          </lambert>
        </technique>
      </profile_COMMON>
    </effect>
    <effect id="Shoes-effect">
      <profile_COMMON>
        <technique sid="common">
          <lambert>
            <emission>
              <color sid="emission">0 0 0 1</color>
            </emission>
            <diffuse>
              <color sid="diffuse">0.8 0.8 0.8 1</color>
            </diffuse>
            <reflectivity>
              <float sid="specular">0.5</float>
            </reflectivity>
          </lambert>
        </technique>
      </profile_COMMON>
    </effect>
  </library_effects>
  <library_images/>
  <library_materials>
    <material id="Body1_v-material" name="Body1_v">
      <instance_effect url="#Body1_v-effect"/>
    </material>
    <material id="Cap_v-material" name="Cap_v">
      <instance_effect url="#Cap_v-effect"/>
    </material>
    <material id="EyeLid_v-material" name="EyeLid_v">
      <instance_effect url="#EyeLid_v-effect"/>
    </material>
    <material id="EyeballL_V-material" name="EyeballL_V">
      <instance_effect url="#EyeballL_V-effect"/>
    </material>
    <material id="EyeballR_v-material" name="EyeballR_v">
      <instance_effect url="#EyeballR_v-effect"/>
    </material>
    <material id="Face_v-material" name="Face_v">
      <instance_effect url="#Face_v-effect"/>
    </material>
    <material id="Hair_v-material" name="Hair_v">
      <instance_effect url="#Hair_v-effect"/>
    </material>
    <material id="Shoes-material" name="Shoes">
      <instance_effect url="#Shoes-effect"/>
    </material>
  </library_materials>
  <library_geometries>
    <geometry id="Mario_008-mesh" name="Mario.008">
      <mesh>
        <source id="Mario_008-mesh-positions">
          <float_array id="Mario_008-mesh-positions-array" count="5955">-58.49212 90.59158 5.01707 -57.49977 86.77877 3.799432 -55.90559 92.39584 3.861464 -58.38366 91.87332 7.673117 -65.97669 88.81876 5.123921 -64.64846 86.0763 4.265581 -58.31236 87.38828 4.181816 -66.39183 89.67092 8.139226 -71.50302 82.84385 11.47451 -72.83769 83.55429 8.262931 -65.75231 88.43701 10.75689 -58.06441 90.78005 10.24376 -64.32331 85.56993 11.98455 -68.85514 81.68762 12.66325 -72.02642 77.6796 10.24874 -65.5812 80.35111 11.08663 -69.61264 76.69512 10.77329 -67.52558 76.21782 7.758558 -71.38498 76.1322 7.835222 -72.21225 77.96005 5.982992 -69.86824 77.07688 5.085621 -73.58801 79.28089 8.208776 -71.78954 83.28012 4.880571 -69.20365 81.27204 4.577259 -62.78968 83.34979 5.305878 -65.87552 80.79518 4.492686 -62.45492 82.41281 8.189 -64.25968 80.01445 7.876267 -62.50268 83.69455 10.76686 -57.54933 84.75659 10.40917 -57.70573 87.64743 11.38512 -55.10447 84.28005 11.48051 -53.65913 87.54566 12.09763 -49.12156 83.96778 15.24849 -51.54906 91.13124 11.04306 -53.26934 83.88185 13.50473 -55.67757 80.14851 17.90296 -57.02801 80.81996 15.12107 -62.9106 78.53897 14.06457 -62.99788 76.87552 17.21329 -56.95674 79.37409 12.30106 -61.78445 77.77265 10.90108 -53.7601 77.09184 8.357408 -56.07369 76.53785 11.091 -58.82403 70.86614 10.78635 -54.50389 73.9207 11.89679 -59.80769 74.58477 9.71495 -64.05061 73.13227 11.26829 -65.57505 72.78914 13.85371 -65.5746 75.72653 13.24377 -63.51247 70.83573 13.22987 -64.08384 71.20352 16.08115 -58.97372 70.12458 13.91925 -53.12321 74.86701 17.64714 -53.30972 73.35865 14.76455 -59.85776 71.11749 17.33278 -54.12338 77.67198 18.69309 -61.30338 73.5241 18.64427 -65.58351 74.71141 15.90803 -47.4034 80.55374 16.09355 -47.01267 77.03008 15.07875 -43.11253 77.77113 10.77541 -43.13628 82.12302 12.48551 -43.26859 86.24795 12.03154 -43.61847 90.43479 8.530607 -43.85067 91.51189 3.061559 -55.94952 91.97247 -3.927535 -43.84812 91.36218 -3.633725 -50.99409 90.32241 -10.29251 -43.84632 89.53307 -8.7115 -43.84613 85.07967 -10.14814 -50.72062 84.72058 -11.55696 -47.28383 80.14235 -10.66414 -43.84664 80.4235 -9.780065 -47.55877 78.45556 -7.077981 -43.95727 78.86939 -6.826683 -44.70197 79.80824 -0.0615223 -53.31157 79.9653 0.5523403 -50.43249 75.63083 9.405839 -45.82311 75.59921 9.391983 -42.51696 76.94982 5.861738 -48.88713 74.83456 13.18783 -51.15244 78.79177 -7.227859 -56.62228 82.32415 -3.636879 -56.90642 82.52874 3.964536 -57.65783 83.47486 7.846879 -58.1314 83.41089 0.002959966 -57.96917 84.56028 5.049676 -58.24955 84.61457 2.776122 -58.53873 87.47413 3.673901 -63.78109 86.2949 3.883058 -58.85061 90.63023 2.735675 -64.00749 82.99784 2.766416 -65.96875 84.97479 3.984036 -66.25032 78.27938 3.430525 -63.81903 81.81761 0.02452653 -65.07723 77.76306 0.1810725 -66.28677 78.12963 -3.436649 -68.6479 73.84928 0.2585817 -70.678 74.03639 -2.687545 -72.2651 73.63082 0.2728643 -70.649 74.17032 3.226505 -73.20334 74.94384 2.483191 -69.77417 79.80339 4.842947 -68.21811 87.21692 2.81087 -72.46103 80.91269 3.412019 -69.08415 88.02114 -0.009927928 -73.70968 81.36528 -0.01823431 -74.53826 76.93569 0.2322981 -72.49748 80.76294 -3.455155 -73.22509 74.84923 -1.946486 -69.82517 79.59839 -4.867971 -64.06783 82.94207 -2.921098 -66.0438 84.84044 -4.039405 -68.25495 87.12988 -3.048503 -63.88748 86.2231 -3.92947 -58.23173 84.47283 -2.981658 -58.56711 87.42581 -3.826102 -64.47354 89.30928 -2.961536 -58.86408 90.70728 -2.889345 -64.68553 90.48954 -0.01653069 -58.9588 91.96562 -0.09274721 -64.42104 89.36505 2.725975 -57.55145 86.60537 -4.083369 -58.9882 90.1287 -5.303345 -58.32475 87.15226 -4.349395 -57.55121 84.46454 -5.168896 -61.26237 81.42578 -5.224421 -63.15323 83.21517 -4.2333 -67.04441 78.49682 -3.780758 -67.55921 81.93408 -5.203491 -65.27758 85.37915 -5.531403 -65.98738 86.09742 -8.320877 -59.06523 90.67504 -8.053481 -58.50177 89.70574 -10.76401 -62.86121 82.87772 -12.03 -65.04885 85.15148 -11.21096 -57.72824 87.08834 -11.56009 -57.03345 84.40875 -10.75463 -50.79918 80.73628 -11.25154 -56.9018 83.33116 -7.941868 -61.0962 81.26844 -10.74777 -61.9406 74.69046 -10.42651 -60.65207 80.36271 -7.848983 -60.6838 76.13623 -7.473185 -65.04097 78.61212 -12.74095 -67.18186 81.77662 -11.37519 -67.63529 77.28444 -11.53075 -64.30029 73.51106 -9.895942 -62.82466 73.11296 -7.496861 -66.56668 73.5585 -7.87338 -64.62223 73.59002 -5.599205 -69.03502 76.72267 -8.281183 -68.13784 77.39514 -4.882529 -68.40178 81.91013 -8.297559 -62.37247 74.78533 -4.692321 0.8267902 149.5122 11.55927 0.006018698 143.9342 11.5045 -2.595387 150.0516 15.20738 -3.525518 144.7235 15.20729 -7.361169 150.302 17.08193 -7.861594 144.9661 16.87875 -11.99391 150.5602 16.58149 -12.48654 145.2087 16.51894 -16.86128 145.4903 14.01852 -12.08053 140.8649 15.2221 -16.36155 141.1152 13.07326 -11.51029 138.6617 14.12059 -14.96325 138.6698 12.34683 0.6007752 155.4888 11.028 -2.493263 155.9891 14.50426 -7.016839 156.2238 16.15227 -11.2199 156.4664 15.78468 -16.80614 150.8496 14.01853 -18.78242 149.7561 10.07303 -19.00923 145.2873 8.76051 -1.720783 142.1999 12.49653 -4.556994 141.2236 14.53532 -8.322735 141.0442 15.57402 -17.70413 153.2716 11.37001 -15.93058 156.7324 13.16705 -13.24298 159.2322 14.30012 -10.37574 160.3257 14.71445 0.1947135 157.4498 10.76233 -1.211548 158.903 12.16064 -3.539708 160.0595 13.54323 -6.961632 160.6066 14.52728 -18.51729 140.8107 7.401181 -17.38484 139.3263 9.93254 -8.229036 139.7005 14.94903 2.625494 139.4652 -16.45619 3.742748 143.5901 -13.54983 2.298293 142.2074 -23.78434 2.392614 148.1058 -24.6359 0.009994983 148.8639 -26.00331 0.01007378 152.9185 -23.28456 -2.373011 148.1063 -24.63635 -2.365096 151.9578 -22.33947 -3.726003 143.5907 -13.55054 -2.068747 153.114 -15.78476 -2.804219 147.0438 -9.566076 -1.29589 151.7468 -10.88625 0.007938206 148.2389 -4.917369 0.008862137 152.6139 -10.808 1.313485 151.7466 -10.886 2.087502 153.1137 -15.78436 2.820781 147.0433 -9.565541 -2.305748 110.7469 -25.23791 -3.205254 103.5282 -20.31612 -2.03981 106.614 -32.14413 -2.13384 102.3406 -32.94882 0.006883919 102.1373 -34.15956 -1.9078 98.94997 -30.41756 0.006248235 97.692 -31.36269 -1.791263 97.19996 -25.09723 0.005503416 95.55137 -25.40175 0.005030512 95.46543 -20.50331 1.802487 97.19966 -25.09689 1.020787 96.7466 -20.76884 2.200314 99.53556 -16.6281 0.00447303 96.87168 -13.40956 -2.617307 119.0438 -27.87856 -2.038475 120.9109 -33.68318 -3.80429 126.5126 -26.78492 -2.194034 127.1062 -35.52696 -2.350107 130.9344 -34.04259 0.009231328 127.1529 -36.96424 0.009448707 131.6685 -35.30017 2.368643 130.934 -34.04215 0.009272515 133.9889 -31.41737 2.118513 133.0981 -30.77655 0.008896708 135.0435 -26.54237 1.62597 134.0512 -26.19847 0.008197188 135.2154 -19.03456 2.727075 131.7855 -23.37805 0.007210731 114.4342 -26.83925 -1.133447 110.7546 -29.71436 0.007289588 111.4264 -30.30019 0.007194757 106.6061 -33.51893 2.05394 106.6137 -32.14374 2.14741 102.3403 -32.94842 1.920325 98.94966 -30.41719 3.21662 103.5277 -20.31551 -2.279832 142.2078 -23.78478 -2.608882 139.4656 -16.45668 -1.538244 137.9109 -21.23002 0.008611381 137.2389 -21.6205 1.555505 137.9106 -21.22973 0.009305655 141.942 -24.808 3.82071 126.512 -26.7842 2.212216 127.1059 -35.52653 2.055275 120.9106 -33.6828 0.008496999 120.7623 -34.83143 -1.023534 117.0046 -29.90966 -2.190312 99.53593 -16.62852 -1.010463 96.74678 -20.76903 0.009555816 154.1842 -16.72987 2.384904 151.9574 -22.33902 2.632693 119.0433 -27.87806 1.038966 117.0044 -29.90946 0.007800698 116.9107 -30.87831 1.147803 110.7544 -29.71414 2.319252 110.7465 -25.23747 -2.100237 133.0984 -30.77695 -2.710425 131.786 -23.37857 -1.608405 134.0515 -26.19878 2.506736 155.9887 14.50474 7.030036 156.2227 16.15361 2.607738 150.0511 15.20788 7.373206 150.3007 17.08333 3.536982 144.7229 15.20796 7.872781 144.9648 16.88025 4.568006 141.2229 14.53619 8.333517 141.0429 15.57561 8.239716 139.6991 14.9506 12.09135 140.8628 15.2244 11.52096 138.6598 14.12278 16.37282 141.1125 13.07637 14.97425 138.6673 12.34968 17.39641 139.3233 9.935848 -0.1802863 157.4498 10.7623 1.225952 158.9028 12.16087 -0.5867248 155.4889 11.02788 -0.8138349 149.5124 11.55911 1.732342 142.1997 12.49685 3.554042 160.0589 13.5439 6.975868 160.6055 14.5286 10.38988 160.3239 14.71643 11.23322 156.4645 15.78682 13.25702 159.2299 14.30264 15.94443 156.7297 13.17008 12.00609 150.5582 16.58378 12.49784 145.2066 16.52132 18.52959 140.8076 7.404704 16.8731 145.4875 14.02173 19.02202 145.2842 8.764125 18.79571 149.7529 10.0766 16.81886 150.8468 14.02173 17.71775 153.2686 11.37337 16.21475 123.2219 16.58868 19.0588 128.2277 17.82856 15.20769 131.8739 16.17453 17.60619 135.4646 18.764 11.177 138.1129 15.86494 13.47381 141.5948 19.54755 7.294413 145.6944 20.07378 8.934731 148.9035 26.11935 0.005167722 150.6635 26.34234 0.004675269 152.5061 33.13305 -8.924647 148.905 26.11765 -9.956403 150.5393 32.87482 -16.49531 143.8847 25.46911 -18.3943 144.9452 32.15575 -21.55053 136.3769 24.49973 -24.04333 136.569 31.07971 -23.33241 127.5196 23.36504 -26.0206 126.6968 29.81255 -21.55179 118.6707 22.22389 -24.04474 116.8176 28.53707 -16.49763 111.1621 21.25548 -18.3969 108.4404 27.46211 -8.92768 106.1395 20.61613 -9.959787 102.8449 26.74464 0.0018844 104.3805 20.38539 0.001013219 100.8841 26.48925 9.96209 102.8432 26.74653 10.30505 101.1102 33.55488 19.05546 106.9058 34.29873 18.39853 106.6607 41.2975 24.04756 115.036 42.38129 21.55476 115.229 48.95352 23.33663 124.0854 50.09596 19.0548 123.3751 55.62831 17.60219 130.5965 56.56185 12.44534 127.937 60.53248 13.46981 136.7344 57.34635 9.523772 132.269 61.08758 5.148977 135.1666 61.46642 4.929416 127.3688 63.17749 -1.28136e-4 129.3922 63.43321 -7.14174e-4 122.3687 63.45263 -4.929959 127.3697 63.17655 -6.969368 122.4884 62.54566 -12.44529 127.9391 60.53012 -13.46909 122.8329 59.87172 -19.05458 123.3782 55.62469 -12.44602 117.7178 59.22032 -17.60197 116.1481 54.69795 -13.46958 110.0111 53.9057 -16.50046 107.723 47.98876 -8.930507 102.7014 47.34165 -9.96125 101.0683 40.57654 -4.51019e-4 99.0988 40.32795 2.16786e-4 99.08129 33.289 9.960628 101.0666 40.57843 -4.930653 117.5914 61.91326 -9.524445 113.379 58.65653 -5.14965 110.4804 58.28543 -7.290188 105.9192 53.38043 -9.43416e-4 100.9414 47.11867 8.928871 102.6999 47.34335 16.49954 107.7203 47.9919 -10.30082 150.4948 39.90612 0.004008293 152.5246 40.16424 0.003212392 150.7295 46.96495 10.30855 150.4931 39.90808 9.964011 148.76 46.71636 19.05814 144.6969 39.15814 18.40111 143.1645 45.9989 24.89346 136.025 38.04702 24.04896 134.7883 44.91618 26.94742 125.8046 36.72966 26.02482 124.9159 43.6494 24.89201 115.5757 35.41872 12.96741 110.96 -22.16163 17.63157 114.4171 -20.08306 15.02279 118.3817 -22.93487 19.2491 119.3857 -19.36416 15.99197 125.2566 -21.41134 20.58521 124.1825 -16.98903 15.20305 130.4286 -18.35673 21.81174 128.1199 -13.23891 18.98396 134.6782 -11.0673 22.34272 130.2995 -8.441986 21.06149 135.6624 -3.918666 22.58447 131.2604 -2.996648 21.5219 135.5452 1.46419 22.59182 131.3932 2.018977 21.02138 135.264 6.70633 21.86468 130.5417 7.268908 9.965475 150.5376 32.87671 18.40258 144.9421 32.15924 24.05042 136.565 31.08428 26.02628 126.6925 29.8175 24.04903 116.8135 28.54164 18.39999 108.4373 27.46561 -5.147898 135.1675 61.46544 -9.523105 132.2706 61.08576 -13.46769 136.7366 57.34379 -17.60094 130.5994 56.5585 -23.33524 124.0892 50.09152 -21.55462 115.2326 48.94942 -24.0462 115.04 42.37672 -18.39835 106.6638 41.294 -19.05391 106.909 34.29511 -10.30432 101.1119 33.55292 16.50469 143.8819 25.47224 21.55884 136.3733 24.50383 23.33946 127.5157 23.36948 21.55759 118.6671 22.22799 16.50237 111.1593 21.25862 8.931696 106.138 20.61783 0.007603764 148.6217 -1.065807 0.008167624 155.1764 -1.261119 -0.4838572 155.5514 -2.643979 -1.053962 159.1608 -1.675283 -5.327033 159.8174 -4.949127 -5.584712 163.88 -2.800714 -12.41298 159.818 -4.9498 -11.49099 163.8804 -2.496587 -15.70221 163.9511 0.5108251 -12.78805 167.029 2.15954 -13.33529 167.1228 6.120425 -10.6633 168.4663 6.08943 -0.001109123 115.568 61.65753 -0.001283586 109.4651 58.15347 -0.00122714 104.4772 53.19632 5.147226 110.4795 58.28641 7.287937 105.918 53.38182 13.46792 110.0089 53.90826 0.008351922 159.5982 0.6685684 -2.155326 163.95 0.4261755 -3.561486 167.0282 2.16823 -5.967537 166.9815 0.05081284 -5.155275 168.4112 3.793078 -8.811386 168.3802 2.284918 -7.506993 169.1536 6.074104 -2.124956 148.2937 -4.00351 -5.335109 155.4503 -5.996003 -5.609 150.0362 -5.972591 -12.67885 155.4509 -5.996701 -12.80439 149.3415 -5.668588 -18.96888 149.6233 -0.9894863 -18.48488 145.506 -0.6300655 -21.04763 149.7875 5.76813 -20.34487 145.6624 5.940071 2.140669 148.2934 -4.003104 0.5005179 155.5513 -2.643885 5.352391 155.4494 -5.994986 5.344842 159.8165 -4.948112 12.69615 155.4487 -5.994288 12.43077 159.816 -4.947438 17.76632 159.9171 -0.657868 15.71966 163.9485 0.5138124 16.75817 163.6984 6.217036 13.35221 167.1206 6.122962 -17.59797 121.0085 16.89916 -9.676817 110.6497 15.48673 0.002655565 108.4568 15.84038 -24.88924 115.5799 35.41398 -26.9432 125.8091 36.72454 -26.02206 124.9202 43.64445 -24.0448 134.7923 44.9116 -21.55336 132.9378 51.23301 -16.49814 140.4466 52.19462 -7.287711 140.8275 57.87023 4.928722 117.5905 61.91419 9.522433 113.3774 58.65834 12.44462 117.7157 59.22268 17.60117 116.1452 54.7013 20.86692 155.7215 5.850239 18.96915 155.5576 -1.282754 18.98425 149.6201 -0.9858776 12.8206 149.3394 -5.666152 18.49949 145.5029 -0.626549 13.03121 145.7143 -5.408318 18.00688 142.1045 0.9124666 14.82794 142.3079 -6.837836 -21.79763 128.1235 -13.24306 -18.96917 134.6814 -11.07091 -22.32916 130.3032 -8.446232 -21.04789 135.666 -3.930484 -22.57178 131.2642 -3.000942 -21.51716 135.5488 1.467908 -22.58006 131.397 2.014682 -21.00987 135.2675 6.694519 -21.85407 130.5454 7.264752 -20.44063 128.6468 12.20238 0.008261799 163.3639 4.910757 2.367835 166.7855 5.825043 0.007755339 163.0982 10.0045 3.195605 166.7386 9.512623 4.750022 166.301 11.9737 5.172461 168.5119 7.973747 8.586394 168.5428 9.380322 7.524257 169.1523 6.075533 10.68045 168.4645 6.091458 -24.88779 136.0292 38.04229 -18.39576 143.1676 45.99541 -8.927474 145.4669 52.84318 -2.350915 166.7859 5.824594 -3.179395 166.7391 9.512018 -5.155663 168.5127 7.972766 -4.734353 166.3018 11.9728 -8.569859 168.5443 9.378691 -7.656262 166.4661 12.47252 -10.89067 166.2007 12.54253 1.071038 159.1607 -1.675081 2.172799 163.9496 0.4265869 3.57914 167.0276 2.168908 -20.15751 145.5374 7.283838 -20.88382 149.8969 8.432209 -20.5163 155.6234 9.924431 -20.85184 155.725 5.846272 -18.72702 159.5295 11.01835 -19.10932 160.0764 6.1355 -16.74184 163.7012 6.213851 21.55601 132.9342 51.23711 16.50186 140.4438 52.19776 8.931904 145.4654 52.84487 5.602788 163.879 -2.79965 11.50901 163.8785 -2.494401 10.08715 166.9802 0.005464375 12.8057 167.0269 2.161973 8.829242 168.3787 2.286596 -5.134945 103.5518 -20.26943 -9.08816 103.6181 -19.26529 -3.924718 99.37201 -16.449 -10.73761 98.9776 -12.65607 -8.738207 96.06337 -8.944943 0.003930628 94.82482 -9.495498 -7.371608 93.94261 -4.605574 0.002945005 92.942 -0.7767469 20.35826 145.659 5.943941 20.89744 149.8934 8.436181 21.06174 149.784 5.772133 20.53058 155.62 9.928334 18.74174 159.5264 11.02191 19.12507 160.0732 6.139135 6.968132 122.4873 62.54699 13.46841 122.8306 59.87428 -5.740494 142.8816 56.07604 -6.083999 144.2342 54.67569 -5.591649 145.2489 53.84788 0.002340674 147.2254 53.06785 -4.357351 144.9943 54.44645 -3.295061 143.9602 55.75218 -10.81223 143.107 -10.94965 -12.71872 134.8059 -15.69532 -4.819991 135.2158 -18.37096 -10.3122 131.5322 -21.34353 -5.116705 131.7393 -23.10536 -10.59358 126.087 -24.78106 -5.335583 126.4659 -26.37882 -5.203273 119.0049 -27.61318 17.60516 121.0055 16.90251 -15.18758 130.4311 -18.35962 -15.97678 125.2593 -21.41438 -10.08625 118.6807 -26.16382 -4.774517 110.7315 -25.05064 -17.74931 159.92 -0.6612448 -18.95274 155.5608 -1.28636 -14.81268 142.3104 -6.840654 -17.99313 142.1076 0.909044 -18.97817 139.9904 6.1277 -19.57299 133.7596 11.84309 5.218602 119.0041 -27.61219 5.351917 126.465 -26.3778 5.133295 131.7384 -23.10439 4.836259 135.215 -18.37004 2.851943 135.3011 -18.9171 -19.05123 144.7001 39.15451 -9.957866 148.7617 46.71447 9.773654 146.3318 -7.533628 8.937649 147.035 -6.205584 5.625375 150.0353 -5.971523 -20.57104 124.1859 -16.99294 -19.23528 119.3889 -19.36782 -15.00846 118.3842 -22.93773 -17.61844 114.42 -20.08641 -12.95446 110.9622 -22.16409 10.32842 131.5305 -21.34156 10.60955 126.0852 -24.77904 10.10125 118.679 -26.1619 4.787983 110.7307 -25.04973 9.68256 110.6481 15.48857 -13.01566 145.7165 -5.410796 7.290414 140.8263 57.87162 -8.921728 147.0365 -6.207281 -15.19856 131.8764 16.17163 -11.16675 138.1148 15.86281 -17.59694 135.4675 18.76066 -13.46369 141.597 19.545 -16.20713 123.2246 16.5856 -19.05058 128.2308 17.82494 -13.21338 103.7634 -16.82037 -15.35337 108.4433 -19.35964 3.934658 99.37137 -16.44825 5.146306 103.5509 -20.26845 -10.0691 166.9819 0.003548204 -9.493368 110.8056 -23.9372 9.506635 110.804 -23.9354 9.099343 103.6166 -19.26356 4.361399 144.9936 54.44728 3.298689 143.9597 55.7528 0.001454114 142.2683 58.05573 -2.951557 142.6076 57.15254 -15.42212 163.1777 12.01866 -12.41375 166.7555 9.261139 2.954693 142.6071 57.1531 3.642027 141.5468 57.96755 6.11892e-4 136.1829 61.59062 -3.639223 141.5474 57.96686 -4.678205 141.8476 57.38177 5.17285 168.4103 3.794059 5.985588 166.9806 0.05194932 5.595851 145.248 53.84894 6.087876 144.2332 54.67684 5.743882 142.8807 56.07714 4.68117 141.8468 57.38266 15.43725 163.1751 12.02159 12.43 166.7535 9.263502 -5.666517 141.2159 16.07428 0.005498468 143.3326 16.44982 -7.283711 145.6957 20.07238 0.005452275 147.1286 20.25693 10.90621 166.1989 12.5446 13.22412 103.7612 -16.81785 15.36538 108.4407 -19.35671 5.063024 143.5431 -13.22158 4.547312 146.9104 -9.346627 18.99058 139.9873 6.13131 19.58451 142.7607 6.709492 20.17062 145.5341 7.287673 -4.530813 146.9111 -9.34749 -5.04635 143.544 -13.22254 12.73441 134.8038 -15.6929 7.378393 93.94139 -4.604171 8.746169 96.06192 -8.943279 -9.757597 146.3334 -7.535486 19.57545 133.7485 11.84681 18.13065 138.3623 10.4906 15.65363 136.9016 14.04505 10.74677 98.97582 -12.65403 -19.57175 142.7639 6.705769 -18.95666 126.5842 14.64002 -2.835557 135.3016 -18.91764 20.44999 128.6434 12.20627 7.671863 166.4648 12.47398 5.677233 141.2149 16.07535 -18.11935 138.3654 10.48715 10.8284 143.1051 -10.94759 18.96521 126.581 14.64363 -15.64324 136.9042 14.04208 0.003625154 114.4703 10.90347 7.995691 114.7105 12.39289 13.24572 119.1634 15.90865 -7.988685 114.7118 12.39137 -13.23865 119.1656 15.90613 19.5845 145.3544 9.021993 20.36598 149.9012 10.64706 19.70995 154.6903 12.49075 18.62397 153.9092 12.24065 17.84295 158.5733 13.90464 16.6007 157.5344 13.70921 15.21805 161.1595 15.02939 14.01485 160.3158 15.05271 10.66334 161.402 15.45864 -10.64916 161.4038 15.45661 -14.00077 160.3182 15.05005 -16.58681 157.5371 13.70605 -18.61042 153.9123 12.23711 -18.78243 149.7561 10.1199 -20.35277 149.9046 10.64319 -19.57175 145.3577 9.01827 18.7957 149.7529 10.12348 0.007343411 160.6373 12.18419 0.6478671 159.6685 12.403 2.983805 161.9417 14.3876 3.585281 161.0511 14.51266 7.436889 162.7304 15.51302 7.225875 161.2226 14.99738 -15.20382 161.162 15.02649 -17.82894 158.5763 13.90124 -19.69631 154.6936 12.487 -2.96932 161.9422 14.38703 -0.6333829 159.6686 12.40288 -3.570969 161.0517 14.51198 -7.422486 162.7317 15.51161 -7.211625 161.2238 14.996 0.005659341 142.7389 14.23888 -11.8991 162.2164 15.55025 11.9134 162.2144 15.55251 -8.113224 120.9505 12.9848 0.004122078 121.7623 12.05589 -9.543356 114.7319 12.23467 0.003716766 114.2545 9.751204 0.002799451 107.1998 13.22776 9.550395 114.7303 12.23648 8.768288 108.0116 15.39266 13.206 112.9291 17.44003 11.50241 109.6402 19.50244 8.121155 120.9491 12.98635 -8.896555 106.7123 22.41462 -8.762965 108.013 15.39099 -5.21724 104.6886 24.58689 0.001381516 103.8288 25.18115 5.22026 104.6877 24.58788 -13.45771 116.1735 16.57024 -13.20024 112.9313 17.43752 -11.49759 109.6421 19.50025 13.46416 116.1712 16.5728 8.900322 106.7108 22.41631 16.24544 118.2531 18.08087 20.58955 121.5731 17.22972 21.91817 125.0886 15.12047 25.46446 117.0493 14.37081 26.58217 121.4163 12.50373 27.20675 115.346 11.73816 29.02009 120.0958 7.066464 28.73063 116.1115 7.714873 30.16876 116.916 1.761885 28.66797 112.6505 6.402368 28.88713 111.463 1.089887 25.38637 105.8539 4.128617 27.20765 108.5725 -3.68371 23.63687 104.0807 -2.660612 24.52825 105.8462 -9.058965 20.77767 101.4871 -6.801509 18.1379 104.0499 -13.56739 14.13689 98.63614 -7.716203 -7.348826 94.00511 2.347554 -11.45758 95.34484 -2.953011 -16.6763 97.93122 -1.016008 -14.12873 98.63848 -7.718891 -20.76921 101.4906 -6.805459 -18.12772 104.0529 -13.57083 -24.51864 105.8503 -9.06363 -21.69726 111.0688 -15.72742 -26.78368 111.663 -10.05603 -23.1498 117.9752 -15.77444 -27.30659 117.4521 -10.58733 -24.19642 123.4909 -13.58704 -28.14237 122.1162 -8.142098 -24.68078 126.4909 -11.14958 -28.11126 125.835 -3.392094 -25.11078 129.0691 -5.602746 -27.67417 126.7177 1.686073 -24.90826 130.0847 1.662898 -24.29942 129.4674 6.709831 -16.23893 118.2559 18.07778 -20.58233 121.5765 17.22581 -19.36411 116.4202 18.30405 -21.91108 113.5141 16.79599 -17.55208 110.5763 18.11672 -19.21613 108.1858 16.03844 -16.55226 107.0953 17.109 -15.99765 103.7593 14.98405 -10.19365 103.7202 22.16456 -9.982817 100.9467 20.79745 -5.561277 99.55578 23.1026 -4.350005 98.92279 19.03241 0.001082837 98.9616 24.06407 0.001557946 98.92242 19.03282 4.35312 98.92205 19.03323 6.705199 96.53519 11.53639 9.126719 99.28882 17.67431 11.68211 96.9523 8.236691 -4.263272 94.61423 6.910347 -13.34883 96.37625 4.46087 -11.67726 96.95424 8.234468 -16.72376 98.82186 5.819925 -16.27873 101.5718 11.12465 -20.66111 103.2172 8.116427 -20.17695 105.2249 12.0696 -25.43421 109.116 9.678474 -24.08283 111.4753 13.79579 -27.19951 115.3505 11.73299 -25.45743 117.0535 14.36597 -26.57408 121.4208 12.49867 -21.90996 125.0923 15.11631 -23.16725 127.6627 11.92869 -9.123284 99.29034 17.67257 -6.701051 96.5363 11.53511 0.002169132 94.78575 8.99669 4.267978 94.61351 6.91116 21.70899 111.0652 -15.7233 26.79445 111.6585 -10.05094 23.16271 117.9713 -15.77003 27.31842 117.4475 -10.58214 24.20983 123.4869 -13.58243 28.15451 122.1115 -8.136745 24.69422 126.4868 -11.14489 28.12312 125.8303 -3.386747 25.1236 129.0649 -5.597969 27.68521 126.7131 1.691337 24.91986 130.0805 1.667636 24.30996 129.4634 6.714452 20.61284 100.9012 0.7141006 20.66702 103.2137 8.120357 25.4408 109.1118 9.683311 20.18244 105.2216 12.07343 24.08904 111.4712 13.80037 19.22137 108.1826 16.04209 21.91704 113.5105 16.80016 17.55731 110.5733 18.12006 19.37027 116.4169 18.30773 -29.01117 120.1007 7.060946 -28.7225 116.1163 7.709411 -30.15937 116.9211 1.756149 -28.66017 112.6553 6.396916 -28.8785 111.4678 1.084395 -25.37926 105.8582 4.123791 -27.19861 108.5771 -3.688883 -23.62876 104.0846 -2.665106 16.72937 98.81907 5.823107 16.28378 101.5691 11.12775 16.00235 103.7566 14.9871 9.985935 100.9451 20.79935 10.19697 103.7185 22.1665 5.563723 99.55485 23.10365 5.555948 101.8518 24.7286 0.001108109 100.9616 25.5484 -5.553427 101.8527 24.72754 -27.03443 124.4599 9.022071 -29.53394 122.1632 1.889021 -29.8227 120.8976 -2.486006 -29.30713 117.2648 -5.009396 23.1765 127.6588 11.93309 27.0437 124.4554 9.027215 29.54418 122.1583 1.894637 29.83356 120.8926 -2.480334 7.354299 94.0039 2.348953 13.3543 96.37404 4.463411 16.68307 97.92845 -1.012835 29.19239 112.5958 -4.003834 29.31788 117.2599 -5.003821 0.001924097 96.34043 12.93419 -14.4425 112.3141 17.63269 -14.95837 109.7985 18.00767 -9.240418 105.3764 22.43805 -5.397088 103.2042 24.96972 0.001194059 102.1022 25.64213 5.399787 103.2033 24.97074 9.24396 105.3748 22.43981 14.9635 109.796 18.01052 16.55711 107.0925 17.11215 -20.60591 100.9047 0.7101818 11.46429 95.34295 -2.950832 -29.18262 112.6007 -4.009384 14.44812 112.3117 17.63544 10.20385 69.90248 -27.945 11.64106 66.30989 -23.9179 5.008718 67.90193 -31.91189 12.09435 73.03092 -24.67636 6.493225 74.91276 -32.07629 9.211518 64.68164 -27.01349 4.953832 63.68439 -29.64825 10.75064 64.04949 -28.27629 13.51608 66.26065 -24.22886 14.89876 69.32125 -20.83609 15.22695 64.34873 -23.55517 12.11777 62.04674 -27.79976 7.563254 60.77511 -31.4183 10.10982 61.35707 -25.60279 6.680497 62.87447 -31.76038 9.01487e-4 62.50178 -33.55736 0.0633344 59.93072 -33.15462 -0.06166547 59.93072 -33.15462 -7.561746 60.77537 -31.41913 -6.678878 62.8747 -31.76112 7.65084e-4 63.37491 -30.79998 -4.952418 63.68456 -29.64879 -5.006907 67.9021 -31.91244 -10.74936 64.04988 -28.27747 -9.210359 64.68196 -27.0145 -13.51517 66.2611 -24.23034 -11.64019 66.31031 -23.91918 -10.2024 69.90283 -27.94612 -6.49115 74.91299 -32.07701 -12.09315 73.03134 -24.67769 -12.09331 80.02336 -19.66695 -9.124145 80.03874 -27.15251 -13.75763 73.25849 -17.08897 -13.08566 69.39968 -20.07727 -14.89811 69.32175 -20.83773 -15.4451 73.23942 -17.67469 -16.74976 67.35482 -19.93576 -15.22618 64.34926 -23.55684 -12.11661 62.04716 -27.80109 -15.57802 66.81356 -17.5965 -10.10893 61.35742 -25.6039 -13.92164 63.79771 -21.05309 -10.16414 84.71207 -8.724759 -11.82809 86.62606 -10.24584 -6.617218 87.97801 -8.526202 -15.17187 81.67887 -11.13528 -13.90635 80.06126 -9.778651 -6.530644 60.1976 -28.90517 2.40316e-5 90.38443 -8.748127 7.2187e-4 59.54636 -31.23014 6.531855 60.19737 -28.90445 10.16399 84.71171 -8.72364 6.617157 87.97779 -8.525473 11.82816 86.62564 -10.24454 7.531352 90.20536 -10.20828 1.42843e-4 92.06671 -10.37412 2.55541e-4 91.42263 -12.62777 6.726765 89.63804 -12.21747 10.68764 86.44105 -12.21463 9.070449 84.97611 -12.5062 5.398611 87.43769 -12.38499 5.008265 88.5106 -17.1178 2.04083e-4 88.85802 -12.50663 -5.398264 87.43788 -12.38558 4.5905e-4 88.93119 -17.11928 -5.00736 88.51078 -17.11835 7.81817e-4 88.52458 -23.11703 -6.491402 86.34426 -23.87173 -10.20272 84.19144 -17.69224 -9.070178 84.97644 -12.5072 -11.54677 81.6798 -13.07051 -6.72636 89.63829 -12.21821 -10.68735 86.44142 -12.21581 -13.34364 82.16561 -12.98796 -13.03114 76.84217 -14.67474 -16.91404 77.20481 -12.90458 -14.85924 77.73442 -14.83212 -15.87508 75.29473 -11.64786 -16.27345 70.91873 -14.29262 -17.57802 72.00392 -16.06024 -7.531148 90.20562 -10.20911 -4.233324 83.94771 -29.4793 -1.741197 86.22262 -27.64764 0.001129031 82.96615 -31.19643 1.743178 86.22256 -27.64745 4.235426 83.94757 -29.47883 6.492973 86.34403 -23.87102 10.20353 84.19108 -17.69112 12.09419 80.02293 -19.66561 9.125857 80.03842 -27.15151 4.235491 81.03711 -31.57417 1.743347 78.56758 -33.14153 -1.741028 78.56764 -33.14172 0.001112639 73.5026 -33.90354 9.05327e-4 67.90201 -31.91216 -4.233259 81.03726 -31.57463 13.03136 76.84172 -14.67331 13.758 73.25801 -17.08745 11.54698 81.6794 -13.06924 13.34386 82.16513 -12.98649 15.17188 81.67835 -11.13361 16.91409 77.20423 -12.90272 14.85951 77.73391 -14.83049 15.44553 73.23888 -17.67299 17.57823 72.00331 -16.05831 16.75024 67.35424 -19.93391 15.57822 66.81301 -17.59478 13.92211 63.79722 -21.05156 16.27343 70.91816 -14.29083 15.87492 75.29418 -11.64611 13.90615 80.06079 -9.77712 13.08622 69.39921 -20.07583 19.21477 37.8297 -16.45104 16.17601 35.26691 -16.88097 17.83174 35.01518 -11.3067 21.25349 41.17367 -16.07589 17.05895 39.45392 -22.44318 14.22335 36.93788 -23.39638 20.89389 38.5311 -11.26734 24.23651 45.51817 -13.58383 18.90942 35.37466 -6.978474 25.19765 47.69779 -12.56015 22.59635 39.4922 -5.274994 23.56328 41.14946 1.548916 21.3064 37.93136 1.478521 26.39964 52.29941 -3.583557 19.68239 36.10911 -2.900275 12.46424 42.50953 -9.630069 10.77674 42.51486 -3.262884 11.92364 44.72758 1.954858 19.49428 46.15836 -14.2402 26.23552 51.8684 -7.083538 25.80486 46.61045 5.478871 27.09415 50.64179 1.322783 27.78125 53.01583 1.838425 27.14105 53.61746 -2.739751 24.04019 55.05506 -10.13846 25.58642 60.99898 -3.286688 27.23434 60.49096 1.932206 27.09319 52.46104 7.697725 26.48369 60.12363 8.619626 24.28109 68.31861 8.729012 24.95365 68.86563 1.916592 23.25103 69.55339 -2.958549 19.78286 70.3897 -8.396354 22.20437 75.73258 1.861932 17.39293 78.19268 -7.010365 20.7049 76.40475 -2.661639 20.62691 77.55323 -2.724061 17.30715 79.99893 -5.6931 21.86072 77.12325 1.815128 21.07106 77.98246 7.526007 22.93922 79.17952 6.237593 23.4507 79.46581 -3.301356 23.10507 78.27187 1.37073 26.86024 80.56787 4.840288 26.78392 80.81851 -3.94096 26.86886 79.96662 0.6136838 30.3084 80.09129 0.326093 38.80909 81.16722 -4.756906 30.31801 81.16031 -4.150773 30.29908 80.70184 4.404039 38.79935 80.05923 0.04809755 43.98154 78.85372 -6.769886 38.65704 80.67773 4.555678 44.7056 79.80093 -0.004255294 42.50778 76.94343 5.925414 43.08409 77.77294 10.83946 38.65641 83.194 6.781516 43.11504 82.12497 12.54135 38.65652 86.92851 7.27263 43.24837 86.24202 12.08709 43.60162 90.4363 8.586012 38.78238 89.70928 5.631252 43.85381 91.51284 3.117049 38.79153 90.42707 2.302924 43.86417 91.35466 -3.578215 43.87377 89.51725 -8.655809 38.80137 90.1599 -3.064184 30.31907 88.98032 -5.223333 30.30077 90.39649 2.088754 38.81015 89.33881 -5.759257 30.31041 90.23885 -2.739322 26.87072 88.92794 -4.924743 26.87033 90.31057 -2.416831 26.86942 90.37275 2.106609 26.86091 89.70848 5.247187 24.19344 90.41133 -2.358909 24.01199 90.50641 2.250369 19.68131 90.06847 6.784389 23.96375 89.66365 5.64122 19.66635 91.17804 2.901632 19.63585 91.10018 -2.114001 19.47985 89.35814 -4.754739 15.59675 92.07702 -1.888182 12.37803 92.97911 -1.59717 15.54151 92.2409 3.455567 15.74531 89.88961 -4.786681 18.96422 86.08484 -6.614359 16.22177 85.7334 -7.052403 13.63576 85.4116 -7.425004 12.69062 90.63262 -4.637247 10.76868 93.43035 -1.522737 10.74537 91.20188 -4.743857 6.71486 98.65592 -6.029448 7.870579 90.80067 -7.31529 9.112418 84.82589 -8.88487 12.36199 78.20684 -10.25916 0.003237009 84.29759 -11.40858 0.002974092 78.65026 -13.60448 -12.35676 78.2089 -10.26151 5.41006e-4 73.09366 -17.39854 7.868146 68.35987 -17.0073 -7.459061 64.2797 -22.4855 -7.866229 68.35836 -17.00881 -13.62296 71.50138 -12.23544 13.62704 71.49958 -12.23285 0.001787006 66.77256 -24.04738 0.002656877 62.99059 -29.32127 7.462814 64.28114 -22.48407 7.244942 61.13199 -28.47668 13.11938 59.76609 -21.28805 14.46994 64.12616 -15.18629 21.79805 62.59307 -9.701071 20.59564 56.3533 -14.73245 22.58065 50.28318 -15.1931 18.41686 52.82131 -20.60759 15.08184 50.03127 -27.40469 12.50312 56.22632 -27.3742 20.09734 45.40739 -21.48997 15.54334 45.23435 -28.31831 22.90147 45.36133 -15.56799 11.19168 51.7098 -33.88189 14.32504 41.72632 -29.52908 11.19244 45.49864 -35.59988 8.317688 43.967 -36.63122 7.090869 52.19906 -42.22942 11.26284 40.02276 -31.00571 5.138213 38.20947 -33.08424 11.67669 35.5704 -24.31064 5.630131 33.47602 -25.53769 12.25442 32.9384 -17.61569 13.00394 31.51473 -11.28372 6.004696 30.90653 -18.44438 0.005224466 32.86609 -25.90539 0.004747629 30.43721 -18.52309 6.199499 29.32658 -11.57344 0.004266202 28.89628 -11.98028 0.003677904 28.14628 -5.097477 6.167653 29.01406 -5.057822 0.002769351 29.12285 3.394711 6.268387 29.69376 2.895313 14.08935 31.46013 -5.682062 12.15897 31.28807 1.724003 6.805778 33.33644 11.67243 15.74489 33.06185 0.1305972 12.12635 33.64936 8.719816 16.60311 35.1341 5.399937 7.452394 38.7033 18.35204 13.3277 38.75046 15.09479 8.006476 44.92204 21.9459 14.17863 44.93014 19.05587 19.56961 45.20384 15.16576 18.16398 39.04757 11.47807 24.60924 46.04006 8.908439 22.38327 40.43843 5.189422 25.23347 52.13285 11.37723 20.14691 51.82022 17.90018 24.21758 59.858 13.51002 19.68579 59.8112 19.18928 18.05355 68.18591 18.85341 21.64775 68.13893 14.135 21.12557 76.27931 8.510273 18.36735 76.09373 13.68275 15.46854 76.02604 17.5368 13.06296 82.33489 16.07583 15.4617 82.27402 12.86118 18.64113 78.46384 12.17308 19.12564 82.36529 10.56506 16.77428 82.20172 11.8937 19.44629 87.40428 9.604533 15.88416 87.8578 10.40076 12.97026 88.79462 10.73406 11.91559 89.27658 10.9227 12.42397 92.00738 7.364079 12.34628 93.27919 3.85561 15.43163 91.09233 7.3227 11.12714 92.58821 7.405719 10.94787 93.636 3.871565 7.713727 99.3822 6.517531 8.456498 99.05413 0.1113474 3.963459 99.5309 9.462491 6.907392 89.74913 15.39997 5.078125 82.50473 21.07229 9.390819 82.415 18.9569 9.24029e-4 89.74964 17.69618 -6.905107 89.75028 15.39865 -5.078125 82.50558 21.07133 -3.958415 99.53157 9.461736 0.002423524 99.59371 10.55586 -1.08847e-4 82.62078 22.30949 6.18673 76.07252 23.51073 -6.18827 76.07355 23.50955 -9.22076e-4 76.07962 25.11677 -0.001926243 68.38215 27.30483 -7.62677 68.27333 25.59316 7.623229 68.27233 25.59461 11.43697 76.07627 21.02852 13.23284 68.24079 23.08733 8.474201 60.00686 26.11791 14.53695 59.92071 23.41535 -0.002519607 60.08535 27.78898 14.69339 51.84355 22.00122 8.419657 52.02315 25.0475 -0.002376258 52.11682 26.70294 -0.001553833 45.16387 24.09357 -8.009151 44.92137 21.94437 -8.424093 52.02304 25.04589 -8.478928 60.00767 26.1163 -14.69724 51.84336 21.99841 -14.18075 44.92895 19.05315 -20.14997 51.81996 17.89632 -14.54117 59.92209 23.41259 -19.68922 59.81307 19.18553 -18.05582 68.18827 18.84997 -13.23591 68.24252 23.08481 -15.46896 76.02864 17.53385 -11.43803 76.07817 21.02634 -9.390433 82.41658 18.95511 -11.91253 89.27857 10.92043 -13.06204 82.33706 16.07335 -18.36702 76.09679 13.67926 -15.46018 82.27661 12.85824 -16.77259 82.20452 11.89051 -12.96724 88.79679 10.7316 -18.64012 78.46695 12.16953 -21.06957 77.97793 7.521377 -21.12442 76.28269 8.505914 -19.12436 82.36791 10.56085 -22.9405 79.17491 6.212549 -23.33143 82.69867 7.727347 -19.45215 87.4067 9.60026 -19.67807 90.07115 6.780281 -23.68266 87.05808 7.765438 -15.88147 87.86029 10.39771 -15.42775 91.09477 7.319803 -12.41978 92.00946 7.361718 -11.12286 92.59008 7.403604 -12.34122 93.28125 3.853262 -12.37197 92.98118 -1.599524 -10.76257 93.43213 -1.524785 -10.94275 93.63784 3.869483 -15.53662 92.24343 3.452666 -15.59075 92.07965 -1.891099 -19.66959 91.18106 2.897623 -19.62978 91.10363 -2.118006 -24.00839 90.51017 2.241213 -24.17851 90.41555 -2.368211 -26.86497 90.36904 2.099263 -23.96288 89.66707 5.632017 -26.86566 89.71202 5.239728 -26.86621 86.99288 6.864067 -30.30687 86.95685 6.583235 -30.30608 89.71438 5.09833 -30.30487 90.4013 2.074761 -38.79708 89.71511 5.595089 -38.79372 90.17437 -3.100312 -30.30303 90.24412 -2.761146 -38.79575 90.43321 2.259013 -43.85066 91.5119 3.061558 -43.84811 91.36219 -3.633725 -43.84631 89.53308 -8.711501 -38.79275 89.34574 -5.795466 -43.84612 85.07968 -10.14814 -38.79242 87.07985 -7.130969 -43.84663 80.4235 -9.780065 -38.79285 83.44712 -6.770897 -38.7938 81.17405 -4.801712 -43.95726 78.8694 -6.826683 -38.79571 80.06559 0.003188312 -44.70196 79.80825 -0.06152302 -42.51696 76.94983 5.861738 -38.66458 80.68363 4.510932 -43.11252 77.77114 10.77541 -38.66523 83.19187 6.737014 -43.13628 82.12303 12.48551 -43.26858 86.24796 12.03154 -38.66512 86.92636 7.228487 -43.61846 90.4348 8.530606 -30.30696 83.3005 6.052686 -26.86644 83.10235 6.456869 -26.86631 80.57151 4.823441 -30.30653 80.70643 4.38131 -30.30501 80.09627 0.2954901 -30.30321 81.17353 -4.181279 -26.8655 79.97097 0.5967335 -26.77075 80.82363 -3.957727 -23.10278 78.27556 1.353284 -23.82635 82.2352 -5.647753 -23.43683 79.47 -3.318948 -26.86395 83.30062 -5.722768 -30.30236 83.50132 -5.939539 -30.3018 87.04026 -6.651156 -26.86366 88.94107 -4.940145 -30.30218 88.98583 -5.24528 -26.86349 87.00395 -6.542179 -24.22415 86.6804 -6.383135 -18.95765 86.08856 -6.626409 -24.34176 89.03228 -4.774257 -19.46547 89.36179 -4.758846 -15.73906 89.89232 -4.789668 -16.21573 85.73623 -7.055563 -13.62986 85.41387 -7.427596 -12.68438 90.63475 -4.639659 -10.73901 91.20368 -4.7459 -6.707013 98.65705 -6.030725 -7.863796 90.80198 -7.316786 -9.106334 84.82741 -8.886604 -17.38832 78.19558 -7.013672 -20.70135 76.40824 -2.665908 -17.30223 80.00202 -5.704596 -19.77964 70.39228 -8.400121 -23.24897 69.55641 -2.962976 -25.58546 61.00142 -3.291563 -27.23442 60.49355 1.927016 -24.9526 68.86889 1.911841 -22.20188 75.73625 1.849521 -21.85803 77.12684 1.810283 -20.62309 77.55677 -2.736415 -24.28141 68.32177 8.72439 -26.48508 60.12616 8.61458 -21.64913 68.14176 14.13088 -24.21993 59.8603 13.50541 -25.23529 52.13254 11.37241 -27.09431 52.46072 7.692548 -27.78125 53.01549 1.833116 -25.80452 46.60828 5.473931 -24.60951 46.03798 8.903728 -22.38236 40.43655 5.185136 -18.16415 39.04604 11.47459 -19.57101 45.2022 15.16201 -23.56173 41.14747 1.544406 -22.59115 39.48786 -5.279329 -21.30298 37.92802 1.474436 -16.60001 35.1315 5.396752 -15.73949 33.05883 0.1275767 -19.67699 36.10533 -2.904051 -14.08253 31.45743 -5.684765 -18.90309 35.37103 -6.982102 -20.88736 38.52709 -11.27135 -17.82452 35.01176 -11.31012 -12.99606 31.51222 -11.28622 -19.2071 37.82602 -16.45472 -16.16775 35.2638 -16.88409 -14.21415 36.93514 -23.39912 -12.24557 32.93605 -17.61804 -11.66706 35.56816 -24.31287 -5.995304 30.90538 -18.44553 -5.619869 33.47494 -25.53877 -5.127412 38.20853 -33.08533 0.005516529 37.88077 -33.96752 0.005536794 42.32532 -38.63181 5.755229 47.63786 -40.74127 -4.760198 42.85618 -38.02296 0.00541687 46.71528 -41.78076 4.771052 42.8571 -38.02204 -5.744771 47.63675 -40.74238 -7.081006 52.19769 -42.23078 -8.307313 43.96539 -36.63281 -2.908964 52.49951 -44.28055 0.005198478 52.08698 -44.90839 2.919161 52.50006 -44.27999 0.004814028 57.92962 -46.75758 0.004462718 62.17109 -47.34613 3.567272 56.86543 -45.25168 -3.557728 56.86473 -45.25236 -1.722313 62.74922 -45.70966 -5.503312 56.71192 -42.26391 -5.784951 58.83833 -40.35258 -11.18332 51.70764 -33.88404 -6.613697 59.044 -34.05638 -12.49688 56.22393 -27.3766 -15.07441 50.02836 -27.40758 -15.53479 45.23137 -28.32129 -11.18256 45.49649 -35.60203 -11.25278 40.02059 -31.00786 -14.3156 41.72357 -29.53182 -17.05043 39.45066 -22.44644 -20.09016 45.40353 -21.49383 -21.24652 41.16958 -16.07997 -22.89541 45.35692 -15.57238 -22.57561 50.27883 -15.19743 -25.19262 47.70064 -12.56502 -24.23086 45.52088 -13.58852 -27.60737 50.59101 -7.362616 -27.2313 46.76282 -11.65934 -26.23323 51.86619 -7.08856 -26.78723 51.2005 -7.370073 -26.39721 52.29433 -3.58105 -27.36598 51.50519 -3.003306 -28.75 49.68175 -1.984869 -26.03975 50.29637 1.297433 -27.76631 48.79555 2.053619 -24.87608 48.1766 4.420827 -23.29768 50.17887 1.96192 -22.25914 46.67509 6.451284 -18.55439 46.71715 5.435822 -13.62587 41.90248 6.44882 -18.26685 41.89263 8.291674 -11.92082 44.72554 1.952573 -10.61731 42.32817 2.371638 -10.7725 42.51271 -3.26886 -11.88675 37.26428 -9.796932 -9.809773 37.23342 -3.796531 -12.45878 42.51804 -9.636369 -15.59079 42.02115 -13.58271 -19.48863 46.16976 -14.24401 -19.52749 44.50569 -14.5096 -19.99681 41.92014 -14.71646 -19.90924 37.63053 -14.92348 -25.23923 42.80177 -13.92764 -25.80009 38.0675 -13.97931 -29.04452 43.73662 -11.28693 -29.03686 48.83306 -7.487811 -30.77988 44.61521 -6.57557 -29.63655 38.27814 -11.37068 -31.12973 38.34067 -6.253783 -29.54249 34.70003 -11.18305 -31.06692 34.70006 -6.027093 -29.175 31.11415 -10.98755 -25.78418 34.70032 -13.80733 -25.51044 31.11441 -13.59622 -19.84651 34.70867 -14.65775 -15.82288 31.11533 -13.85999 -15.50294 34.70912 -13.73504 -19.93993 31.11492 -14.57953 -20.20463 19.38849 -13.54011 -24.24394 19.38813 -12.2987 -26.93187 19.38792 -10.02578 -28.17478 19.38787 -6.252582 -27.94132 19.38017 -1.471286 -30.75407 31.10634 -6.03473 -30.60671 31.10653 -0.4409519 -27.90492 31.0992 6.497066 -27.97569 34.68515 7.09069 -30.82583 34.69245 -0.2926709 -26.09039 19.38041 1.771256 -22.91119 19.38076 4.310929 -23.49917 31.09189 9.13854 -23.48402 34.68566 9.80249 -18.31952 31.0924 9.334846 -18.31215 34.68616 9.858169 -18.28898 38.31895 9.436183 -13.21045 38.24126 7.327785 -13.03044 34.68658 7.452932 -13.28004 31.10062 7.132687 -15.83275 19.38141 2.726351 -10.32615 31.10078 3.172317 -13.57425 19.38156 -0.9060282 -9.920319 34.68677 3.570717 -9.88153 37.92895 3.390933 -9.590752 34.69437 -3.944846 -10.05127 31.10838 -4.335443 -12.1283 31.11581 -10.08584 -14.36175 19.38914 -9.015557 -13.36223 19.38147 -6.499738 -17.13447 19.3888 -12.74265 -11.86303 34.70177 -10.01559 -15.51886 37.7638 -13.69608 -18.91128 19.38116 4.811697 -23.40621 38.53723 9.513319 -23.18105 42.5637 8.697561 -27.7432 44.05767 6.104224 -26.44642 47.18371 5.044671 -30.50761 44.97732 -0.6611403 -27.96823 38.5914 6.996817 -30.88871 38.4737 -0.2381154 -24.03794 55.05477 -10.14306 -27.1402 53.61713 -2.744938 -27.09335 50.63951 1.317596 -20.59186 56.34935 -14.7364 -21.7957 62.59516 -9.705224 -14.46756 64.12337 -15.18906 -13.11499 59.76358 -21.29057 -18.41127 52.81778 -20.61113 -7.239433 61.13059 -28.47806 0.003818571 60.67195 -39.12686 0.003341674 61.0602 -34.52474 6.620677 59.04528 -34.05511 5.793174 58.83945 -40.35147 0.0040313 61.58957 -42.26474 5.512313 56.71298 -42.26286 1.730813 62.74954 -45.70933 0.004212737 63.58943 -46.16149 -6.191127 29.32538 -11.57463 -6.160472 29.01288 -5.059005 -12.15353 31.28574 1.721671 -6.262862 29.69256 2.89411 9.45243e-4 33.2734 13.24209 -6.803596 33.33537 11.67113 -12.12365 33.64747 8.717491 -8.80821e-4 38.75766 19.88257 -7.453856 38.70268 18.35061 -13.32855 38.74934 15.09224 0.004123389 98.61746 -8.170714 0.003507137 90.06724 -9.181509 -8.449752 99.05554 0.1097394 -7.708147 99.38349 6.516065 -26.86406 90.32327 -2.424185 23.32174 82.70336 7.744539 23.68147 87.06272 7.774672 26.86011 83.10682 6.47328 26.86035 86.9896 6.879806 30.29094 86.96029 6.605365 30.29084 83.30388 6.075164 30.29174 89.70986 5.120199 23.83464 82.22292 -5.637941 24.23373 86.66797 -6.373442 24.3505 89.01999 -4.772511 26.8787 86.99057 -6.526441 30.31945 87.02679 -6.629022 26.87823 83.29519 -5.706391 30.31888 83.48794 -5.917068 38.81047 87.065 -7.086728 38.81003 83.4401 -6.726309 43.88124 80.40756 -9.715685 43.88176 85.06371 -10.08421 26.79059 51.20574 -7.372581 27.36845 51.51042 -3.005525 27.61084 50.59648 -7.357059 27.23633 46.76061 -11.65403 29.0407 48.83881 -7.48987 28.75263 49.68956 -1.987821 30.51089 44.98775 -0.6556392 27.76833 48.81014 2.052001 26.04162 50.30932 1.292896 24.87776 48.19472 4.419721 23.29944 50.19244 1.957059 22.26072 46.69622 6.452263 18.55616 46.72814 5.431656 18.26899 41.91618 8.300139 13.62836 41.92196 6.456381 10.62051 42.34003 2.377894 9.885381 37.93824 3.408006 13.21347 38.25876 7.345516 13.03412 34.69631 7.470384 18.31538 34.69678 9.876634 18.29159 38.34512 9.454894 23.40876 38.56436 9.533025 23.18298 42.58888 8.705808 23.48725 34.69726 9.821948 27.97126 38.61174 7.017401 27.90947 31.10406 6.524993 23.50322 31.10359 9.165617 27.97945 34.69776 7.111009 30.6126 31.11225 -0.4125065 30.831 34.6982 -0.2639917 31.0732 34.69836 -6.006167 30.89315 38.47943 -0.2247902 31.13534 38.339 -6.240419 30.78435 44.61549 -6.569383 29.64316 38.2687 -11.34979 29.54975 34.69834 -11.16241 25.80725 38.05747 -13.96699 29.18292 31.11231 -10.95938 25.79195 34.69805 -13.78741 25.51885 31.112 -13.56875 19.85445 34.6975 -14.63898 15.83134 31.11108 -13.83438 15.51069 34.69707 -13.7171 19.91667 37.61944 -14.9045 19.94853 31.11149 -14.55313 20.21528 19.39297 -13.51414 24.25434 19.39331 -12.27196 26.94184 19.39347 -9.998518 28.18403 19.39344 -6.225081 27.94965 19.38541 -1.443832 30.76103 31.11237 -6.006256 26.09809 19.3851 1.798356 22.9184 19.3847 4.337418 18.9184 19.38429 4.837418 18.32353 31.10309 9.360931 15.84028 19.38408 2.759293 13.28447 31.10264 7.157805 13.58247 19.38401 -0.8813318 10.33134 31.11025 3.196868 9.924755 34.6961 3.595384 10.0579 31.11035 -4.310944 9.59663 34.69623 -3.920241 12.13603 31.11066 -10.06094 11.87006 34.69662 -9.990542 9.815137 37.23533 -3.779515 11.89325 37.25914 -9.779517 15.52602 37.75179 -13.67793 15.5971 42.00642 -13.57495 19.53351 44.49431 -14.50586 20.00337 41.90431 -14.70767 25.24548 42.78831 -13.91937 29.05007 43.72846 -11.27956 14.37153 19.39223 -8.990707 13.37153 19.38422 -6.475081 17.14497 19.39265 -12.71727 27.74534 44.07926 6.110772 26.44817 47.20322 5.045576 0.5043252 128.8126 16.08805 -0.4956748 128.8127 16.08795 0.5042424 127.8203 16.09218 -0.4957576 127.8204 16.0921 -32.2919 17.16874 -5.487703 -28.75263 13.78359 -11.04935 -28.81415 17.16895 -11.68235 -30.54249 13.71339 -6.86003 -31.43388 17.16114 1.528086 -34.27808 19.25465 2.84 -35.37012 19.26218 -6.074273 -31.16857 13.6502 -1.204721 -30.45108 13.72437 5.307248 -32.52711 9.676023 -3.557681 -32.30229 9.497706 5.589275 -30.45955 13.65389 8.790068 -31.62472 14.27353 14.23657 -33.71076 9.4947 17.17757 -34.74942 5.170733 17.22477 -33.09093 5.22386 5.52174 -33.66733 5.209862 -3.462481 -33.13585 2.341061 -3.209617 -31.05593 2.340115 -12.57111 -31.59519 5.18492 -12.94079 -30.54104 9.636196 -12.40125 -26.64966 9.657119 -16.31719 -27.07869 5.260191 -17.57679 -26.89101 2.336538 -17.03633 -20.68759 2.339604 -18.57232 -31.0557 -0.01270431 -12.57116 -26.89079 -0.008942246 -17.03371 -20.68737 -0.005872666 -18.5697 -14.47672 -0.007752954 -17.03133 -10.31352 -0.01071858 -12.56718 -14.47695 2.337728 -17.03395 -9.774882 5.187013 -12.9366 -10.31374 2.342102 -12.56713 -14.28962 5.261416 -17.57434 -20.68837 9.688293 -18.15892 -14.71997 9.658265 -16.3149 -20.6878 5.499548 -19.07663 -15.53335 13.80373 -13.8168 -12.61982 13.78514 -11.04626 -10.8301 9.638085 -12.39747 -10.83155 13.71528 -6.856248 -8.847405 9.683663 -3.659264 -7.706367 5.210379 -3.566298 -8.286238 5.226236 5.526499 -8.23739 2.34415 -3.32098 -8.754726 2.342713 5.59094 -8.754501 -0.002765893 5.593562 -7.09288 2.340676 17.15512 -6.413478 5.173448 17.23021 -8.237162 -0.003326296 -3.335713 -33.13563 -0.003096401 -3.164945 -32.62169 -0.005053997 5.588983 -7.092656 -0.004802644 17.15775 -34.10047 -0.007391333 17.15256 -32.62191 2.340427 5.586362 -34.10069 2.338089 17.14994 -32.03149 -0.01198798 24.10997 -32.03171 2.340833 24.11002 -32.91483 5.220822 24.26024 -28.42384 9.629315 28.2766 -31.96994 9.475333 24.31245 -28.54068 5.48025 28.52894 -27.84493 2.340765 27.83529 -20.6966 -0.00723344 29.58404 -27.84471 -0.004715204 27.83791 -20.69683 2.342916 29.59143 -20.6973 5.835555 30.29734 -12.84536 5.481754 28.53196 -13.54024 2.342135 27.83803 -13.54002 -0.003344535 27.84066 -9.359842 2.343005 24.11437 -8.46952 5.223164 24.26493 -12.9629 9.630797 28.27956 -9.41525 9.477495 24.31678 -13.61892 14.53506 24.62722 -7.492009 9.497212 17.1826 -10.39122 14.14064 18.90553 -9.757528 14.27562 14.24076 -14.80559 16.90213 19.12846 -20.69641 18.09153 19.53551 -13.71055 16.98441 12.32453 -20.69726 16.54076 24.7326 -26.57903 16.901 19.1262 -27.76736 14.5337 24.62451 -20.69765 13.46731 28.31129 -20.69762 9.547391 30.12694 -30.99279 14.13867 18.90157 -27.67148 16.98307 12.32185 -26.90485 15.18432 7.967563 -20.69404 15.93373 8.241311 -20.69519 18.233 13.09383 -14.47516 15.18551 7.969946 -19.2945 17.16243 8.006979 -12.55954 17.16302 4.977023 -26.55987 17.16171 6.693085 -28.08403 19.25537 9.411502 -18.91247 19.25628 11.08514 -10.42736 19.25702 7.243016 -18.9128 22.63128 11.08507 -10.42768 22.63202 7.242951 -6.003973 19.25729 -0.6233226 -7.096012 19.26482 -9.545409 -9.939813 17.17083 -8.233414 -6.004299 22.6401 -0.6155754 -9.073973 17.16323 -1.209809 -10.20763 13.65221 -1.2007 -10.92764 13.72624 5.310993 -9.075723 9.499932 5.59373 -10.92049 13.65576 8.793816 -11.81039 24.49904 5.773899 -7.996591 24.49928 -0.9988062 -7.096336 22.63982 -9.537661 -13.29039 22.64692 -16.10916 -8.940429 24.50685 -8.686489 -13.29007 19.27192 -16.1091 -22.45381 19.27101 -17.78273 -14.81382 17.17026 -13.39841 -20.68935 13.95917 -15.18271 -22.0792 17.17735 -14.71231 -25.83804 13.80274 -13.81877 -22.45413 22.64601 -17.7828 -30.94673 19.27027 -13.94061 -30.94706 22.64527 -13.94068 -35.37044 22.63718 -6.074338 -33.37069 24.50457 -5.691177 -29.56471 24.5048 -12.4717 -20.6834 21.93552 -3.344942 -22.21251 24.51326 -15.78278 -14.28309 24.50623 -14.34376 -32.43466 24.49699 1.98869 -27.09201 24.49761 7.653778 -19.16259 24.4984 9.092803 -28.08435 22.63037 9.411437 -34.2784 22.63746 2.839935 -9.359616 -0.009815692 24.11432 22.09049 17.18226 -14.68611 20.70135 13.97429 -15.16045 28.82487 17.18278 -11.65486 22.46529 19.27617 -17.75634 14.82486 17.18151 -13.37361 15.54512 13.81506 -13.7882 13.30123 19.27523 -16.08446 7.105916 19.26655 -9.514148 9.949869 17.17302 -8.209547 12.63105 13.79832 -11.02557 10.842 13.72037 -6.838577 14.73301 9.682366 -16.29887 10.84239 9.65105 -12.37752 7.717816 5.209891 -3.560055 8.858015 9.68073 -3.645033 9.78813 5.202501 -12.92462 14.30375 5.285556 -17.55881 14.49153 2.354512 -17.02134 10.32746 2.35032 -12.55799 8.249341 2.343741 -3.31491 10.32769 0.007511556 -12.56294 8.249567 -0.003734529 -3.329868 8.764968 2.338878 5.60445 8.765192 -0.01127094 5.596831 32.63238 -0.008984684 5.596832 33.148 0.001251876 -3.154323 33.14778 2.345412 -3.198771 32.63215 2.341164 5.604448 31.06988 0.009496867 -12.56294 26.90581 0.01289397 -17.02629 14.49175 0.01170319 -17.02629 26.90559 2.355701 -17.02134 31.06965 2.352307 -12.55799 33.67875 5.211666 -3.443916 31.60844 5.204592 -12.92462 26.6627 9.683508 -16.29887 30.55333 9.65294 -12.37752 27.09281 5.286782 -17.55881 32.5377 9.684958 -3.536236 32.31115 9.495709 5.615329 31.17794 13.65597 -1.175814 30.55294 13.72226 -6.838577 28.76387 13.79986 -11.02557 32.30143 17.17506 -5.459546 31.44205 17.16688 1.556079 34.2856 19.26085 2.868663 35.37935 19.26912 -6.045399 30.95748 19.27683 -13.91259 30.95715 22.65183 -13.91245 35.37903 22.64412 -6.03745 34.28528 22.63585 2.876611 33.37885 24.5111 -5.662374 32.44135 24.50289 2.025125 20.6916 21.93948 -3.318728 27.0976 24.49434 7.681374 28.08997 22.63499 9.439111 19.16791 24.49352 9.118873 11.81635 24.49295 5.806374 10.43372 22.63338 7.267237 18.91809 22.62623 11.11099 10.43404 19.25057 7.2671 18.91842 19.25123 11.11085 28.09029 19.25218 9.438976 19.30143 17.15764 8.032641 12.56705 17.16493 5.001391 26.56705 17.1662 6.720141 26.91217 15.17104 7.997794 20.70116 15.92924 8.265751 14.48249 15.16985 7.997794 9.082681 17.16485 -1.186109 13.71669 16.96819 12.3524 10.92794 13.64201 8.813492 10.93575 13.72017 5.333351 10.21701 13.65396 -1.175814 9.084594 9.493483 5.615329 7.498656 9.482009 17.20122 8.295942 5.222314 5.540194 6.420948 5.150693 17.24553 7.100905 2.320731 17.16297 8.475631 5.192788 24.27798 9.366532 2.315487 24.11997 9.366756 -0.02999341 24.12237 7.10113 -0.02474993 17.16536 34.10894 -0.02216172 17.16536 32.03863 -0.02782064 24.12237 27.85113 -0.03639054 27.84416 34.10871 2.323318 17.16297 32.03841 2.317659 24.11997 27.85091 2.31643 27.84444 32.92094 5.19513 24.27798 34.75688 5.153408 17.24553 31.97522 9.449454 24.33042 28.42833 9.602376 28.2939 28.54592 5.453311 28.54587 20.70178 9.518797 30.14275 20.70213 5.806944 30.3128 20.70247 2.309705 29.59654 12.8506 5.451807 28.54587 13.54622 2.31506 27.84444 20.70269 -0.03577637 29.59893 13.54644 -0.03776073 27.84416 12.96739 9.600895 28.2939 13.62317 14.51298 24.64482 20.7014 13.43622 28.33482 9.420537 9.447293 24.33042 10.39665 14.11582 18.92981 9.763825 14.26114 14.26027 14.81045 16.88547 19.15653 20.70096 18.07597 19.56483 20.70111 16.51735 24.7591 26.58388 16.8866 19.15653 27.77161 14.51434 24.64482 30.99821 14.11778 18.92981 33.71741 9.48452 17.20122 31.63101 14.26322 14.26027 30.46701 13.64389 8.813492 27.67763 16.96953 12.3524 20.70094 18.21805 13.12316 30.45919 13.72204 5.333351 33.10063 5.224692 5.540194 6.012167 19.25828 -0.5922743 6.011844 22.63328 -0.5921383 7.105593 22.64155 -9.514013 8.003853 24.50067 -0.9670631 8.949166 24.50888 -8.662375 14.29291 24.51744 -14.31862 13.3009 22.65023 -16.08432 22.46496 22.65898 -17.7562 29.57416 24.51883 -12.44362 22.2226 24.51825 -15.75612 25.8498 13.81604 -13.7882 20.70176 9.703701 -18.13707 20.70216 5.517716 -19.06252 20.70246 2.357725 -18.55852 20.70269 0.01224678 -18.55612 55.90043 92.38706 3.918282 58.9644 91.95599 -0.02573317 43.6016 90.4363 8.586014 51.53039 91.12387 11.09666 58.36767 91.86451 7.739691 58.04628 90.77153 10.3102 55.96587 91.96295 -3.870633 43.85379 91.51284 3.11705 58.84602 90.62088 2.802731 57.49373 86.76972 3.865822 58.48577 90.58249 5.083855 66.37512 89.66088 8.227766 58.30613 87.37915 4.256582 64.64193 86.06614 4.345323 65.96997 88.80847 5.212229 71.78208 83.26886 4.981673 72.81987 83.54319 8.364806 73.56954 79.26968 8.319447 71.47483 82.83329 11.57543 65.73339 88.42729 10.84506 68.82585 81.6776 12.76225 72.00614 77.66883 10.35056 69.58398 76.6848 10.86554 71.36631 76.12131 7.936697 67.51477 76.20755 7.84926 69.8518 77.06596 5.185843 72.2031 77.94883 6.084928 69.19611 81.26117 4.668761 62.78194 83.34004 5.384458 65.86798 80.78485 4.573874 62.437 82.40339 8.26741 64.24162 80.00473 7.95629 65.5529 80.34147 11.17544 62.47518 83.68538 10.84518 64.29519 85.56059 12.06409 57.52229 84.74819 10.47579 57.6784 87.63909 11.45158 53.63125 87.53806 12.15319 55.08434 84.27214 11.5375 56.92736 79.36596 12.36774 53.74119 77.08384 8.414052 53.23978 83.87444 13.56034 56.99673 80.81208 15.18766 62.95653 76.86688 17.30045 62.87974 78.53005 14.14369 55.63623 80.14112 17.96858 47.37134 80.54753 16.12936 49.08287 83.96121 15.2931 61.26039 73.51587 18.72264 54.08103 77.66491 18.74995 59.81539 71.10936 17.40247 53.08121 74.86002 17.7035 46.97299 77.02384 15.1146 58.9416 70.11627 13.98836 53.2775 73.35135 14.8212 58.79442 70.86537 10.86308 54.47396 73.91294 11.9543 48.85634 74.82782 13.23314 45.80318 75.59262 9.427067 50.41255 75.6313 9.46007 43.08406 77.77293 10.83946 42.50775 76.94343 5.925415 43.11502 82.12497 12.54135 43.24835 86.24202 12.08709 44.70558 79.80092 -0.004254162 47.57535 78.44709 -7.04183 53.31473 79.95664 0.6083707 43.98152 78.85372 -6.769885 43.88121 80.40756 -9.715684 43.88174 85.06371 -10.08421 47.31123 80.13358 -10.62835 50.83493 80.72689 -11.2053 51.17699 78.78269 -7.17336 50.75726 84.71118 -11.51116 51.02287 90.31307 -10.24705 58.53861 89.69513 -10.69712 57.76526 87.07778 -11.49354 57.06161 84.39839 -10.69616 56.92763 83.32109 -7.875591 61.13165 81.25743 -10.67026 62.8979 82.86628 -11.9513 65.07752 78.60028 -12.65236 67.21788 81.76457 -11.28527 65.08528 85.13979 -11.1308 66.01393 86.08586 -8.232285 68.42765 81.89817 -8.206719 68.15252 77.38355 -4.783649 69.06002 76.7106 -8.189359 67.58271 81.92256 -5.113297 65.29406 85.36797 -5.443291 63.16838 83.20446 -4.154418 67.05844 78.48551 -3.690634 61.27799 81.41526 -5.146814 64.63687 73.57894 -5.510462 62.38661 74.77469 -4.613229 62.84849 73.10198 -7.417259 60.70811 76.1256 -7.395512 60.66954 80.35205 -7.771742 61.96693 74.67932 -10.34774 64.32601 73.49961 -9.807435 67.6707 77.2723 -11.44005 66.59086 73.54686 -7.783143 57.56729 84.45464 -5.110047 56.63683 82.31453 -3.570724 58.34063 87.14231 -4.2824 57.56705 86.59558 -4.016913 59.01312 90.11855 -5.228312 59.09234 90.66461 -7.986251 58.87162 90.69738 -2.822282 58.58264 87.41587 -3.758948 63.90289 86.21228 -3.842504 64.48873 89.29846 -2.874418 58.23832 84.46302 -2.91448 58.13553 83.40139 0.07016152 64.08193 82.93132 -2.84149 69.8402 79.58654 -4.775825 66.05908 84.82926 -3.958468 66.30048 78.11849 -3.347069 63.82289 81.80718 0.1118594 65.0803 77.75244 0.2697575 64.00945 82.98764 2.845967 58.24394 84.6053 2.843294 58.5329 87.46492 3.74102 56.90738 82.51982 4.030883 57.96182 84.5513 5.116641 57.64035 83.4662 7.913705 63.77491 86.29267 3.962113 65.96227 84.9644 4.072707 64.41623 89.35478 2.805227 64.69081 90.47898 0.05500823 68.21289 87.20606 2.901049 69.76618 79.79245 4.94284 72.45433 80.9012 3.513862 69.08905 88.00987 0.08083945 68.26982 87.11843 -2.958281 73.7135 81.35324 0.0767126 72.51164 80.75078 -3.353262 74.54116 76.92356 0.3439293 73.19638 74.93212 2.593988 73.23713 74.83709 -1.84347 72.26744 73.61905 0.3752598 70.69046 74.02458 -2.586398 68.65026 73.83811 0.3581878 70.64134 74.15911 3.327608 66.24317 78.26889 3.520055 43.86415 91.35465 -3.578214 43.87375 89.51725 -8.655808 56.0526 76.52976 11.15728 61.76371 77.76361 10.97942 59.78733 74.57592 9.784276 64.02101 73.1229 11.34881 63.48099 70.82663 13.3102 65.54389 75.7171 13.33302 65.54342 72.77976 13.93543 65.5506 74.70223 15.99738 64.05025 71.1946 16.16188</float_array>
          <technique_common>
            <accessor source="#Mario_008-mesh-positions-array" count="1985" stride="3">
              <param name="X" type="float"/>
              <param name="Y" type="float"/>
              <param name="Z" type="float"/>
            </accessor>
          </technique_common>
        </source>
        <source id="Mario_008-mesh-normals">
          <float_array id="Mario_008-mesh-normals-array" count="5955">-0.4183557 0.5594472 -0.7155399 -0.2362543 0.9690263 0.07191675 -0.9674155 0.1526937 0.2019706 -0.2158142 0.05937433 -0.9746277 -0.08827221 0.9902406 0.1078507 -0.4740059 0.8767212 0.08172136 -0.3504947 0.6489949 -0.6752475 -0.02092546 0.01710611 -0.9996348 -0.3013973 0.6295818 0.7160911 -0.8815116 0.4675819 0.06561022 -0.6341183 0.276696 0.7220342 -0.1079655 0.7349004 0.6695259 0.08140957 0.06626725 0.9944754 -0.07932651 -0.06739526 0.9945679 -0.6491739 -0.4672309 0.6002238 0.02032214 -0.7369728 0.6756169 0.5297212 -0.4909488 0.6916392 -0.4396194 -0.8963119 -0.05796492 0.4716418 -0.8787708 -0.07291078 -0.985304 -0.1666159 0.03761887 -0.6809092 -0.3827102 -0.6244163 -0.0721215 -0.6028873 -0.79456 -0.6207838 0.2742532 -0.7344473 -0.1148464 -0.06731218 -0.9911002 0.2898082 -0.5891365 -0.7542742 0.3750888 -0.2340655 -0.8969514 0.5481032 -0.8359251 0.0285018 0.7783955 -0.623537 -0.07281631 0.3734186 -0.5538752 0.7441647 -0.2370271 -0.5493031 0.8013017 -0.091129 0.06684774 0.993593 -0.6890442 0.06875771 0.7214503 -0.2865217 0.2686613 0.9196339 0.1244381 0.4722242 0.8726509 0.02392041 0.8014764 0.5975479 -0.4375131 0.5840392 0.6837255 -0.5503234 0.8187105 0.1638823 -0.1902643 0.5875996 0.7864645 -0.5447199 0.5157356 -0.6612844 -0.5313901 0.8471268 -8.45053e-4 -0.5077869 0.5089513 0.6950691 -0.2756658 -0.03827303 -0.9604914 -0.3165153 0.5972449 -0.7369645 -0.5871782 -0.6668023 -0.4589079 0.0153985 0.01077866 -0.9998234 0.1743789 -0.7034386 -0.6890328 0.2507055 -0.720675 -0.6463547 -0.5787948 -0.2516576 -0.7756708 -0.8849493 0.3669243 -0.28676 -0.9139027 -0.3786146 -0.1463996 -0.4372873 -0.853822 -0.2824323 -0.5470272 -0.7036405 0.4534879 0.2022089 -0.9784326 0.04220634 0.4309193 -0.8951872 0.1137909 0.3786286 -0.5433275 0.7492902 0.101369 -0.7640947 0.6370902 0.1629152 0.04633009 0.9855517 -0.2117922 -0.1766963 0.9612089 -0.8672805 0.1322373 0.4799354 0.4887065 0.1135739 0.8650242 0.642483 -0.6297419 0.4366244 0.5998612 -0.4652485 0.6509305 0.582246 -5.45629e-4 0.8130127 0.3372604 0.4276217 0.8386867 0.1939787 0.8763099 0.4409685 0.07106178 0.9946203 0.07537192 -0.2243 0.9602608 -0.1660987 0.08551859 0.9850066 -0.1498281 0.09711396 0.6991754 -0.7083239 0.2278977 0.6922931 -0.6846846 0.2223763 0.1156985 -0.9680717 0.06911766 0.05145812 -0.9962806 0.1399539 -0.5801347 -0.8024069 0.2339236 -0.5653564 -0.7909815 0.1240772 -0.977998 -0.1677048 0.02542281 -0.9890409 -0.1454365 -0.01026093 -0.9910251 -0.1332818 -0.4002058 -0.9064599 -0.1347813 -0.01994419 -0.9185135 -0.3948864 0.2727333 -0.9593536 -0.07250696 0.1030185 -0.9573883 -0.2698055 0.3555244 -0.9235193 0.1439262 -0.3051078 -0.9340336 -0.1857163 -0.7211142 -0.6847723 -0.1052678 -0.8221278 -0.5677979 -0.04137176 -0.3026439 -0.9530135 0.01310926 -0.4747691 -0.8743439 0.1005845 -0.5645656 -0.5721834 -0.5948714 -0.4998027 -0.5640074 0.6573377 -0.02378702 0.1000255 0.9947005 0.01101213 0.02998214 0.9994899 -0.3431965 0.5660608 0.7495275 0.467373 -0.4502187 0.7608322 0.05134052 0.08879953 0.9947255 0.5967622 -0.3870776 0.702884 0.8624182 -0.506108 0.009462594 0.7344602 -0.6783735 -0.01943296 0.6042346 -0.4040549 -0.6867607 0.4866655 -0.8732993 0.02247816 0.03170233 -0.7169858 0.6963665 0.01701027 -0.7629387 -0.6462471 -0.4036856 -0.9146618 0.02077829 -0.0984255 -0.0264551 0.9947927 -0.6925782 -0.4717586 0.5456916 -0.4656546 0.5640872 0.6818883 -0.6888093 0.2557401 0.6783354 -0.6722354 0.7403202 0.005066394 -0.9223775 0.3861899 -0.008785963 -0.9930682 -0.1162082 0.01764458 -0.6873108 0.224712 -0.6907303 -0.7011527 -0.5058175 -0.5025273 -0.1076087 -0.05348545 -0.9927536 0.03987395 0.0553686 -0.9976695 0.4374871 -0.4721063 -0.7653239 -0.4692683 0.5353679 -0.7022595 0.005343079 0.02742481 -0.9996097 -0.4017813 -0.5804821 -0.7082459 -0.07656735 0.08600127 -0.9933486 -0.2496885 0.6507663 -0.7170487 -0.3231628 0.5971835 -0.7341238 -0.3642038 0.9313018 0.005701005 -0.2552155 0.663844 0.7029767 -0.2743644 0.9615262 -0.01384437 -0.9966 0.05951625 0.05697596 -0.5478529 0.5967438 0.5863055 -0.171722 0.1285194 0.9767264 -0.008519709 0.05571317 0.9984105 -0.5246524 -0.624071 0.5790296 0.5287476 -0.3054726 0.7919044 -0.7198984 0.3439257 0.6028778 -0.3401248 -0.04063177 0.9395021 -0.532008 0.5404512 0.6518282 -0.7190678 0.6929041 -0.05315589 -0.3825455 0.9118548 -0.1489284 -0.1822174 0.6747699 -0.71518 0.09444439 0.03072577 -0.9950559 0.03231221 0.1031165 -0.9941444 -0.4733705 0.4826893 -0.7368389 0.0523982 -0.5455802 -0.8364189 -0.1577906 -0.5552575 -0.8165729 0.6231525 -0.3679149 -0.6901592 -0.1011719 -0.9881822 -0.1151538 -0.001512467 -0.1173192 -0.9930931 0.604523 -0.5186571 -0.6046046 0.9594482 -0.2701728 0.08041107 0.9269157 -0.37257 0.04493457 -0.6621573 0.2891272 -0.6913416 -0.6438702 -0.2777035 -0.71296 -0.06839931 -0.8300174 -0.5535275 0.4058408 -0.9120445 0.05888986 -0.5450075 -0.8383355 -0.01266622 -0.173105 -0.7950531 0.5813135 -0.7774404 -0.2580487 0.573583 -0.9552484 -0.2868866 -0.07208895 -0.9463096 0.3161209 -0.06757056 0.4777591 -0.4497249 0.7546482 0.758934 0.1684731 -0.6289961 0.7752148 -0.2630366 -0.5743291 0.7483556 0.4386565 -0.4975385 0.799867 0.1011608 -0.5915904 1.15777e-4 0.2450158 -0.9695191 1.19824e-4 0.8206871 -0.5713779 -0.799737 0.1013005 -0.5917423 -0.7778053 0.5330169 -0.3330347 -0.7481704 0.43879 -0.4976991 -0.7590727 0.6449721 0.08842957 -0.6570862 0.7478203 -0.09488195 -0.719725 0.5866994 0.3711871 7.6395e-5 0.9999836 0.005740225 2.42427e-5 0.8918527 0.4523261 0.7197471 0.5865836 0.3713271 0.7591584 0.6448512 0.08857452 0.6572176 0.7477191 -0.09476941 -0.668425 -0.1276372 -0.7327461 -0.8206365 0.2464033 -0.515598 -0.6530835 -0.5109272 -0.5589593 -0.793218 -0.1512687 -0.5898501 7.64688e-5 -0.2185271 -0.975831 -0.8315718 -0.4532356 -0.3210386 -5.99282e-6 -0.7901867 -0.6128664 -0.8758971 -0.4775097 -0.06920164 -6.63999e-5 -0.9836176 -0.1802681 -9.56316e-5 -0.9908556 0.1349266 0.8758302 -0.4776563 -0.06903564 0.8195739 -0.5640574 0.1006879 0.5407691 -0.7387443 -0.4022757 -3.9268e-5 -0.9210706 -0.3893957 -0.6339349 -0.2879652 -0.7177762 -0.7512222 0.2389608 -0.6152747 -0.7587675 -0.3888711 -0.5225429 -0.7943322 0.002706468 -0.6074777 -0.7939434 0.3962702 -0.4611114 9.80138e-5 0.02134776 -0.9997721 1.26116e-4 0.6263846 -0.7795142 0.794097 0.3961373 -0.4609613 1.08077e-4 0.9245374 -0.3810914 0.7610714 0.6127981 -0.212718 9.70414e-5 0.9952371 -0.09748351 0.7344648 0.6784278 -0.01723915 1.26275e-4 0.4952621 -0.8687436 0.6070049 0.6817244 -0.4084078 7.18516e-5 -0.2092969 -0.9778522 -0.7742682 0.471173 -0.4224985 1.25458e-4 0.6852824 -0.7282775 1.16394e-4 0.3331993 -0.9428565 0.8207742 0.2462699 -0.5154425 0.7933074 -0.151391 -0.5896986 0.8315602 -0.4533699 -0.3208794 0.6530968 -0.5110385 -0.5588419 -0.7751491 -0.2629085 -0.5744763 -0.7587819 0.1686021 -0.6291452 -0.74516 -0.5180816 -0.4199146 2.37863e-6 -0.6913044 -0.7225637 0.7451491 -0.5182107 -0.4197743 5.55791e-5 -0.3695225 -0.9292219 0.7513849 0.2388369 -0.6151242 0.7944487 0.002578973 -0.6073258 0.758806 -0.3889911 -0.5223978 4.05952e-5 -0.5220374 -0.8529227 -0.7058759 -0.6094177 -0.3610392 -0.5408117 -0.7386568 -0.402379 -0.8196861 -0.5639219 0.1005328 8.11428e-5 0.999843 -0.01772093 0.7779535 0.5328887 -0.3328934 0.6340215 -0.2880742 -0.717656 0.7058396 -0.6095373 -0.3609083 -6.02179e-6 -0.7673186 -0.6412661 0.7744269 0.4710459 -0.422349 0.6685449 -0.1277489 -0.7326172 -0.7609333 0.6129204 -0.2128593 -0.6068134 0.6818255 -0.4085237 -0.7343439 0.678555 -0.01738578 0.6806125 0.7319012 -0.03297257 0.925149 0.3727181 -0.07197713 0.6467599 0.07412403 -0.7590832 0.642592 0.348877 -0.6821733 0.5302599 0.8244981 -0.1975538 0.4955067 0.5899449 -0.6375252 0.2723027 0.7302154 -0.6266072 0.3332041 0.8601369 -0.386186 1.15037e-4 0.925815 -0.377977 9.66751e-5 0.9916175 -0.1292079 -0.3329862 0.8601927 -0.3862496 -0.3701939 0.9185304 -0.1387745 -0.6153447 0.6729862 -0.4104152 -0.6835268 0.7108311 -0.1658626 -0.8035755 0.3933427 -0.4467081 -0.8933633 0.3995189 -0.2056375 -0.8701739 0.06259155 -0.4887533 -0.9669495 0.03271478 -0.2528605 -0.8037218 -0.2670011 -0.5317348 -0.8933742 -0.3344058 -0.3000923 -0.6347614 -0.538147 -0.554505 -0.6837152 -0.6456667 -0.3400707 -0.3262832 -0.7702674 -0.5479301 -0.370061 -0.8535767 -0.3666903 -1.34089e-5 -0.8141121 -0.5807079 -4.18578e-5 -0.926582 -0.3760931 0.3699872 -0.8536397 -0.3666182 0.382305 -0.9165215 -0.1176072 0.7071548 -0.7012956 -0.09009265 0.6835533 -0.710837 0.165728 0.8932926 -0.3995959 0.2057948 0.8035431 -0.393382 0.4467318 0.8700093 -0.06288802 0.4890081 0.7149584 -0.08926635 0.693445 0.6604172 0.1822628 0.7284432 0.4705609 0.08364909 0.8783937 0.5054028 0.4125084 0.7578952 0.3622524 0.2494739 0.8980735 0.1947277 0.3570594 0.9135589 0.1900833 0.06575876 0.9795632 -8.12067e-5 0.1440268 0.9895738 -1.04957e-4 -0.1276624 0.9918178 -0.1902588 0.06579214 0.979527 -0.2690867 -0.122924 0.9552393 -0.4707137 0.0837289 0.8783042 -0.512009 -0.1090694 0.8520274 -0.7151046 -0.08914828 0.6933096 -0.4706553 -0.3029866 0.8286632 -0.6609154 -0.3605174 0.658193 -0.5055078 -0.5907112 0.6289056 -0.6156141 -0.672783 0.4103443 -0.3330835 -0.860008 0.386577 -0.3704511 -0.9184654 0.1385191 -9.67834e-5 -0.991629 0.1291207 -7.01565e-5 -0.9917956 -0.1278346 0.3702713 -0.9185273 0.1385885 -0.1904103 -0.3115963 0.9309414 -0.3619747 -0.4689664 0.8056333 -0.1950743 -0.5767688 0.7932742 -0.2736828 -0.7442637 0.6092367 -1.13542e-4 -0.9256233 0.3784461 0.3328681 -0.860062 0.3866425 0.6154229 -0.6728841 0.4104653 -0.3824189 0.9164727 0.1176163 7.13051e-5 0.9918745 0.1272203 4.34751e-5 0.9265564 0.3761562 0.3825498 0.9164088 0.1176886 0.3702208 0.8534615 0.3667971 0.7072457 0.7012013 0.09011209 0.6837627 0.64555 0.3401968 0.9238951 0.3795093 0.04889494 0.8933611 0.334545 0.299976 1 2.84447e-5 3.42907e-5 0.9669717 -0.03245234 0.2528093 0.9238517 -0.3796504 -0.04861932 0.470835 -0.3609285 -0.8050125 0.5760695 -0.06572902 -0.8147538 0.6102271 -0.2026159 -0.7658784 0.6747443 0.02113747 -0.7377489 0.6160553 0.295737 -0.7300792 0.6852295 0.2866623 -0.6695412 0.5655095 0.531947 -0.630263 0.6930502 0.4795435 -0.5382561 0.6979604 0.5364949 -0.4743675 0.7687063 0.5696399 -0.2908626 0.870055 0.4559926 -0.1872836 0.8076602 0.5825948 -0.09093022 0.9315845 0.363173 0.01599633 0.8024601 0.5892989 0.09372711 0.9219933 0.312939 0.22803 0.7701604 0.5507537 0.3217505 0.3703746 0.9184679 -0.1387062 0.6836754 0.7107179 -0.1657345 0.8934686 0.3993714 -0.2054661 0.967003 0.03255581 -0.2526766 0.8933753 -0.3345552 -0.2999224 0.6836711 -0.6457821 -0.3399402 -0.1948419 0.3570936 0.9135212 -0.3623824 0.2495356 0.8980039 -0.5054796 0.4125889 0.7578001 -0.6605256 0.1823727 0.7283173 -0.8701128 -0.06274545 0.4888423 -0.803694 -0.3932486 0.4465778 -0.8933979 -0.3994488 0.2056234 -0.6837044 -0.7107224 0.165596 -0.7072552 -0.7011771 -0.09022736 -0.382435 -0.9164579 -0.1176792 0.6155362 0.6728845 -0.4102947 0.8037255 0.3932102 -0.4465547 0.8702774 0.06244611 -0.4885875 0.8037785 -0.2671324 -0.5315832 0.6347753 -0.5382544 -0.5543849 0.3262577 -0.7703208 -0.5478703 1.21846e-4 0.4685015 -0.8834629 0.7995374 0.1293942 -0.5865128 1.14367e-4 0.2780441 -0.9605684 0.7501246 0.3180018 -0.5798172 0.3070852 0.3501173 -0.8849387 0.2931696 0.5588697 -0.7757037 -0.308878 0.3729045 -0.8749496 -0.2655166 0.6065995 -0.7493585 -0.6731824 0.6168419 -0.4078376 -0.4926294 0.814567 -0.3062631 -0.5919778 0.8018409 0.08132326 -0.3438185 0.9383938 0.03472703 -1.21843e-4 -0.3895794 0.9209929 -1.29274e-4 -0.6175796 0.7865084 -1.23623e-4 -0.7983526 0.6021903 0.1948279 -0.5768025 0.7933102 0.2734469 -0.7443087 0.6092877 0.5052923 -0.5907948 0.6290003 1.23291e-4 0.62239 -0.7827074 0.7127939 0.4958618 -0.4960302 0.5868926 0.7198048 -0.3707267 0.2423535 0.7698618 -0.5904047 0.3358416 0.9196504 -0.2036015 -0.09448999 0.9409236 -0.3251684 0.01444488 0.9998575 -0.008744835 0.3501172 0.6923967 -0.6308763 0.2852705 0.1107054 -0.9520322 0.2559106 -0.1015684 -0.96135 -0.3195183 0.1041623 -0.9418377 -0.3676802 -0.03156495 -0.9294164 -0.8233064 -0.07799166 -0.5622135 -0.798645 -0.2411193 -0.5513871 -0.9916997 -0.06307828 -0.1120392 -0.975205 -0.2069317 -0.07845175 -0.799404 0.1295235 -0.5866662 -0.3498922 0.692448 -0.6309447 -0.2850701 0.1107534 -0.9520865 -0.3068571 0.3501692 -0.8849974 0.3197156 0.1041052 -0.9417771 0.3091048 0.3728526 -0.8748915 0.7711897 0.4030269 -0.4927837 0.6733626 0.6167307 -0.4077085 0.7723122 0.6340573 0.03879952 0.5920899 0.801747 0.08143347 -0.5389282 -0.1295489 -0.8323302 -0.3979322 -0.5624012 -0.7248138 9.78036e-6 -0.7019504 -0.7122259 -0.9239058 -0.3794956 -0.04879766 -1 1.93816e-4 -1.55503e-4 -0.9670252 -0.03229224 0.2526252 -0.8933626 0.3346917 0.2998079 -0.8037133 0.2674417 0.531526 -0.615272 0.5470865 0.567571 -0.2708996 0.5695744 0.7760145 0.190182 -0.3116285 0.9309773 0.361747 -0.4690276 0.8056999 0.4704486 -0.3030659 0.8287516 0.6607302 -0.3606273 0.6583188 0.9771854 0.1966052 -0.08034473 0.8198008 0.1315585 -0.5573322 0.8233999 -0.0781303 -0.5620574 0.3678501 -0.03162682 -0.9293472 0.7987114 -0.2412498 -0.5512338 0.6288758 0.3250443 -0.7063013 0.9409953 0.135194 -0.3102425 0.7086591 0.5792334 -0.4028536 -0.6928682 0.4796568 -0.5383893 -0.7685872 0.5697059 -0.291048 -0.6977354 0.5365792 -0.4746032 -0.8697875 0.4562023 -0.1880137 -0.8077009 0.5824836 -0.09128081 -0.931677 0.3629276 0.01617473 -0.8027368 0.5888997 0.0938661 -0.9191219 0.3158643 0.2354672 -0.7661141 0.5539059 0.3259715 -0.601464 0.5022683 0.6212629 1.09844e-4 0.9468575 -0.3216534 1.72368e-5 0.8376201 0.5462532 -0.6974269 0.7161722 -0.0263279 -0.5974445 0.7308082 0.3301203 -0.3665854 0.7097973 0.6015006 -0.352589 0.9120094 0.2095707 0.1084232 0.9291575 0.3534272 -0.01427441 0.9998599 -0.008751511 0.3439521 0.9383425 0.03479206 -0.9238409 0.3796637 0.04871839 -0.6837201 0.6456635 0.3400671 -0.3328413 0.733695 0.5923753 0.6975526 0.7160548 -0.02619063 0.5975011 0.7307126 0.3302295 0.3527116 0.9119459 0.2096404 0.3665937 0.7097383 0.6015652 -0.1083352 0.9291756 0.3534068 0.0595383 0.7421779 0.6675531 -0.2843849 0.7583699 0.5865156 -0.7499623 0.3181276 -0.579958 -0.7126158 0.4959809 -0.496167 -0.5867078 0.7199002 -0.3708338 -0.9529395 -0.2270078 0.2009326 -0.9836392 -0.08584094 0.1583837 -0.9571151 0.1966294 0.2127618 -0.9771371 0.1967692 -0.08053052 -0.8425391 0.4640254 0.2735111 -0.8861723 0.4623705 -0.03020274 -0.7722133 0.6341869 0.03864991 0.8036571 0.267309 0.5316779 0.6152542 0.546986 0.567687 0.3328538 0.7336405 0.5924356 -0.2929291 0.5589161 -0.7757612 0.265753 0.6065595 -0.749307 0.2019881 0.7740301 -0.6000652 0.492819 0.814487 -0.3061705 0.09471279 0.9409102 -0.3251424 -0.1208347 -0.6175506 -0.7771939 -0.1386748 -0.776553 -0.6146013 -0.3172648 -0.6269673 -0.7115162 -0.4029621 -0.7698623 -0.4949077 -0.3100658 -0.8575789 -0.4103873 -4.18186e-5 -0.9272817 -0.3743646 -0.2301183 -0.9542127 -0.1911118 -8.30506e-5 -0.9999927 -0.003826975 0.9751852 -0.2070957 -0.07826322 0.9917106 -0.06324267 -0.1118506 0.9835948 -0.08600503 0.1585702 0.9571068 0.1964728 0.2129434 0.8425635 0.4638868 0.2736712 0.8862547 0.4622238 -0.03003269 0.2688856 -0.122967 0.9552904 0.5118293 -0.1091559 0.8521243 -0.1600071 0.6937024 0.7022641 -0.1728918 0.686492 0.7062841 -0.1737068 0.6989755 0.6937286 1.07338e-5 0.803888 0.5947807 -0.1785193 0.7063415 0.6849909 -0.1667795 0.6941267 0.7002662 -0.4460128 0.6215833 -0.6439774 -0.2453852 0.6601706 -0.709902 -0.4136034 0.6153311 -0.6710439 -0.370639 0.6383079 -0.6746775 -0.1835411 0.6742101 -0.7153695 -0.4194258 0.3238249 -0.8480682 -0.2727143 0.3426139 -0.8990232 -0.1952362 -0.07578134 -0.9778242 0.5304557 -0.1307807 -0.8375639 -0.5653014 0.532042 -0.6303694 -0.6158682 0.2958416 -0.7301946 -0.4045047 -0.07501578 -0.9114541 -0.1404059 -0.4248383 -0.8943147 -0.771027 0.4031573 -0.4929318 -0.8196725 0.1316977 -0.5574879 -0.7084378 0.5793939 -0.403012 -0.9408591 0.1356283 -0.3104661 -0.9741499 0.1493654 0.1694757 -0.7791485 0.2890867 0.5561982 0.1954116 -0.07580786 -0.9777871 0.272953 0.3425685 -0.898968 0.1837888 0.6741784 -0.7153358 0.2456255 0.6601293 -0.7098574 0.1239517 0.6589597 -0.7418949 -0.7071453 0.70132 0.0899769 -0.3701455 0.8535253 0.3667244 0.3457096 0.8251801 -0.4467246 0.1594424 0.6133297 -0.7735664 -0.2557443 -0.1015251 -0.9613988 -0.6850563 0.2867761 -0.6696696 -0.6746008 0.02125048 -0.7378768 -0.5759258 -0.06563353 -0.814863 -0.6101141 -0.2025157 -0.765995 -0.4707418 -0.3608498 -0.8051022 0.3708696 0.6382455 -0.6746099 0.4196418 0.3237546 -0.847988 0.4046654 -0.07508403 -0.9113772 0.1405056 -0.4248613 -0.8942881 0.3982843 -0.5621339 -0.7248276 -0.6286861 0.3251487 -0.706422 0.270847 0.5695282 0.7760668 -0.1591862 0.6133509 -0.7736023 -0.9250842 0.3728882 -0.07192969 -0.6424053 0.3489825 -0.6822952 -0.530084 0.8245848 -0.1976635 -0.4952905 0.5900255 -0.6376184 -0.6728553 0.7390804 -0.03203022 -0.6466038 0.07422989 -0.7592058 -0.4309972 -0.6507755 -0.6250861 -0.4754871 -0.4708338 -0.7431202 0.1386634 -0.7765752 -0.6145759 0.1208726 -0.6175738 -0.7771695 -0.2017429 0.7740662 -0.6001011 -0.3326777 -0.3968253 -0.8554855 0.3327729 -0.3968806 -0.8554229 0.3172983 -0.627021 -0.7114538 0.178511 0.7063167 0.6850188 0.1667563 0.6940965 0.7003017 -2.64683e-5 0.6133751 0.7897918 -0.1668732 0.6794043 0.714537 -0.6508728 0.6652413 0.3658121 -0.527319 0.7989593 0.2891346 0.1668424 0.6793714 0.7145756 0.1503137 0.5957115 0.789008 -5.21004e-5 0.3982861 0.9172613 -0.1503658 0.5957306 0.7889837 -0.1776812 0.7048488 0.6867442 -0.3356466 0.9197084 -0.2036612 -0.242112 0.7699007 -0.5904531 0.1736965 0.6989507 0.6937561 0.1728882 0.6864653 0.706311 0.1600059 0.693672 0.7022943 0.1776629 0.7048176 0.686781 0.6509184 0.6651325 0.3659291 0.5273908 0.7988754 0.2892353 -0.3260583 0.7796387 -0.5346491 -0.2720642 0.7302621 -0.6266566 1.25939e-4 0.829409 -0.5586419 1.28671e-4 0.7996878 -0.6004161 0.2843946 0.758324 0.5865703 0.4310067 -0.6508488 -0.6250033 0.4755499 -0.4709149 -0.7430285 0.2682254 0.6328877 -0.7262977 0.176189 0.8785444 -0.4439789 0.9741626 0.1526893 0.1664131 0.9489231 -0.2443848 0.1995524 0.9528635 -0.2271677 0.201112 -0.1764959 0.8783474 -0.4442467 -0.26824 0.6331562 -0.7260583 0.4138333 0.6152644 -0.6709633 0.2299987 -0.9542505 -0.1910676 0.3100017 -0.8576307 -0.4103275 -0.345178 0.8250867 -0.4473078 0.6728867 0.5336591 0.5122808 0.7750039 0.2884563 0.5622829 0.5773199 0.4342306 0.6914806 0.402929 -0.7699288 -0.4948312 -0.9490026 -0.2442262 0.1993684 -0.3966374 0.3969716 0.827703 -0.1237021 0.6589825 -0.7419164 0.6011919 0.5005159 0.6229383 -0.0595467 0.7421891 0.6675399 0.3262954 0.7795957 -0.5345671 -0.6823567 0.5285257 0.5050247 0.4466623 0.6211363 -0.6439585 0.3965472 0.3969026 0.8277795 -0.5773798 0.4343173 0.6913762 7.19325e-5 -0.2452061 -0.969471 0.3700333 -0.2166179 -0.9034113 -0.8611955 -0.06569921 -0.5040099 -0.3698976 -0.2165585 -0.9034813 0.8853579 0.09212183 -0.4556916 -0.1023111 -0.9945059 0.02214705 -7.30817e-5 -0.9912108 -0.1322929 0.4805651 0.123732 0.8681865 -8.73905e-5 0.08595567 0.996299 -2.14854e-6 0.747429 0.6643418 -0.4807102 0.1238127 0.8680946 -0.4690181 0.7066935 0.5297229 -0.3753694 0.4131964 0.8296785 -0.2416703 0.700134 0.6718689 0.1021332 -0.994524 0.02216017 -0.06311404 0.6812745 0.7293023 -0.0609833 0.6632575 0.7459024 0.4690331 0.7066175 0.529811 -1.48078e-5 0.6566252 0.7542171 0.06095331 0.6632454 0.7459157 0.6326867 0.1441316 0.760877 0.3752816 0.4131295 0.8297517 0.2416638 0.7000968 0.67191 -0.6328062 0.1442376 0.7607575 0.06309092 0.6812589 0.7293188 -0.2641544 0.1604264 0.9510447 0.3117403 0.2754853 0.9093546 0.4095892 0.4742493 0.7793102 0.7032439 -0.01999741 0.7106674 0.7881938 0.2253949 0.5726673 0.8677957 -0.1863179 0.4606695 0.9520552 0.1451258 0.2693128 0.9422048 -0.1151899 0.3146132 0.996545 -0.05693399 0.06047087 0.9039772 -0.2952237 0.3093027 0.9238227 -0.3797907 0.04806995 0.7617226 -0.6248097 0.1714404 0.8488642 -0.5169888 -0.1102371 0.7418557 -0.669105 -0.04414367 0.7354989 -0.5647177 -0.3743466 0.573686 -0.7762086 -0.261505 0.4916249 -0.6598626 -0.568231 0.4579467 -0.8132598 -0.3590171 -0.2299691 -0.9639423 0.1339013 -0.4303187 -0.8952847 -0.1152886 -0.5142317 -0.8557074 -0.05771195 -0.4580153 -0.8131831 -0.3591035 -0.5737652 -0.7761134 -0.2616133 -0.4916272 -0.6597811 -0.5683234 -0.7355227 -0.5645941 -0.3744862 -0.6559458 -0.314319 -0.6862497 -0.8416121 -0.2691854 -0.4682184 -0.7223196 -0.01698493 -0.6913509 -0.8634895 -0.01980447 -0.5039778 -0.7444643 0.2492907 -0.6193765 -0.8981255 0.2186545 -0.3815243 -0.7432344 0.4855177 -0.460299 -0.8712729 0.4716747 -0.1356717 -0.6928662 0.6892262 -0.2119049 -0.8552168 0.5114002 0.08410817 -0.6461492 0.7610719 0.05710452 -0.6124457 0.7419415 0.2728243 -0.3118693 0.275534 0.9092957 0.2640015 0.1603856 0.951094 -0.2430019 0.02924257 0.969585 -0.5542816 -0.1921157 0.809854 -0.1990558 -0.1959689 0.9601942 -0.5527617 -0.4687494 0.6890055 -0.5285204 -0.3466991 0.7748975 -0.6153216 -0.6068876 0.5030574 -0.596785 -0.1464043 0.7889319 -0.5574977 -0.6564968 0.5081421 -0.3392632 -0.8080038 0.4816954 -0.1173216 -0.9689202 0.2177826 -1.20011e-4 -0.8654424 0.5010086 -1.00184e-4 -0.984077 0.1777426 0.117119 -0.9689396 0.2178061 0.1890501 -0.9300619 0.3150317 0.3655602 -0.8621604 0.3507782 0.381788 -0.8661618 0.3224931 -0.1389588 -0.9584812 0.2490067 -0.4123917 -0.8962723 0.1631845 -0.3793208 -0.8691536 0.3173134 -0.5622536 -0.7802564 0.2739906 -0.5547854 -0.7226471 0.4123038 -0.6230888 -0.700419 0.3481 -0.6106909 -0.6271888 0.483416 -0.7596927 -0.5016784 0.4137462 -0.6951018 -0.3990877 0.5979653 -0.867913 -0.1861755 0.4605062 -0.7033817 -0.01988375 0.7105343 -0.7882653 0.2255272 0.5725167 -0.4096547 0.4743177 0.7792341 -0.5322939 0.6646126 0.5243601 -0.3657716 -0.8621018 0.3507018 -0.1892644 -0.9300305 0.3149957 -1.07727e-4 -0.956317 0.2923318 0.1360071 -0.9586431 0.2500113 0.6560238 -0.3144274 -0.6861256 0.8416559 -0.2693259 -0.4680587 0.7224484 -0.01710712 -0.6912132 0.863582 -0.01994901 -0.5038138 0.7446233 0.2491675 -0.6192348 0.8982344 0.218505 -0.3813537 0.7434014 0.4853965 -0.460157 0.8713769 0.4715296 -0.1355072 0.6930236 0.6891095 -0.2117698 0.8552851 0.5112595 0.0842694 0.646264 0.7609653 0.05722469 0.6125072 0.7418498 0.2729356 0.6510577 -0.7559527 0.06826108 0.6229025 -0.7005212 0.3482277 0.759531 -0.5018033 0.4138914 0.6104957 -0.6272878 0.4835339 0.6949221 -0.3992062 0.5980951 0.5525552 -0.4688435 0.6891071 0.5540945 -0.1922034 0.8099613 0.1988454 -0.1960054 0.9602304 0.2428221 0.02920156 0.9696313 -0.952082 0.1452875 0.269131 -0.9422842 -0.115032 0.3144329 -0.996566 -0.05676609 0.06028109 -0.9040859 -0.2950727 0.309129 -0.9238941 -0.3796395 0.04789358 -0.7618586 -0.6246838 0.1712941 -0.8489301 -0.516846 -0.1103987 -0.741958 -0.6689824 -0.04428213 0.5620678 -0.7803522 0.2740992 0.5545866 -0.7227392 0.4124097 0.6151274 -0.6069915 0.5031697 0.5572921 -0.6565868 0.5082512 0.5966097 -0.1465048 0.7890459 0.3390409 -0.8080591 0.481759 0.3824869 -0.3275191 0.8639648 -1.1853e-4 -0.3673997 0.9300631 -0.3827061 -0.3274602 0.8638899 -0.8421121 0.4235052 0.333902 -0.9562031 0.2762092 0.09687143 -0.9808034 0.1545756 -0.1188752 -0.9677624 -0.03613781 -0.2492591 0.5323088 0.6645159 0.5244673 0.842119 0.423362 0.3340662 0.9562307 0.2760497 0.09705364 0.9808516 0.1544119 -0.1186894 0.2192252 -0.9668381 0.1310135 0.4209893 -0.889317 0.1785589 0.5225918 -0.8504005 -0.06096756 0.9473596 -0.2644559 -0.1804802 0.9678038 -0.03629922 -0.2490749 -1.11851e-4 -0.9250376 0.3798755 0.03120052 0.1968566 0.9799358 -0.2721011 0.08218669 0.9587526 -0.5000394 0.1332812 0.8556851 -0.3145208 0.05534005 0.9476361 -8.93051e-5 0.06100237 0.9981377 0.3143482 0.05529206 0.9476962 0.4998952 0.1331979 0.8557822 0.2719311 0.08214086 0.9588047 0.5283177 -0.3467882 0.7749958 -0.6511986 -0.7558423 0.06813979 0.4235506 -0.8956663 -0.1355986 -0.9473688 -0.2642987 -0.1806613 -0.0313549 0.1968624 0.9799297 -0.5509662 0.1882237 0.8130242 -0.5609279 0.001910567 0.8278626 -0.1525466 0.2288256 0.9614408 -0.1376158 0.04569184 0.9894313 -0.5229154 -0.1893413 0.8310893 -0.1209231 -0.1747559 0.9771582 -0.05277848 0.7307411 0.6806115 -0.08662343 -0.3652012 0.9268897 0.3939455 0.4896519 0.7778485 0.2694544 -0.3836124 0.8833097 0.3921101 0.3832898 0.8362647 0.691216 -0.3302604 0.6427664 0.4670507 -0.4839583 0.7400325 0.8083322 0.2854849 0.5148761 -0.7660621 0.1035439 0.6343718 -0.7593196 0.1420557 0.635023 -0.5352793 -0.1752198 0.8263016 -0.7314574 -0.02072113 0.6815723 -8.22664e-5 0.1352195 0.9908158 -0.1645975 0.6126297 0.7730411 -0.2808025 -0.2780124 0.918618 -0.1464449 -0.1891895 0.9709589 -2.6569e-4 -0.1746865 0.9846241 0.2519877 0.2109011 0.9444697 0.1282049 -0.221656 0.9666603 0.2354544 -0.2161676 0.9475404 0.2881345 0.08227813 0.9540487 0.302595 -0.1417053 0.9425264 0.8690125 -0.2127529 0.4467143 0.7310291 -0.118794 0.671926 0.3442044 -0.2859138 0.8943023 0.9097493 0.01628476 0.4148389 0.7120411 0.09919619 0.6950954 0.3103078 -0.2331097 0.9216122 0.7313213 -0.02084553 0.6817145 0.5607707 0.001819252 0.8279692 0.5227265 -0.1894239 0.8311893 0.1374356 0.04567092 0.9894573 0.120708 -0.1747744 0.9771815 -0.2883033 0.08232551 0.9539936 -0.302798 -0.1416559 0.9424686 -0.7311761 -0.1186731 0.6717874 -0.2696868 -0.3835603 0.8832613 -0.691391 -0.3301497 0.642635 -0.3921964 0.3833895 0.8361786 -0.4672741 -0.4839053 0.739926 0.7592208 0.1419287 0.6351693 0.5508412 0.1881322 0.8131299 0.1524046 0.2287994 0.9614696 -0.2521296 0.2109422 0.9444227 -0.7121563 0.09931361 0.6949607 -0.9098247 0.016438 0.4146672 -0.3444393 -0.2858533 0.8942313 0.1645419 0.6126218 0.7730591 0.05276042 0.7307589 0.6805939 0.08638083 -0.3652294 0.9269012 -0.310508 -0.2330678 0.9215553 -0.2356513 -0.2161404 0.9474977 -0.1284222 -0.2216399 0.9666351 5.2324e-5 -0.1747012 0.9846215 0.765962 0.1034125 0.6345142 0.5350998 -0.1753102 0.8263986 0.2805811 -0.2780626 0.9186705 0.1462281 -0.1891794 0.9709936 -0.8691268 -0.2126129 0.4465584 -0.8083919 0.2856066 0.514715 -0.3940243 0.4897072 0.7777736 0.406494 -0.3668059 0.8367893 0.5644031 -0.2987906 0.769528 0.623503 -0.1024938 0.7750737 -0.1682524 -0.4238159 0.8899838 0.583817 0.1139357 0.8038511 0.009474456 -0.403719 0.914834 0.4575462 0.2733693 0.8461211 0.04221987 -0.3212289 0.94606 -0.04007774 -0.3267944 0.9442453 0.03984498 -0.3268122 0.944249 -0.04244911 -0.3212212 0.9460523 -0.009701669 -0.4037243 0.9148293 0.1680167 -0.4238469 0.8900136 0.2846246 -0.3630625 0.8872286 -0.5645923 -0.2986994 0.7694246 -0.4067263 -0.3667309 0.8367092 -0.2848411 -0.3630124 0.8871796 -0.4976176 -0.3437638 0.7963688 -7.95247e-5 0.1457539 0.9893209 -0.4912725 0.230883 0.8398479 -0.2518356 -0.3804948 0.8898329 -0.1180606 0.2211692 0.968063 -0.1000319 -0.4472578 0.8887938 -0.4576594 0.2734373 0.8460379 -0.5839561 0.1140449 0.8037344 -0.6236712 -0.1023901 0.774952 0.491155 0.2308028 0.8399386 0.4974158 -0.3438488 0.7964582 0.2516098 -0.3805314 0.8898811 0.1179103 0.2211569 0.9680842 0.09978103 -0.4472514 0.8888251 7.81762e-5 0.9998847 -0.0151925 -0.1535844 0.252999 0.9551981 0.1534363 0.2529762 0.9552279 0.5192995 0.5437951 -0.6592534 0.4559518 0.4897553 -0.7431338 0.7878354 -0.1023046 -0.6073297 0.9175854 0.07387852 -0.3906137 0.3642569 -0.2786726 -0.8886273 0.5639481 0.07305395 -0.8225727 0.3073114 0.4390783 -0.8442571 0.3992843 0.6307613 -0.6653664 0.3716703 0.6338403 -0.6783124 0.7430858 -0.4782565 -0.468075 0.3047292 0.6191717 -0.7237172 0.8810963 -0.332488 -0.3363348 0.2891082 0.5382928 -0.791617 0.4678964 -0.5758163 -0.6704541 -0.04097318 -0.8952144 0.4437481 5.67389e-5 0.4785699 -0.8780496 0.2438382 -0.6571853 -0.7131974 5.60836e-5 0.5032805 -0.8641231 -0.2437835 -0.6571781 -0.7132226 -0.4678434 -0.5758011 -0.6705041 -0.2890015 0.538302 -0.7916496 -0.3072024 0.4390896 -0.8442908 -0.4558507 0.4897722 -0.7431846 -0.3641691 -0.2786606 -0.8886671 -0.3991869 0.6307777 -0.6654092 -0.3715767 0.6338515 -0.6783532 -0.5192131 0.5438081 -0.6593106 -0.7877722 -0.1022773 -0.6074162 -0.5638549 0.0730741 -0.8226347 -0.9175397 0.07391041 -0.390715 -0.493291 0.5248473 -0.6936854 -0.9177259 0.3458446 -0.1953734 -0.787362 0.3588864 -0.5012602 -0.4546133 0.5177804 -0.7247277 -0.3046294 0.6191813 -0.723751 -0.2802365 0.5592997 -0.7801612 -0.9695242 -0.1438574 -0.1983126 -0.8810706 -0.3324577 -0.3364319 -0.7430519 -0.4782298 -0.4681562 0.04091328 -0.8953218 0.4435371 -0.234604 -0.7016078 0.6728355 -0.1258292 -0.832197 0.5400142 -0.02512276 -0.1285606 0.9913834 -0.1922423 -0.2118621 0.9582053 -0.02243733 0.01720613 0.9996002 -0.7409017 0.6126347 0.2752153 -0.8827555 0.4298366 0.1896924 -0.008271634 -0.9418637 0.3358936 -3.1628e-5 -0.9667696 0.2556495 -5.09442e-5 0.1901718 0.9817509 0.008202195 -0.9418641 0.3358941 0.02438896 -0.1275804 0.9915284 0.02232885 0.01720613 0.9996027 0.7408926 0.6126095 0.275296 0.4629334 0.8509299 0.248216 3.82469e-6 0.971915 0.2353323 5.34507e-5 0.634131 -0.7732256 0.2856002 0.5605818 -0.7772905 0.4246849 0.468648 -0.7746044 0.4720078 0.5597071 -0.681129 0.3276016 0.6632658 -0.6728714 5.27975e-5 0.6661912 -0.745781 0.3798615 0.9248919 -0.01674598 -0.3275032 0.6632772 -0.672908 -0.3798269 0.9249054 -0.0167877 1.8738e-5 0.9996657 -0.02585983 3.15824e-5 0.9629533 -0.2696685 -0.5629295 0.754782 -0.3367708 -0.7850349 0.612054 -0.09544742 -0.4719138 0.5597238 -0.6811804 -0.5465276 0.4543081 -0.7034997 -0.4245823 0.4686624 -0.774652 -0.2854944 0.5605941 -0.7773207 -0.3861877 0.4378869 -0.8118586 -0.4918804 0.5064641 -0.7082005 -0.2663121 0.4917525 -0.82901 -0.966219 0.2530998 0.04859304 -0.2927673 -0.3917195 0.8722633 -0.2711942 -0.5516016 0.7887899 -0.995706 0.04216194 -0.0824148 -0.4629293 0.8509463 0.2481672 -0.1600492 0.8264889 -0.5397226 -0.4201993 0.6342031 -0.6490139 5.44249e-5 0.583116 -0.812389 0.1601361 0.8264836 -0.5397049 0.4202923 0.6341888 -0.6489677 0.5629938 0.754762 -0.3367083 0.7874301 0.3588586 -0.5011732 0.9177594 0.345813 -0.1952722 0.7850667 0.6120265 -0.0953617 0.4196479 0.4134593 -0.8080515 0.1592499 0.2492551 -0.9552547 -0.1591363 0.2492614 -0.955272 5.40221e-5 -0.07283985 -0.9973437 4.80589e-5 -0.2871618 -0.9578821 -0.4195442 0.4134749 -0.8080973 0.5466223 0.4542887 -0.7034386 0.4547103 0.5177646 -0.7246782 0.4919767 0.5064467 -0.708146 0.3862908 0.4378734 -0.8118167 0.9662223 0.2530673 0.04869753 0.8827493 0.4298075 0.1897876 0.2664176 0.4917437 -0.8289812 0.2803419 0.55929 -0.7801303 0.969541 -0.143892 -0.1982057 0.9957163 0.04212838 -0.0823068 0.2191077 -0.6949592 0.6848528 0.1370989 -0.8353885 0.5322875 0.2777881 -0.5589311 0.7813001 0.3197744 -0.385814 0.8653855 0.2271327 -0.1827393 0.9565653 0.4933814 0.5248325 -0.6936323 0.5892785 -0.7529723 -0.2928888 0.6039846 -0.6723583 -0.4279451 0.74931 -0.5912076 -0.2983425 0.6595187 -0.7356005 -0.1546838 0.8122394 -0.5596816 -0.1643888 0.7538943 -0.4733433 -0.4556201 0.856745 -0.4039221 -0.320679 -0.0622549 0.6611109 -0.7477009 0.9614577 -0.1352396 -0.2393938 0.682072 0.2986749 -0.6675112 0.6926901 -0.7186086 -0.06149983 -0.132731 0.8985589 -0.4182995 0.8798551 -0.4717538 0.05747705 0.7271793 -0.6734281 0.1330599 0.9199874 -0.3707337 0.1272004 0.693301 -0.7203715 0.01996695 -0.6207076 0.7826826 0.04615396 -0.04920202 0.9924004 -0.1127868 0.8161755 0.453507 -0.3580352 -0.6614069 0.7181996 -0.2161722 -0.6384137 0.7324707 -0.2364628 0.9560484 -0.2849704 -0.06901717 0.9765244 0.01242709 -0.2150483 0.9955201 -0.09238362 -0.02012401 0.860657 0.2461369 -0.4457426 0.906753 0.2354051 -0.3498334 0.9808426 0.1836934 -0.06484276 0.9567583 -0.1136091 0.2677807 0.9495552 0.145024 0.2780523 0.9121371 0.3017588 0.2773944 0.9462839 0.313196 -0.08034455 0.8760281 0.2984123 -0.3788468 0.7122592 0.3153288 -0.6271002 0.6807358 0.3467823 -0.6452448 0.9496831 0.3039645 -0.07554864 0.8800376 0.2296667 -0.4156768 0.9537112 -0.2968779 -0.04794317 0.6852666 -0.3924388 -0.6135157 0.6049204 0.05760353 -0.7941997 0.5814377 -0.6272748 0.518128 0.8965435 -0.08370214 0.4349757 0.5526545 -0.8333745 -0.007761299 0.3398405 -0.7983605 -0.4971207 0.2823213 -0.7951304 0.5367143 0.1444955 -0.8194679 -0.554611 0.226328 -0.973624 -0.02884572 0.02132594 -0.9990223 -0.03872728 -2.62943e-5 -0.8369588 -0.5472661 0.04542726 -0.8464258 0.5305656 -0.1641071 -0.9820531 -0.09295618 -0.3196535 -0.8287264 -0.4593847 -0.4837648 -0.7898745 0.3769216 -0.3968451 -0.8881977 -0.2315573 -0.04448378 -0.9899519 -0.1342263 -0.5955607 -0.8032599 0.008998811 -0.8030578 -0.4033538 0.4386388 -0.5345991 -0.3366286 0.7751678 -0.7758689 -0.09288638 0.624019 -0.4145123 0.2582179 0.8726416 -0.6740319 0.2814281 0.6829929 -0.4600221 0.7362931 0.4962379 -0.2258567 0.8221376 0.5225692 -0.2287966 0.9693238 0.08979707 -0.1187737 0.9897103 0.0797888 -0.2376378 0.9524521 -0.1906916 -0.4268322 0.5772892 -0.6960973 -0.1296485 0.9744242 -0.183545 -0.1843898 0.7893185 -0.5856422 -0.05828267 0.7625407 -0.6443095 -0.009373009 0.9673355 -0.2533261 -0.003374338 0.9959539 0.08980321 -0.03890687 0.7578675 -0.6512474 0.01417464 0.96787 -0.2510516 0.0242713 0.9954549 0.09208947 0.07020771 0.9592977 -0.2735303 0.102335 0.9888569 0.1081193 0.06866759 0.822017 0.5653079 0.2618548 0.8203131 0.5084473 0.1385856 0.8364041 0.530304 0.2164793 0.9681011 0.1261624 0.1687251 0.9396157 -0.2977484 0.2136144 0.9225984 -0.3212181 0.085307 0.6729666 -0.7347372 0.2389844 0.9145776 -0.3262427 0.2867921 0.9501477 0.1223503 0.1078975 0.6470153 -0.7548043 0.08427453 0.1737054 -0.9811851 0.129158 0.1525031 -0.9798271 0.1762626 0.6547292 -0.7350246 0.2247028 0.2672971 -0.937049 0.6645859 0.6960484 -0.2717393 0.5104354 0.5178692 -0.6864891 0.6049271 0.2960164 -0.7392141 0.4288554 0.2688356 -0.8624445 0.3018341 0.3303645 -0.8942906 0.4161778 0.3673849 -0.8317599 -0.00335896 0.4689643 -0.8832108 -0.005429148 0.3463163 -0.9381021 -0.4136045 0.3691169 -0.8322765 0.005112767 0.6049241 -0.7962668 0.01122832 0.7760019 -0.6306308 0.4389812 0.5859635 -0.6811332 0.4709571 0.3617596 -0.8045679 -0.4542879 0.5884507 -0.6688411 -0.4870761 0.7058871 -0.5142767 -0.4708 0.3617663 -0.8046568 -4.30908e-5 0.8928777 -0.4502993 0.4770735 0.7175769 -0.5074291 0.4867097 0.7777162 -0.3978334 0.6704689 0.5701152 -0.4748054 0.5909592 0.4627881 -0.6607529 0.7472711 0.3736742 -0.5495032 0.762101 0.3171133 -0.5644833 0.830478 0.2340386 -0.505502 0.7863122 0.3562827 -0.5047533 0.8314897 0.2551247 -0.493494 0.7530391 0.4960278 -0.4323063 0.8619611 -0.05937653 -0.5034854 0.8718767 -0.1330819 -0.4712965 0.8635743 -0.01463901 -0.5040092 0.7579511 -0.4111027 -0.5064629 0.8574547 0.2853388 -0.4281978 0.7381929 -0.2335253 -0.6328801 0.4798535 -0.5356069 -0.6948856 0.5079116 -0.6419015 -0.5744461 0.7135657 -0.06486231 -0.6975794 0.4587833 -0.7750028 -0.4346133 0.2817984 -0.7464919 -0.6027766 0.2461746 -0.8641116 -0.4389867 0.4337082 -0.849599 -0.3001315 0.4364796 -0.886043 -0.1562479 0.2077648 -0.9363486 -0.2829933 1.27823e-4 -0.9012583 -0.4332822 1.18283e-4 -0.9628297 -0.2701095 0.2023401 -0.9688025 -0.1431096 1.11092e-4 -0.98525 -0.1711215 9.3992e-5 -0.9998359 0.01812094 0.2121041 -0.9770703 0.0185855 7.06629e-5 -0.9681429 0.2503984 0.1974042 -0.9529564 0.2300122 0.3881834 -0.8998101 0.1991369 0.4687732 -0.8832074 -0.01400887 0.5639259 -0.81364 0.1413423 0.4002289 -0.822283 0.4045583 0.2192753 -0.8438655 0.4897032 0.5591132 -0.7743163 0.2963558 0.429265 -0.651059 0.6259823 0.2730991 -0.6421719 0.7162626 0.3005753 -0.4464215 0.84283 0.4603985 -0.450872 0.764688 0.648274 -0.4166607 0.637287 0.5777716 -0.6591026 0.4814187 0.8253207 -0.4034964 0.3950145 0.7686471 -0.584049 0.2608993 0.8391807 -0.1613928 0.5193537 0.6874803 -0.2121611 0.6945204 0.8442699 0.09140759 0.5280653 0.7100427 0.04498678 0.7027202 0.7047896 0.2490429 0.6642661 0.8132104 0.2796249 0.5103909 0.9035875 0.2882149 0.3169573 0.7683653 0.3455854 0.5386887 0.6758704 0.3708728 0.6369086 0.6257067 0.4696086 0.6228636 0.6440507 0.4332489 0.6304715 0.7479521 0.2619066 0.6098957 0.4830479 0.3149483 0.8169899 0.5973658 0.08414101 0.7975428 0.3597753 0.4258049 0.8302121 0.2428905 0.490577 0.8368623 0.3429357 0.5518453 0.7601723 0.3294254 0.8119812 0.4818356 0.5436363 0.5649706 0.6206995 0.2629787 0.8183137 0.5110822 0.2881328 0.949358 0.1252958 0.682412 0.6603009 0.3135548 0.6531917 0.752807 0.08137708 0.7651005 0.5243669 0.3737121 0.8939251 0.4371976 -0.09877383 0.4405848 0.5398073 0.7172818 0.3875275 0.5665262 0.7272348 0.3044517 0.4574815 0.8354758 0.4869076 0.4630131 0.7406348 -3.06864e-5 0.570392 0.8213727 -0.4406316 0.5398808 0.7171977 -0.3045341 0.4575319 0.8354182 -0.3875702 0.566591 0.7271616 -4.5213e-5 0.4649139 0.885356 -2.89623e-5 0.5871489 0.8094791 -0.3185721 0.3414026 0.8842828 0.3184613 0.3413487 0.8843436 -6.13729e-5 0.3385171 0.9409602 -0.3151788 0.1940774 0.928976 -8.51014e-5 0.171963 0.9851035 0.3150277 0.1940306 0.929037 0.5106109 0.3639673 0.7789766 0.5247987 0.2196639 0.8223953 0.3094216 -0.02462065 0.9506062 0.5251225 -0.002781391 0.8510223 0.4972503 -0.2547988 0.8293491 -9.94334e-5 -0.03737539 0.9993013 0.300994 -0.2623129 0.9168395 -9.19498e-5 -0.2545518 0.9670593 -6.4202e-5 -0.4363258 0.8997887 -0.3007037 -0.446443 0.8427729 -0.3011721 -0.2623154 0.9167802 -0.4974084 -0.2548054 0.8292521 -0.3096073 -0.0245946 0.9505464 -0.4605097 -0.4509016 0.7646036 -0.6876111 -0.2121788 0.6943855 -0.5252889 -0.002738177 0.8509196 -0.7101758 0.04503142 0.7025829 -0.5249285 0.2197382 0.8222927 -0.7048842 0.2491397 0.6641293 -0.5106971 0.3640534 0.7788797 -0.6759296 0.3709861 0.6367799 -0.4869715 0.4630942 0.7405421 -0.543657 0.5650619 0.6205982 -0.6257468 0.4697129 0.6227446 -0.6440986 0.4333562 0.6303487 -0.768413 0.3457114 0.5385399 -0.3429867 0.5519042 0.7601066 -0.4831286 0.3149526 0.8169404 -0.7480494 0.2620332 0.6097218 -0.5979235 0.08381247 0.7971594 -0.8972768 -0.08156663 0.4338677 -0.9035303 0.2887274 0.3166536 -0.3605369 0.4257773 0.8298957 -0.5821997 -0.628345 0.5159711 -0.4554279 -0.2136511 0.8642562 -0.262238 0.8201572 0.5085013 -0.3176403 0.289833 0.9028298 -0.2428657 0.4906682 0.836816 -0.2629919 0.8183394 0.5110344 -0.3293917 0.8120336 0.4817702 -0.2880065 0.9494037 0.12524 -0.6823608 0.6604149 0.313426 -0.2387655 0.914619 -0.3262869 -0.2865319 0.9502233 0.1223734 -0.664415 0.6961617 -0.271867 -0.6530864 0.752912 0.08125138 -0.2163395 0.9681068 0.1263593 -0.2133611 0.9226264 -0.3213062 -0.1684373 0.9396055 -0.2979438 -0.1032931 0.9888021 0.1077075 -0.0690242 0.9595997 -0.2727712 -0.02439141 0.995481 0.09177589 -0.06958538 0.8214759 0.5659818 -0.1385766 0.8361232 0.5307491 0.00431621 0.9959335 0.08998852 -0.1854537 0.2104725 0.9598481 0.003530442 0.1823446 0.9832285 0.008382558 0.8036991 0.594977 0.224707 0.8214988 0.5240674 0.1181101 0.9897256 0.08058136 0.130391 0.974412 -0.1830838 0.009872198 0.9674683 -0.2527999 0.2276554 0.9694733 0.09107476 0.2374615 0.9528191 -0.1890712 0.4294915 0.5780662 -0.693813 0.1867609 0.7893018 -0.5849129 0.5080357 0.08096367 -0.8575224 0.253587 0.2492331 -0.9346532 0.584936 -0.4520571 -0.67342 0.3794742 -0.3368152 -0.8617163 0.3204311 -0.8288385 -0.4586401 0.3965441 -0.8886555 -0.2303133 0.1640611 -0.9820737 -0.09281933 0.04460668 -0.9898124 -0.1352099 0.5953603 -0.8033956 0.01007866 0.4824531 -0.7904044 0.377492 0.801472 -0.4051027 0.4399256 0.5325145 -0.3379875 0.7760108 0.7744462 -0.09450691 0.6255411 0.4120782 0.2572737 0.874072 0.6724748 0.2818739 0.6843426 0.4582735 0.7364896 0.4975627 -0.03136497 -0.3543968 0.934569 -0.04670536 -0.846858 0.5297645 -0.2377138 -0.3149585 0.9188544 -0.2826375 -0.7955812 0.5358793 -0.0213918 -0.9989879 -0.03956919 0.001272678 -0.8357012 -0.5491829 -0.1439266 -0.8190822 -0.5553283 -0.2264381 -0.9735847 -0.02930486 -0.5521719 -0.8336743 -0.009661793 -0.3392742 -0.79739 -0.4990615 -0.120489 -0.414333 -0.9021145 -0.03831821 -0.390473 -0.9198166 0.0523535 -0.3981998 -0.9158034 0.06175029 0.2122577 -0.9752608 0.05893033 0.7630686 -0.6436253 0.04059433 0.7585735 -0.6503218 0.05372709 0.2547922 -0.9655022 0.02412462 0.2279981 -0.9733627 -0.003996431 0.7303681 -0.6830421 -0.08321702 0.1742716 -0.981175 -0.08494287 0.673634 -0.7341675 -0.1074684 0.647237 -0.7546753 -0.12748 0.1530227 -0.9799658 -0.2242731 0.267454 -0.9371072 -0.1760065 0.6547589 -0.7350595 -0.5102177 0.5179554 -0.686586 -0.617731 0.3175649 -0.7194172 -0.4390255 0.2591168 -0.8602994 -0.2976493 0.3248926 -0.8976914 -0.6804209 0.3464482 -0.6457561 -0.6041459 0.05727517 -0.7948129 -0.8801653 0.2286452 -0.4159691 -0.8759115 0.2984746 -0.3790676 -0.7120925 0.3154179 -0.6272447 -0.906676 0.2354219 -0.3500216 -0.980824 0.1837231 -0.06503957 -0.9462456 0.3132739 -0.0804907 -0.9495066 0.3043485 -0.07621937 -0.9537665 -0.2966957 -0.04797053 -0.6837257 -0.3940745 -0.6141861 -0.9121508 0.3018766 0.2772213 -0.949604 0.1450609 0.2778664 -0.8132711 0.2797334 0.5102348 -0.8443671 0.09145319 0.5279021 -0.9568046 -0.1136601 0.2675936 -0.8392748 -0.161426 0.5191912 -0.9955111 -0.09243875 -0.02031826 -0.9199821 -0.3708161 0.1269981 -0.8253635 -0.4035613 0.3948589 -0.7686504 -0.5841158 0.2607402 -0.8798462 -0.4718033 0.05720561 -0.5778189 -0.6591413 0.4813088 -0.6483616 -0.4167078 0.6371672 -0.9614743 -0.1355015 -0.239179 -0.7270864 -0.6735578 0.1329109 -0.6931623 -0.7205086 0.01983475 -0.5637984 -0.8137475 0.1412318 -0.5590509 -0.7744027 0.2962474 -0.6925392 -0.7187426 -0.06163305 -0.4686006 -0.8832978 -0.01409816 -0.8154639 -0.5534155 -0.1695579 -0.6593476 -0.7357271 -0.1548108 -0.4362801 -0.8861266 -0.1563316 -0.589078 -0.7530847 -0.2930028 -0.7491387 -0.5913513 -0.2984876 -0.6037735 -0.6724741 -0.4280611 -0.4334867 -0.8496822 -0.300216 -0.4585512 -0.7750913 -0.4347004 -0.245924 -0.8641591 -0.4390336 -0.2075308 -0.9363883 -0.2830336 -0.2815386 -0.7465452 -0.602832 1.37285e-4 -0.7847832 -0.6197705 1.36859e-4 -0.6422239 -0.7665171 -0.297147 -0.6036315 -0.7398194 0.3989615 -0.4646878 -0.7905031 1.3286e-4 -0.5445156 -0.8387508 0.2974053 -0.6035761 -0.7397609 -0.3987212 -0.4647642 -0.7905794 -0.3160468 -0.3515317 -0.881215 -0.7134197 -0.06499975 -0.6977158 -0.4796186 -0.535698 -0.6949775 1.26174e-4 -0.4029156 -0.9152371 0.316284 -0.3514702 -0.8811544 1.13006e-4 -0.1935132 -0.9810978 6.29328e-5 0.2878094 -0.9576877 0.6088106 -0.01018011 -0.7932503 -0.6086561 -0.01029777 -0.7933674 -0.6568399 0.7132998 -0.2444688 -0.8421564 0.272482 -0.4653238 -0.8574274 0.2851741 -0.4283623 -0.728749 0.6536404 -0.2041544 -0.5849088 0.7665378 -0.2651442 -0.7530511 0.4958832 -0.4324514 -0.8314438 0.2549642 -0.4936544 -0.7380263 -0.2336673 -0.633022 -0.8634747 -0.01480478 -0.504175 -0.7577756 -0.4112482 -0.5066075 -0.5076793 -0.6419985 -0.574543 -0.7537161 -0.4734874 -0.4557651 -0.8618529 -0.05954277 -0.5036512 -0.8753868 -0.3862197 -0.2907446 -0.8928548 -0.1887197 -0.4088951 -0.8303316 0.2338818 -0.505815 -0.6791056 0.2915048 -0.673677 -0.8176427 0.4510641 -0.3577732 0.06225574 0.6620851 -0.7468385 -0.6003062 0.401636 -0.6916075 -0.6511418 0.6810259 -0.3349897 -0.5777127 0.7130675 -0.397219 0.04901599 0.9924771 -0.1121904 -0.6602094 0.7379034 0.140079 -0.8174464 0.5515884 0.1659268 -0.297408 0.8362705 0.460652 -0.1573117 0.7597418 0.6309085 -0.6523817 0.6055114 0.4558005 0.2768852 0.9063429 0.319182 0.02238124 0.6331743 0.7736856 0.3420372 0.7437381 0.5743383 0.2474042 0.3833088 0.8898682 0.5469248 0.4055132 0.7324154 0.6211556 0.782258 0.04731088 0.8908128 0.3556426 0.2827912 0.6384208 0.7327791 -0.2354863 0.8677022 0.08238041 -0.4902107 0.9755371 0.1365568 -0.1722782 0.6612114 0.7188051 -0.2147531 0.5587355 0.2216657 -0.799174 0.1318544 0.8989721 -0.4176883 0.07515716 0.11935 -0.9900036 0.03930109 0.06618154 -0.9970333 0.04426974 -0.01749485 -0.9988664 -0.3464162 0.1325023 -0.928676 -0.3731332 -0.001767635 -0.9277761 -0.7597294 0.193674 -0.6207267 -0.8045859 0.0118668 -0.5937176 -0.8244013 0.4899996 -0.2833075 -0.9659702 0.2094348 -0.1517856 -0.9924673 0.01165372 -0.1219544 -0.810836 -0.08054953 -0.5797042 -0.9907162 -0.05559051 -0.1240614 -0.8034672 -0.1458338 -0.5772114 -0.3717131 -0.06717884 -0.9259138 0.02226454 -0.05255967 -0.9983696 -0.3791633 -0.1073953 -0.9190765 0.4745146 -0.0840159 -0.8762291 -0.007585406 -0.06314551 -0.9979755 0.497975 -0.009439647 -0.8671401 -0.03513014 -0.09883636 -0.9944834 -0.4457152 -0.1356855 -0.884832 -0.8083763 -0.2000437 -0.5536338 -0.9678075 -0.2120669 -0.1355599 -0.9355293 -0.232146 0.2662579 -0.9793615 -0.1491808 -0.1363672 -0.9655882 -0.1617779 0.2036358 -0.7409293 -0.2354858 0.6289437 -0.7564803 -0.05209124 0.6519389 -0.7473051 -0.3008376 0.5924794 -0.9775139 -0.04107046 0.2068334 -0.2755159 -0.2765846 0.9206477 -0.3703761 -0.3587019 0.8568283 0.1918757 -0.02093607 0.9811959 -0.2587044 -0.04887771 0.9647192 0.1833953 -0.2641962 0.9468721 0.2097861 0.1857628 0.9599385 0.5851868 0.16259 0.7944312 0.6120668 -0.02995967 0.7902385 0.5976039 -0.2621276 0.7577328 0.9116375 -0.3277557 0.2479788 0.6662237 -0.3619005 0.6520538 0.9105669 -0.2471245 0.3313573 0.9323257 -0.06261849 0.3561568 0.9304191 0.1232516 0.3451514 0.9874969 -0.01292955 -0.1571072 0.973053 -0.1768726 -0.1479322 0.8374382 -0.1291618 -0.5310506 0.8520107 -0.1788721 -0.4920189 0.9528214 -0.2335081 -0.1939211 0.5459527 -0.1397746 -0.8260743 0.8486832 -6.15541e-4 -0.5289012 0.5171235 0.02667254 -0.855495 0.2263491 -0.3608658 0.9047332 -0.2320662 0.1358544 0.9631661 -0.1483209 0.3395894 0.9288057 -0.682479 0.2878543 0.6718351 -0.4173144 0.5973915 0.6848154 -0.9509681 0.230558 0.206162 -0.7452003 0.07902085 0.6621421 -0.9767124 0.02578622 0.2129977 -0.8605498 0.2459377 -0.4460593 -0.9560041 -0.2850742 -0.06920158 -0.976479 0.01233482 -0.2152596 -0.747152 0.3735021 -0.5497819 -0.7619329 0.3170766 -0.5647308 -0.5908796 0.4626908 -0.6608923 -0.6704872 0.5699868 -0.4749338 -0.4867825 0.7776228 -0.397927 -0.7862838 0.3561312 -0.5049045 -1.03669e-4 0.996577 0.0826705 -7.36732e-5 0.976014 -0.2177081 0.5848122 0.7666503 -0.2650322 0.7286622 0.6537811 -0.2040143 -1.25314e-4 0.9218662 0.3875086 0.6567512 0.7134243 -0.2443437 0.8421929 0.2726439 -0.4651628 -6.96704e-5 0.9703172 -0.2418359 -0.2021261 -0.9688414 -0.1431483 -0.2119198 -0.9771111 0.01854532 -0.3880444 -0.8998875 0.1990587 -0.1972645 -0.9529951 0.229972 2.22714e-5 -0.8478756 0.5301954 -0.2192364 -0.8439006 0.4896602 -4.32184e-5 -0.6621708 0.749353 -0.4001804 -0.822344 0.4044824 -0.2731856 -0.642193 0.7162108 -0.429331 -0.651096 0.6258986 0.02247917 0.1394467 -0.9899745 0.007949888 0.261241 -0.9652409 -0.8938329 0.4373474 -0.09894472 -0.7650834 0.5244948 0.3735673 -0.01343852 0.9686434 -0.2480916 0.4552461 -0.2117679 0.8648153 0.3166657 0.2911331 0.9027539 0.2368057 -0.3141552 0.9193637 0.1840121 0.2111732 0.9599717 -0.005913257 0.1833972 0.9830211 0.02948331 -0.3536724 0.9349046 -0.01004815 0.8041806 0.5943002 0.006406784 0.7289076 -0.6845821 -0.0224775 0.2267811 -0.9736863 0.1214265 -0.4152101 -0.9015855 -0.05146646 0.2543511 -0.9657415 -0.05995643 0.2112352 -0.9755946 0.04009515 -0.3905916 -0.9196905 -0.05037045 -0.3992545 -0.9154555 -0.2508205 0.2468384 -0.9360342 -0.3764775 -0.3372149 -0.8628736 -0.5826359 -0.4521825 -0.6753269 -0.5044118 0.08014678 -0.8597356 0.574932 0.7141513 -0.3993009 0.6601318 0.7380614 0.1396115 0.6518136 0.6805612 -0.3346276 0.6002762 0.4009296 -0.6920433 0.823876 0.4902375 -0.2844215 0.8172997 0.5519698 0.1653808 0.9508926 0.231022 0.2059902 0.2972432 0.837 0.4594318 0.6521779 0.6064228 0.4548796 -0.2780817 0.9066736 0.3171966 0.1570439 0.7608595 0.6296271 -0.02348911 0.6347844 0.7723322 -0.3430607 0.744791 0.5723599 -0.247814 0.3856639 0.888736 -0.5469901 0.4075175 0.7312533 -0.8906674 0.3566972 0.2819195 -0.9304481 0.1236431 0.3449333 -0.5853652 0.163354 0.7941431 -0.2100986 0.18678 0.9596728 -0.6120554 -0.02908408 0.7902799 -0.1920949 -0.02019673 0.9811685 0.1479412 0.3417568 0.928071 0.2585833 -0.04800951 0.9647953 0.23179 0.1370242 0.9630669 0.27527 -0.2754613 0.9210579 0.7564358 -0.0512163 0.6520599 0.7449501 0.07999604 0.6623066 0.7407256 -0.2347226 0.6294687 0.9655708 -0.1615477 0.2039008 0.9774339 -0.04058402 0.2073063 0.9907332 -0.05573636 -0.1238605 0.9924633 0.01168388 -0.1219843 0.9767378 0.02648776 0.2127948 0.9660241 0.2090528 -0.1519689 0.8051443 0.01129311 -0.5929715 0.8108935 -0.08126807 -0.5795235 0.373242 -0.002984225 -0.9277293 0.3718912 -0.06917047 -0.9256957 0.803672 -0.1463795 -0.576788 0.379382 -0.1083495 -0.9188742 -0.02225798 -0.05379396 -0.998304 -0.4745155 -0.08496099 -0.8761374 -0.4982059 -0.01047134 -0.8669955 0.007794857 -0.06424123 -0.997904 -0.044555 -0.0184369 -0.9988368 0.03534817 -0.09885245 -0.9944741 0.4458873 -0.1356549 -0.88475 0.8084959 -0.1999955 -0.5534766 0.9678682 -0.2119289 -0.1353414 0.9355224 -0.2319776 0.2664285 0.9794129 -0.149209 -0.135967 0.7472248 -0.3006583 0.5926718 0.3703078 -0.3584549 0.8569611 -0.2255827 -0.3607708 0.9049624 -0.1833369 -0.263023 0.9472099 -0.6661965 -0.3618423 0.6521138 -0.5976766 -0.2614554 0.7579075 -0.911821 -0.3276227 0.247479 -0.9106832 -0.2471181 0.3310423 -0.9322127 -0.06217002 0.3565312 -0.9730104 -0.1770967 -0.1479448 -0.9874897 -0.0133928 -0.1571138 -0.8373471 -0.1293927 -0.531138 -0.8487461 -0.001516401 -0.5287984 -0.9755492 0.1359345 -0.1727008 -0.8676075 0.0809797 -0.4906116 -0.517172 0.02538412 -0.8555051 -0.5586304 0.2198829 -0.7997398 -0.07533377 0.1184386 -0.9900996 -0.0390734 0.06402939 -0.9971829 0.346431 0.1311817 -0.9288579 0.7598397 0.1926069 -0.6209239 -0.8518834 -0.1790934 -0.4921588 -0.5457555 -0.1399377 -0.826177 -0.9527578 -0.2336434 -0.1940706 0.6822744 0.2893777 0.6713883 0.4170688 0.5986524 0.6838633 -9.87486e-5 0.004163265 0.9999914 -9.30147e-5 0.004167139 0.9999914 -9.30707e-5 0.004167139 0.9999914 -8.73367e-5 0.004171013 0.9999913 -0.7627784 -0.6299785 -0.1459321 -0.5903903 -0.5334373 -0.6057094 -0.8052421 0.1769316 -0.5659334 -0.9646685 0.007313072 -0.2633653 -0.8827773 -0.4362185 -0.1744068 -0.9971033 0.06861191 0.03282552 -0.8112357 -0.5122521 0.2819478 -0.814637 -0.43643 0.3819627 -0.8442329 0.4831656 0.2319953 -0.9529899 0.3015073 -0.03006178 -0.9537173 0.2867531 -0.09053236 -0.6870285 0.7043808 -0.1784368 -0.7727603 0.633674 -0.03604012 -0.9440391 0.3223531 0.06984823 -0.9980714 0.001496315 0.06205946 -0.9991998 0.009990036 -0.03873336 -0.9962158 0.02293086 -0.0838353 -0.9926094 -0.0947532 -0.07581919 -0.8804814 0.02008563 -0.4736553 -0.8806241 -0.1134574 -0.4600312 -0.8127475 0.3443964 -0.4699282 -0.475171 0.3969967 -0.7852428 -0.4963016 0.04009401 -0.8672239 -0.5031672 -0.1006008 -0.8583136 5.52957e-5 -0.08611851 -0.9962849 -0.3855375 -0.6484548 -0.6564048 -0.6704347 -0.6527759 -0.3527054 9.62994e-5 -0.6565902 -0.7542476 0.3858286 -0.6483542 -0.6563331 0.5033887 -0.1005083 -0.8581946 0.6699234 -0.6528853 -0.3534735 0.4965 0.04019844 -0.8671054 0.8805719 0.02111226 -0.473442 0.8801878 -0.1132083 -0.4609267 -2.46423e-5 0.3999869 -0.916521 0.4752504 0.3970952 -0.785145 5.51432e-5 0.03209179 -0.999485 0.464911 0.2962414 -0.8343253 0.7843297 0.2003172 -0.5871118 0.8131861 0.3439462 -0.4694993 0.9734252 0.01877582 -0.2282346 0.9552931 0.2824237 -0.08747643 0.996261 0.02961277 -0.08116132 0.9986181 0.01973074 -0.048711 0.9954575 -0.08391058 -0.04498374 0.992464 -0.09481287 -0.0776261 0.989059 -0.1244737 0.07917469 0.6825325 -0.7302769 -0.02907109 0.733699 -0.6768115 -0.06010013 0.9979596 0.003062844 0.06377679 -0.7329658 -0.6778698 -0.05704146 -0.6844619 -0.7286649 -0.02365225 0.7491225 -0.6592763 0.06457829 -0.7458127 -0.663415 0.06036609 -0.9958579 -0.08275675 -0.03766238 -0.9901075 -0.1195902 0.07338511 -0.8296141 -0.1413804 0.5401409 -0.6408797 -0.6506741 0.407304 -0.8701457 -0.05504846 0.4897102 -0.8216623 0.3497591 0.450044 -0.4847971 0.3116187 0.8172304 -0.4820374 -0.1062496 0.8696844 -0.4590541 -0.1426792 0.8768764 -2.99572e-4 -0.1113358 0.9937828 -0.3504892 -0.6556346 0.6688054 -1.757e-4 -0.6590572 0.7520929 -2.88363e-4 -0.07209414 0.9973978 0.4816306 -0.106155 0.8699214 0.4588789 -0.1427356 0.8769589 0.3506286 -0.6554558 0.6689075 0.8227621 -0.1413877 0.5505199 0.8629291 -0.05647683 0.5021592 0.8160447 0.3522859 0.4582203 0.484315 0.3117358 0.8174716 0.4685445 0.7267264 0.5023295 0.7122958 0.6714447 0.2044427 0.9386178 0.3396233 0.0604391 0.7858242 0.6146898 -0.0680955 0.3578659 0.9172666 0.1747973 0.3682618 0.9124821 -0.1782126 -3.10148e-4 0.877391 0.479776 -2.52045e-4 0.9865359 0.1635447 -0.3582467 0.917147 0.1746447 -0.468999 0.7265975 0.5020917 -3.38293e-4 0.6061844 0.795324 -3.14633e-4 0.2331561 0.9724393 -0.7199149 0.6642367 0.2012762 -0.3684406 0.9123803 -0.1783642 -1.4223e-4 0.9820007 -0.1888774 -0.03303718 0.8952876 0.4442619 -0.4242042 0.8906966 0.1634333 0.413355 0.9009442 0.1320504 0.08103847 -0.3691869 0.9258153 0.6714056 -0.4754707 0.5684559 0.6085945 -0.4351283 0.663533 -0.4795777 -0.2389208 0.8443471 -0.4301009 -0.4353975 0.790849 0.1099271 -0.4357995 0.8933057 0.1132401 0.3740216 0.9204806 0.6267665 0.3739508 0.6836115 0.8829163 -0.4361116 0.17397 0.8146867 -0.4355641 -0.3828439 0.7232965 -0.6180253 -0.3080374 0.9090563 0.37576 0.1800585 0.7977985 -0.5946429 0.09958696 0.9996236 0.02737331 -0.001865923 0.8170769 0.536292 0.2116039 0.9532378 0.30095 -0.02768921 0.7235087 0.673937 -0.1494799 0.235575 0.9363884 0.2601563 0.3428641 0.9368638 0.06877911 0.8391885 0.3756673 -0.3932392 0.4304586 -0.4340422 -0.7913993 0.4429885 0.3754621 -0.8141188 0.3166749 0.936789 -0.1488066 -0.1095761 -0.4349008 -0.8937865 0.4367221 -0.4973334 -0.7496221 -0.007170498 0.3805582 -0.9247292 -0.1481502 -0.485629 -0.8615196 -0.4143559 0.4003271 -0.8173418 -0.1128237 0.3745834 -0.9203033 -0.6088984 -0.4339987 -0.663994 -0.6268258 0.3747405 -0.6831245 -0.9092516 0.3756422 -0.1793167 -0.3426556 0.9370062 -0.06787121 -0.2357459 0.9366896 -0.2589141 -7.71694e-5 1 4.66729e-4 -0.04224199 0.9382181 -0.343457 0.1650896 0.9371862 -0.3072905 0.04218441 0.9375925 0.345168 -0.3160136 0.9369227 0.14937 -0.1657915 0.9363322 0.3095079 -0.4432012 0.3739513 0.8146983 -0.8388799 0.3760573 0.3935245 0.6340183 -0.6529958 0.4142673 0.1486764 -0.4847835 -0.861905 0.5902091 -0.5340528 -0.6053436 0.007218182 0.3808751 -0.9245983 -0.436251 -0.4982728 -0.7492725 0.1098188 -0.4350269 -0.8936954 -0.4644038 0.2970242 -0.8343296 -0.7840855 0.200589 -0.587345 -0.4301611 -0.4347928 -0.7911491 -0.8145256 -0.4361163 -0.3825581 -0.7231869 -0.617796 -0.3087537 -0.9733866 0.01869595 -0.2284055 -0.8134808 0.3442287 -0.4687812 -0.4743943 0.3984609 -0.7849708 -0.9962419 0.02949607 -0.08143782 -0.8804311 0.02177017 -0.4736741 -0.9553541 0.2822343 -0.08742159 -0.4961822 0.04101854 -0.867249 -0.5032523 -0.09863084 -0.8584925 -0.8800533 -0.1124154 -0.4613773 -0.9924236 -0.09498471 -0.07793122 -0.7334135 -0.6770284 -0.06113326 -0.6699061 -0.6521881 -0.3547909 -0.9957954 -0.08143675 -0.0419476 -0.6824573 -0.7303211 -0.02971744 0.6846475 -0.7284764 -0.0240826 0.7329654 -0.6778095 -0.05775815 0.9926325 -0.09451729 -0.07581061 0.9961681 -0.08026528 -0.03473526 0.6707804 -0.6518379 -0.3537811 0.3859699 -0.6473118 -0.6572784 0.5033983 -0.09853142 -0.8584183 -0.3857623 -0.6473584 -0.6573542 0.8807147 -0.1122918 -0.4601439 0.8805259 0.02104914 -0.4735305 0.9962472 0.02291876 -0.0834648 0.4744633 0.3985444 -0.7848865 0.8130597 0.3450037 -0.4689418 0.4963012 0.04110455 -0.8671768 0.9537155 0.2869164 -0.09003335 0.9538877 0.2990244 -0.02613294 0.9970756 0.06881624 0.03323805 0.9646742 0.007978498 -0.2633252 0.8051224 0.1775697 -0.5659036 0.7629535 -0.6297166 -0.1461473 0.8112465 -0.5121123 0.2821705 0.8145921 -0.4367211 0.3817258 0.8828566 -0.4359959 -0.1745619 0.6088923 -0.4345081 -0.6636663 0.6273276 0.3740714 -0.6830306 0.9093075 0.3758965 -0.1784989 0.8389307 0.3749582 0.3944638 0.3164313 0.9365742 0.150666 0.3427719 0.936967 -0.06782484 -1.83266e-4 0.9999995 0.001047492 0.1650751 0.93661 0.3090504 -0.04243838 0.9375484 0.3452566 0.4426484 0.3749485 0.8145405 -0.2356529 0.9362295 0.260657 -0.6268467 0.3742901 0.6833522 -0.1134965 0.3737761 0.9205488 -0.1100137 -0.4358752 0.893258 -0.608485 -0.4359713 0.66308 0.4299839 -0.4361044 0.7905231 -0.08101433 -0.3694607 0.9257081 -0.6713415 -0.4759843 0.5681017 -0.4139716 0.9005661 0.1326959 0.4791847 -0.2413994 0.8438652 0.4243083 0.8904455 0.1645278 0.03262871 0.8943411 0.4461944 -0.7976458 -0.5949054 0.09924077 -0.8168652 0.5362606 0.2124997 -0.3683319 0.9125216 -0.1778653 -0.7232914 0.6743128 -0.1488352 -0.9996353 0.02693355 -0.001958608 -0.9532486 0.300921 -0.02763682 -0.9386516 0.3394495 0.06088757 -0.9988225 0.01712512 -0.04539448 -0.9981742 1.40743e-5 0.06040114 -0.9896827 -0.1221061 0.07495635 -0.8628786 -0.05747807 0.5021324 -0.8228461 -0.1421952 0.5501863 -0.634268 -0.6527506 0.4142714 -0.7489377 -0.6595339 0.06409007 0.7458422 -0.6633971 0.06019634 0.6412171 -0.6501855 0.407553 0.3509739 -0.6574786 0.6667378 0.829553 -0.1418668 0.5401073 0.9906283 -0.1172075 0.07012784 0.8699277 -0.05570167 0.4900238 0.4590451 -0.1440743 0.8766528 0.9984256 0.001922786 0.05606001 0.8215299 0.3494523 0.4505238 0.4846675 0.3112018 0.8174662 0.4817299 -0.1072329 0.8697341 8.3909e-5 0.2324792 0.9726015 1.10084e-4 -0.07336443 0.9973052 1.30298e-4 -0.1105101 0.993875 -0.4816156 -0.1073236 0.8697862 -0.4591503 -0.1443051 0.8765599 1.57852e-4 -0.6566094 0.7542309 -0.3511189 -0.6574337 0.6667057 -0.4846184 0.3111318 0.8175219 -0.8162143 0.3516608 0.4583981 -0.4690492 0.7259591 0.5029674 6.98452e-5 0.6049837 0.796238 -0.7127699 0.6706323 0.2054544 -0.7858126 0.6147298 -0.06786859 -0.3583491 0.9169386 0.1755271 4.99673e-5 0.8766083 0.4812049 3.15036e-5 0.9864017 0.1643524 0.3583124 0.9169558 0.1755117 0.4690327 0.72601 0.5029095 0.7200604 0.6636933 0.202545 0.945097 0.3198702 0.06689351 0.7724739 0.6340556 -0.0354613 0.6864986 0.7051085 -0.1776003 0.3682305 0.9125605 -0.1778752 -1.00954e-5 0.9821921 -0.1878799 0.8440142 0.4829622 0.2332112 0.9994335 0.01099365 -0.03181099 -0.8828539 -0.4361692 0.1741419 -0.9095159 0.3747839 0.179772 -0.839289 0.375176 -0.3934934 -0.3440161 0.9363557 0.06993627 -0.3170804 0.936676 -0.1486542 -0.1658776 0.936953 -0.3075774 -0.4432834 0.374591 -0.8143595 0.1128947 0.3753457 -0.9199841 0.0420069 0.938613 -0.3424049 0.2363402 0.9365291 -0.2589526 0.4141765 0.4009684 -0.8171182 1.23087e-4 0.4010906 -0.9160385 1.29932e-4 0.03295338 -0.999457 1.51687e-4 -0.08549141 -0.9963389 1.73516e-4 -0.6573948 -0.7535464 0.2365542 0.9689137 0.07244539 0.2745385 0.9614864 -0.01313322 0.2248226 0.9602609 -0.16539 0.3414801 0.5660625 0.7503098 -0.0705403 0.9946947 0.07487654 -0.1933241 0.876165 0.4415436 -0.02396076 0.8012592 0.5978375 0.1065421 0.7349559 0.669693 0.08750945 0.9902739 0.1081654 0.4203865 0.5591171 -0.7146071 0.9668567 0.1506326 0.2061505 0.2212905 0.05801177 -0.973481 0.4739005 0.8766826 0.08274024 0.3526577 0.649366 -0.6737629 0.02340292 0.01744711 -0.999574 0.8814192 0.46744 0.06782436 0.6230853 0.2742876 -0.7324829 0.9851853 -0.1664719 0.04119682 0.6326541 0.2770047 0.7231993 0.2998109 0.629495 0.716833 0.07716935 -0.06737262 0.9947391 0.6473774 -0.4678342 0.6016924 -0.02315998 -0.7375584 0.6748862 0.439147 -0.896622 -0.05673646 -0.4709314 -0.8790504 -0.07412278 0.07255983 -0.6038882 -0.7937595 0.6823637 -0.3835428 -0.622314 0.1177579 -0.0676254 -0.990737 -0.2885065 -0.5891392 -0.7547709 -0.3726295 -0.2334487 -0.8981364 -0.5484629 -0.8357447 0.0268175 -0.7780657 -0.6236421 -0.07539433 -0.5316847 -0.4910824 0.6900359 -0.3751169 -0.553604 0.743512 -0.08457243 0.06633692 0.9942067 0.08880084 0.06697016 0.9937955 0.2353469 -0.5491219 0.801921 0.2845605 0.2683988 0.9203193 0.6873342 0.06824588 0.7231282 0.5871486 -0.667772 -0.4575338 0.5499493 0.818751 0.1649325 0.5470367 0.5147261 -0.6601576 0.4355006 0.5843876 0.6847119 0.1877068 0.5872936 0.7873071 0.5058013 0.5087737 0.6966452 0.5315401 0.8470332 -3.67028e-5 -0.4892687 0.1129541 0.8647876 -0.1659377 0.04603987 0.985061 -0.1257575 0.4713534 0.8729325 0.2087996 -0.1776869 0.961681 -0.3805484 -0.5429351 0.7486017 -0.1034359 -0.7643269 0.6364789 -0.2024301 -0.9784572 0.04054468 -0.6005376 -0.4650145 0.6504737 -0.4312365 -0.895159 0.1128079 -0.1737356 -0.7031868 -0.6894522 -0.2482969 -0.7211086 -0.6468006 -0.3555663 -0.9237027 0.1426398 -0.6426278 -0.6291596 0.43725 -0.2711933 -0.9596298 -0.07459872 0.02042645 -0.9181938 -0.3956046 -0.5812959 3.90967e-4 0.8136923 -0.1066147 -0.9572397 -0.2689343 -0.3366538 0.4275657 0.8389589 0.01060396 -0.9909659 -0.1336947 -0.123281 -0.9783449 -0.1662617 -0.025159 -0.9888943 -0.1464764 0.3998192 -0.9068252 -0.133464 -0.2388676 -0.5666169 -0.7885985 -0.1414986 -0.5784183 -0.8033745 -0.2255297 0.1161877 -0.9672833 0.1601928 -0.5557268 -0.8157855 0.3055265 -0.9341764 -0.1843044 -0.06851506 0.05211907 -0.9962878 -0.09687376 0.6986477 -0.7088772 0.1843513 0.6746268 -0.7147681 -0.02959042 0.1035258 -0.9941865 -0.04935288 -0.5451037 -0.8369147 -0.6211016 -0.3684343 -0.6917291 0.1009843 -0.9882813 -0.1144654 -0.09219056 0.02960002 -0.9953014 0.003307461 -0.1176426 -0.9930505 0.6640138 0.2885575 -0.6897973 0.4753358 0.4824313 -0.7357417 0.7191397 0.693019 -0.05062365 0.9465694 0.3157545 -0.06561654 0.7190216 0.3436423 0.6040845 0.7753669 -0.2582846 0.576277 0.9553816 -0.2870014 -0.06983006 0.006187081 0.05572474 0.9984271 0.5299022 0.5402265 0.6537271 0.3369606 -0.04026764 0.9406573 -0.5303418 -0.3047589 0.791113 -0.4802179 -0.4495587 0.7531851 0.170742 -0.7948951 0.5822277 -0.9596229 -0.2701866 0.07825213 -0.4058752 -0.9121057 0.05769419 -0.926674 -0.3735445 0.04171043 -0.6033353 -0.5185215 -0.605906 0.06937038 -0.8302179 -0.553106 0.5447725 -0.8385063 -0.01140582 0.645044 -0.278053 -0.7117618 0.5223562 -0.625115 0.5799787 0.1706147 0.1264393 0.9771918 0.7215992 -0.6845496 -0.1033759 0.5456401 0.5969706 0.5881353 0.996606 0.05837237 0.0580458 0.3829758 0.911756 -0.1484273 0.07869189 0.08572971 -0.993206 0.3259 0.5963678 -0.7335767 0.2515756 0.6502811 -0.7168293 -0.003693044 0.02847582 -0.9995877 0.4053219 -0.5803684 -0.7063191 0.3029944 -0.9528962 0.01353794 -0.4363769 -0.471594 -0.7662731 -0.7342754 -0.6785602 -0.01989734 -0.03892105 0.05681705 -0.9976257 0.1096634 -0.05403828 -0.9924988 -0.6028952 -0.4045659 -0.6876364 0.5005533 -0.5632034 0.657456 -0.8626394 -0.505767 0.007293403 -0.4701206 -0.4493858 0.759631 0.02228033 0.1001757 0.9947203 0.8226953 -0.5671446 -0.03898125 0.5667715 -0.5713636 -0.5935602 0.4744754 -0.8742391 0.1028553 -0.01337295 0.03120177 0.9994237 0.2538494 0.6644368 0.7029113 -0.05466955 0.08925145 0.9945077 0.4639679 0.5644795 0.6827127 0.3645273 0.9311783 0.005185484 0.09647428 -0.02598273 0.9949963 0.6875727 0.2563037 0.6793764 0.6721521 0.7403793 0.007080137 0.4706533 0.5357866 -0.7010123 0.922475 0.3859854 -0.007421851 0.6892389 0.2244578 -0.6888894 0.9929955 -0.1161836 0.02147942 0.7025133 -0.5060282 -0.5004103 0.4034634 -0.9147275 0.02215564 0.6905323 -0.471804 0.5482392 -0.01605325 -0.7633581 -0.6457763 -0.4868308 -0.873233 0.02144521 -0.03390836 -0.7171081 0.6961367 -0.5990819 -0.3866342 0.7011525 -0.2294852 0.691051 -0.6854088 -0.08574867 0.9848465 -0.1507466 0.2774121 -0.03750419 -0.9600188 0.3186721 0.5973633 -0.7359384 -0.01358479 0.01010811 -0.9998567 0.579909 -0.2519992 -0.7747271 0.8855643 0.366932 -0.2848451 0.4370951 -0.8539726 -0.2822745 0.9139642 -0.3785726 -0.1461238 0.8664655 0.1318887 0.481501 0.545965 -0.7040183 0.4541811</float_array>
          <technique_common>
            <accessor source="#Mario_008-mesh-normals-array" count="1985" stride="3">
              <param name="X" type="float"/>
              <param name="Y" type="float"/>
              <param name="Z" type="float"/>
            </accessor>
          </technique_common>
        </source>
        <source id="Mario_008-mesh-map-0">
          <float_array id="Mario_008-mesh-map-0-array" count="23124">0.4250152 0.8833872 0.425036 0.8833454 0.425036 0.8833872 0.4250152 0.8833872 0.425036 0.8833872 0.425036 0.8833872 0.425036 0.8833454 0.4250152 0.8833872 0.4249526 0.8833872 0.4249526 0.8835331 0.4249526 0.8833872 0.4250152 0.8833872 0.4250152 0.8833872 0.4250152 0.8835331 0.4249526 0.8835331 0.4250152 0.8835331 0.4250152 0.8833872 0.425036 0.8835331 0.425036 0.8833872 0.425036 0.8835331 0.4250152 0.8833872 0.4249526 0.8833872 0.4249526 0.8835331 0.4248901 0.8835122 0.4249526 0.8835331 0.4249318 0.8836581 0.4248692 0.8836373 0.4248692 0.8836373 0.4248901 0.8835122 0.4249526 0.8835331 0.4249318 0.8836581 0.4249526 0.8835331 0.4250152 0.8835331 0.424911 0.8833872 0.4248901 0.8835122 0.4248692 0.8835122 0.4248901 0.8835122 0.424911 0.8833872 0.4249526 0.8833872 0.4248276 0.8836373 0.4248692 0.8835122 0.4248901 0.8835122 0.4248901 0.8835122 0.4248692 0.8836373 0.4248276 0.8836373 0.4248692 0.8837624 0.4248276 0.8836373 0.4248692 0.8836373 0.4248276 0.8836373 0.4248692 0.8837624 0.4248484 0.8837415 0.428434 0.8828034 0.4284548 0.8826158 0.4279128 0.8826367 0.428434 0.8828034 0.4293096 0.8826575 0.4284548 0.8826158 0.4293096 0.8826575 0.4295597 0.8822823 0.4292887 0.8822406 0.4292887 0.8822406 0.4284548 0.8826158 0.4293096 0.8826575 0.424911 0.8837624 0.4248484 0.8837415 0.4248692 0.8837624 0.424911 0.8837624 0.424911 0.8837415 0.4249526 0.8837624 0.4249526 0.8837624 0.4249735 0.8837624 0.424911 0.8837624 0.424911 0.8837624 0.4248692 0.8837624 0.424911 0.8837415 0.4293929 0.8818862 0.4292887 0.8822406 0.4295597 0.8822823 0.424911 0.8837415 0.4249318 0.8836581 0.4249943 0.8836581 0.424911 0.8837415 0.4248692 0.8836373 0.4249318 0.8836581 0.4249943 0.8836581 0.4249526 0.8837624 0.424911 0.8837415 0.4248692 0.8836373 0.424911 0.8837415 0.4248692 0.8837624 0.4250152 0.8835331 0.4249943 0.8836581 0.4249318 0.8836581 0.4250152 0.8835331 0.425036 0.8835331 0.4249943 0.8836581 0.4249943 0.8836581 0.425036 0.8836581 0.4249526 0.8837624 0.425036 0.8836581 0.4249943 0.8836581 0.425036 0.8835331 0.4249735 0.8837624 0.4249526 0.8837624 0.425036 0.8836581 0.4280171 0.8815318 0.4279962 0.8816986 0.4285591 0.8814901 0.4285382 0.8816986 0.4285591 0.8814901 0.4279962 0.8816986 0.4285591 0.8814901 0.4285382 0.8816986 0.4293929 0.8818862 0.4279962 0.8816986 0.4279545 0.8820738 0.4285382 0.8816986 0.4292887 0.8822406 0.4293929 0.8818862 0.4285382 0.8816986 0.4285382 0.8816986 0.4284965 0.8821572 0.4292887 0.8822406 0.4284965 0.8821572 0.4285382 0.8816986 0.4279545 0.8820738 0.4279545 0.8820738 0.4279337 0.8824699 0.4284965 0.8821572 0.4284548 0.8826158 0.4284965 0.8821572 0.4279337 0.8824699 0.4284548 0.8826158 0.4292887 0.8822406 0.4284965 0.8821572 0.4279337 0.8824699 0.4279128 0.8826367 0.4284548 0.8826158 0.4276418 0.8824282 0.4276835 0.882053 0.4270998 0.8826783 0.4270998 0.8826783 0.4271207 0.8826158 0.4277878 0.882449 0.4279128 0.8826367 0.4277878 0.882449 0.4271207 0.8826158 0.4270998 0.8826783 0.4264536 0.8826783 0.4271207 0.8829911 0.4248692 0.8833037 0.424911 0.8833872 0.4248901 0.8833872 0.4248692 0.8835122 0.4248901 0.8833872 0.424911 0.8833872 0.4264953 0.8831787 0.4271207 0.8829911 0.4264536 0.8826783 0.4248067 0.8831995 0.4248901 0.8832412 0.4248692 0.8833037 0.4248067 0.8831995 0.4248692 0.8833037 0.4248484 0.8832829 0.424911 0.8833872 0.4248692 0.8833037 0.4248901 0.8832412 0.4248901 0.8833037 0.4248484 0.8832829 0.4248692 0.8833037 0.4248484 0.8832829 0.4248901 0.8833037 0.4248067 0.8833663 0.4248067 0.8833663 0.4247442 0.8833454 0.4248484 0.8832829 0.4248067 0.8831995 0.4248484 0.8832829 0.4247442 0.8833454 0.4248484 0.8833872 0.4248067 0.8833663 0.4248901 0.8833037 0.4247442 0.8834913 0.4246817 0.8834705 0.4248067 0.8833663 0.4248067 0.8833663 0.4248484 0.8833872 0.4247442 0.8834913 0.4247442 0.8833454 0.4248067 0.8833663 0.4246817 0.8834705 0.4270998 0.8827826 0.427079 0.8826367 0.4281005 0.8831995 0.4248067 0.8835122 0.4247442 0.8834913 0.4248484 0.8833872 0.4264119 0.8828452 0.4264536 0.8826783 0.4262034 0.8818654 0.4262034 0.8818654 0.4263494 0.8829076 0.4264119 0.8828452 0.4279962 0.8830536 0.4281005 0.8831995 0.427079 0.8826367 0.427079 0.8826367 0.427892 0.8831995 0.4279962 0.8830536 0.427079 0.8826367 0.4264744 0.8827826 0.427892 0.8831995 0.4263494 0.8829076 0.4262034 0.8818654 0.4262034 0.8830536 0.4279962 0.8830536 0.4281421 0.8835956 0.4281005 0.8831995 0.4281421 0.8835956 0.4279962 0.8830536 0.427892 0.8831995 0.4281839 0.8836165 0.4281005 0.8831995 0.4281421 0.8835956 0.4280796 0.8836165 0.4281421 0.8835956 0.4279962 0.8836165 0.4281421 0.8835956 0.4280796 0.8836165 0.4281839 0.8836165 0.427892 0.8831995 0.4279962 0.8836165 0.4281421 0.8835956 0.4279962 0.8836165 0.4279545 0.8838666 0.4280796 0.8836165 0.4279545 0.8838666 0.4279962 0.8836165 0.4277669 0.8835331 0.427892 0.8831995 0.4277669 0.8835331 0.4279962 0.8836165 0.4277669 0.8835331 0.4267455 0.8831161 0.4266829 0.8834289 0.4266829 0.8834289 0.4277043 0.8838874 0.4277669 0.8835331 0.427892 0.8831995 0.4267455 0.8831161 0.4277669 0.8835331 0.4279545 0.8838666 0.4277669 0.8835331 0.4277043 0.8838874 0.4246817 0.8834289 0.4247442 0.8833037 0.4247233 0.8833037 0.4247233 0.8833037 0.4246608 0.8834289 0.4246817 0.8834289 0.4246608 0.8835122 0.4246817 0.8834289 0.4246608 0.8834289 0.4246608 0.8834289 0.4247233 0.8833037 0.4247442 0.8833454 0.4246608 0.8835331 0.4246608 0.8834289 0.4246817 0.8834705 0.4246608 0.8834289 0.4246608 0.8835331 0.4246608 0.8835122 0.4247442 0.8833454 0.4246817 0.8834705 0.4246608 0.8834289 0.4246817 0.8834705 0.4247442 0.8834913 0.4246608 0.8835331 0.4247233 0.8835748 0.4246608 0.8835331 0.4247442 0.8834913 0.4280796 0.8838666 0.4281839 0.8836165 0.4280796 0.8836165 0.4280796 0.8838666 0.4280796 0.8836165 0.4279545 0.8838666 0.4247859 0.8831787 0.4247442 0.8833454 0.4247233 0.8833037 0.4247859 0.8831787 0.4247233 0.8833037 0.4247442 0.8833037 0.4248692 0.8830745 0.4247859 0.8831787 0.4248067 0.8831787 0.4247442 0.8833037 0.4248067 0.8831787 0.4247859 0.8831787 0.4247442 0.8833454 0.4247859 0.8831787 0.4248067 0.8831995 0.4248484 0.8830536 0.4248067 0.8831995 0.4247859 0.8831787 0.4247859 0.8831787 0.4248692 0.8830745 0.4248484 0.8830536 0.4248484 0.8830536 0.4248484 0.8830745 0.4248067 0.8831995 0.4248484 0.8830745 0.4249318 0.8830745 0.4248901 0.8832412 0.4248901 0.8832412 0.4248067 0.8831995 0.4248484 0.8830745 0.425036 0.8833454 0.4248901 0.8832412 0.4249318 0.8830745 0.4249318 0.8830745 0.4250569 0.8830745 0.425036 0.8833454 0.4252237 0.8833454 0.425036 0.8833454 0.4250569 0.8830745 0.4250569 0.8830745 0.4252028 0.8830745 0.4252237 0.8833454 0.4253487 0.8832412 0.4252237 0.8833454 0.4252028 0.8830745 0.4252028 0.8830745 0.4253279 0.8830745 0.4253487 0.8832412 0.4253487 0.8830745 0.4253487 0.8832412 0.4253279 0.8830745 0.4253487 0.8830745 0.4253904 0.8832204 0.4253487 0.8832412 0.4261618 0.8791136 0.4252445 0.8792595 0.4257031 0.8792179 0.4252445 0.8793221 0.4257031 0.8792179 0.4252445 0.8792595 0.4252445 0.8793221 0.4252445 0.8798224 0.425724 0.8797807 0.425724 0.8797807 0.4257031 0.8792179 0.4252445 0.8793221 0.4253696 0.880823 0.425724 0.8797807 0.4252445 0.8798224 0.425724 0.8797807 0.4253696 0.880823 0.4262868 0.8808022 0.4257031 0.8822197 0.4262868 0.8808022 0.4253696 0.880823 0.4253696 0.880823 0.4254738 0.8821364 0.4257031 0.8822197 0.424494 0.878655 0.4271624 0.8796765 0.4291844 0.878655 0.4298307 0.8806979 0.4291844 0.878655 0.4271624 0.8796765 0.4261409 0.8826783 0.4257031 0.8822197 0.4254738 0.8821364 0.4254738 0.8821364 0.4252654 0.8825324 0.4261409 0.8826783 0.4257031 0.8822197 0.4261409 0.8826783 0.4264744 0.8827826 0.4258699 0.8829702 0.4261409 0.8826783 0.4252654 0.8825324 0.4258699 0.8829702 0.4267455 0.8831161 0.4261409 0.8826783 0.4264744 0.8827826 0.4261409 0.8826783 0.4267455 0.8831161 0.4257031 0.8822197 0.4262034 0.8830536 0.4262034 0.8818654 0.4262034 0.8818654 0.4262868 0.8808022 0.4257031 0.8822197 0.4262868 0.8808022 0.4262034 0.879739 0.425724 0.8797807 0.4262034 0.879739 0.4262868 0.8808022 0.4269331 0.880281 0.4269747 0.8813859 0.4269331 0.880281 0.4262868 0.8808022 0.4262868 0.8808022 0.4262034 0.8818654 0.4269747 0.8813859 0.4269747 0.8813859 0.4274125 0.880823 0.4269331 0.880281 0.4271207 0.8819696 0.4269747 0.8813859 0.4262034 0.8818654 0.4271207 0.8819696 0.4271416 0.8815735 0.4269747 0.8813859 0.4274125 0.880823 0.4269747 0.8813859 0.4274125 0.8811982 0.4271624 0.8814484 0.4269747 0.8813859 0.4271416 0.8815735 0.4274125 0.8813441 0.4274125 0.8811982 0.4269747 0.8813859 0.4271624 0.8814484 0.427079 0.8813859 0.4269747 0.8813859 0.4274125 0.8813441 0.4269747 0.8813859 0.427079 0.8813859 0.425036 0.8835122 0.4250569 0.883408 0.4250777 0.883408 0.4279754 0.8813233 0.4279754 0.8811566 0.4274125 0.8813441 0.425036 0.8833872 0.4250777 0.883408 0.4250569 0.883408 0.4274125 0.8811982 0.4274125 0.8813441 0.4279754 0.8811566 0.4282464 0.8811566 0.4282464 0.8813233 0.4287884 0.88124 0.4282464 0.8813233 0.4281005 0.8811566 0.4279754 0.8813233 0.4287884 0.88124 0.4287884 0.8807814 0.4282464 0.8811566 0.4279754 0.8811566 0.4279545 0.8807814 0.4274125 0.8811982 0.4282464 0.8807605 0.4282464 0.8811566 0.4287884 0.8807814 0.4287884 0.8807814 0.4287884 0.8803227 0.4282464 0.8807605 0.4287884 0.8803227 0.4287884 0.8807814 0.4295806 0.8807814 0.4287884 0.88124 0.4295806 0.8807814 0.4287884 0.8807814 0.4295806 0.8807814 0.4287884 0.88124 0.4296639 0.8811774 0.4295806 0.8807814 0.4296431 0.8803853 0.4287884 0.8803227 0.4296431 0.8803853 0.4295806 0.8807814 0.4297682 0.8808022 0.4296639 0.8811774 0.4297682 0.8808022 0.4295806 0.8807814 0.4287884 0.8814276 0.4296639 0.8811774 0.4287884 0.88124 0.4251194 0.883804 0.4250569 0.883804 0.4250777 0.883804 0.4250152 0.8836998 0.4250777 0.883804 0.4250569 0.883804 0.4250777 0.8835539 0.4250569 0.8836998 0.4250152 0.8836998 0.4250152 0.8836998 0.425036 0.8835539 0.4250777 0.8835539 0.4250777 0.883804 0.4250152 0.8836998 0.4250569 0.8836998 0.4287884 0.8814276 0.4287884 0.88124 0.4282464 0.8813233 0.4250569 0.8836998 0.4250777 0.8835539 0.4251194 0.8835748 0.4251194 0.8835748 0.4251403 0.8836998 0.4250569 0.8836998 0.4251194 0.8837832 0.4250569 0.8836998 0.4251403 0.8836998 0.4250569 0.8836998 0.4251194 0.8837832 0.4250777 0.883804 0.4251403 0.8836998 0.4252028 0.8836998 0.4251194 0.8837832 0.4251194 0.883804 0.4250777 0.883804 0.4251194 0.8837832 0.425182 0.883825 0.4251194 0.8837832 0.4252028 0.8836998 0.4251194 0.8837832 0.425182 0.883825 0.4251194 0.883804 0.4252028 0.8836998 0.4252445 0.8836998 0.425182 0.883825 0.425182 0.883804 0.4251194 0.883804 0.425182 0.883825 0.425182 0.883804 0.425182 0.883825 0.4252445 0.8836998 0.4287884 0.8801351 0.4287884 0.8803227 0.4296431 0.8803853 0.4282464 0.8802185 0.4282464 0.8803853 0.4287884 0.8801351 0.4287884 0.8803227 0.4287884 0.8801351 0.4282464 0.8803853 0.4252445 0.8836998 0.4252028 0.8836998 0.4252237 0.8835748 0.4252237 0.8835748 0.4252028 0.8835748 0.4252237 0.8835122 0.4252028 0.8835748 0.4252237 0.8835748 0.4252028 0.8836998 0.4281005 0.8803853 0.4282464 0.8802185 0.4279545 0.8802185 0.4279545 0.8803853 0.4279545 0.8802185 0.4274125 0.8803853 0.4274125 0.8802394 0.4274125 0.8803853 0.4279545 0.8802185 0.4252028 0.8835122 0.4252237 0.8835122 0.4252028 0.8835748 0.4252237 0.8835122 0.4252028 0.8835122 0.4252028 0.883408 0.425182 0.883408 0.4252028 0.883408 0.4252028 0.8835122 0.4252028 0.8835122 0.4251194 0.8835122 0.425182 0.883408 0.4251194 0.8835122 0.4252028 0.8835122 0.4251194 0.8835748 0.4252028 0.8835748 0.4251194 0.8835748 0.4252028 0.8835122 0.4250777 0.8835539 0.4250777 0.8835122 0.4251194 0.8835122 0.4251194 0.8835122 0.4251194 0.8835748 0.4250777 0.8835539 0.4251403 0.883408 0.425182 0.883408 0.4251194 0.8835122 0.4251403 0.883408 0.4251194 0.8835122 0.4250777 0.8835122 0.4250777 0.8835122 0.4250777 0.883408 0.4251403 0.883408 0.4250777 0.883408 0.4250777 0.8835122 0.425036 0.8835122 0.4250777 0.8835122 0.4250777 0.8835539 0.425036 0.8835539 0.425036 0.8835539 0.425036 0.8835122 0.4250777 0.8835122 0.425036 0.8833454 0.4251403 0.883408 0.4250777 0.883408 0.425036 0.8833454 0.4252237 0.8833454 0.4251403 0.883408 0.425182 0.883408 0.4251403 0.883408 0.4252237 0.8833454 0.4252028 0.883408 0.425182 0.883408 0.4252237 0.8833872 0.4252237 0.8833454 0.4252237 0.8833872 0.425182 0.883408 0.4252237 0.8833872 0.4252445 0.8833872 0.4252237 0.8833872 0.4252237 0.8833872 0.4252237 0.8833454 0.4252445 0.8833872 0.4273917 0.8801768 0.4269331 0.880281 0.4270998 0.8802185 0.4274125 0.8802394 0.4270998 0.8802185 0.4269331 0.880281 0.4252237 0.8835331 0.4252237 0.8833872 0.4252445 0.8833872 0.4269331 0.880281 0.4273917 0.8801768 0.4273709 0.88001 0.4274125 0.8811982 0.4274125 0.8813441 0.4281005 0.8811566 0.4282464 0.8813233 0.4281005 0.8811566 0.4274125 0.8813441 0.4252237 0.8835331 0.4252654 0.8835956 0.4252237 0.8836581 0.4287884 0.8814276 0.4285174 0.8811982 0.4282464 0.8813233 0.4252654 0.8835956 0.4252237 0.8835331 0.4252654 0.8835331 0.4252445 0.8833872 0.4252654 0.8835331 0.4252237 0.8835331 0.4252654 0.8835331 0.425307 0.8835331 0.4252654 0.8835956 0.425307 0.8835331 0.4252654 0.8835331 0.425307 0.8833872 0.4252445 0.8833872 0.425307 0.8833872 0.4252654 0.8835331 0.425307 0.8833872 0.4252445 0.8833872 0.4252237 0.8833454 0.4252237 0.8833454 0.4253487 0.8832412 0.425307 0.8833872 0.4253696 0.8833872 0.425307 0.8833872 0.4253487 0.8832412 0.425307 0.8833872 0.4253696 0.8833872 0.425307 0.8835331 0.4254113 0.8835331 0.4253696 0.8833872 0.4253904 0.8833872 0.4254113 0.8835331 0.4253904 0.8835331 0.4253696 0.8833872 0.4253696 0.8833872 0.4253487 0.8832412 0.4253904 0.8832204 0.4253904 0.8832204 0.4253904 0.8833872 0.4253696 0.8833872 0.425307 0.8835331 0.4253696 0.8833872 0.4253904 0.8835331 0.4275168 0.8791136 0.4261618 0.8791136 0.4269956 0.8792595 0.4277669 0.8802394 0.4277669 0.8803853 0.4282464 0.8802185 0.4261618 0.8791345 0.4269956 0.8792595 0.4261618 0.8791136 0.4261618 0.8791345 0.4262034 0.879739 0.4269956 0.8792595 0.4279545 0.8803853 0.4282464 0.8802185 0.4277669 0.8803853 0.4270373 0.8796348 0.4269956 0.8792595 0.4262034 0.879739 0.4274125 0.8803853 0.4274125 0.880823 0.4279545 0.8803853 0.4285174 0.8803436 0.4287884 0.8801351 0.4282464 0.8802185 0.4287884 0.8801351 0.4287884 0.8803227 0.4296431 0.8803853 0.4295806 0.8807814 0.4296431 0.8803853 0.4287884 0.8803227 0.4279545 0.8807814 0.4279545 0.8803853 0.4274125 0.880823 0.4287884 0.8803227 0.4287884 0.8807814 0.4295806 0.8807814 0.4253904 0.8835748 0.4254321 0.8836373 0.4253904 0.8836373 0.4254321 0.8836373 0.4253904 0.8835748 0.4254113 0.8835331 0.4253904 0.8837415 0.4253904 0.8836373 0.4254321 0.8836373 0.4254321 0.8836373 0.4253904 0.8837415 0.4253904 0.8837415 0.4253279 0.8837624 0.4253904 0.8837415 0.4253904 0.8837415 0.4253279 0.8837624 0.4253279 0.8837207 0.4253904 0.8837415 0.4253904 0.8836373 0.4253904 0.8837415 0.4253279 0.8837207 0.4253279 0.8837207 0.4253279 0.8837624 0.4252862 0.8837624 0.4252862 0.8837624 0.4252445 0.8836581 0.4253279 0.8837207 0.4253279 0.8836373 0.4253279 0.8837207 0.4252445 0.8836581 0.4253279 0.8837207 0.4253279 0.8836373 0.4253904 0.8836373 0.4252445 0.8836581 0.4252237 0.8836581 0.4252654 0.8835956 0.4252445 0.8836581 0.4252862 0.8837624 0.4252237 0.8836581 0.4252654 0.8835956 0.4253279 0.8835956 0.4252445 0.8836581 0.4253279 0.8836373 0.4252445 0.8836581 0.4253279 0.8835956 0.4253279 0.8835956 0.4252654 0.8835956 0.425307 0.8835331 0.4253279 0.8835956 0.4253904 0.8835748 0.4253279 0.8836373 0.4253904 0.8835748 0.4253279 0.8835956 0.4253904 0.8835331 0.425307 0.8835331 0.4253904 0.8835331 0.4253279 0.8835956 0.4253904 0.8836373 0.4253279 0.8836373 0.4253904 0.8835748 0.4252654 0.8837624 0.4252237 0.8836581 0.4252862 0.8837624 0.4252654 0.8837624 0.4252862 0.8837624 0.4253279 0.8837624 0.4287884 0.8814276 0.4296639 0.8811774 0.4287884 0.88124 0.4295806 0.8807814 0.4287884 0.88124 0.4296639 0.8811774 0.4296639 0.8811774 0.4297682 0.8808022 0.4295806 0.8807814 0.4296431 0.8803853 0.4295806 0.8807814 0.4297682 0.8808022 0.4253904 0.8835331 0.4254113 0.8835331 0.4253904 0.8835748 0.4287884 0.88124 0.4295806 0.8807814 0.4287884 0.8807814 0.4279754 0.8811566 0.4279545 0.8807814 0.4274125 0.8811982 0.4274125 0.880823 0.4274125 0.8811982 0.4279545 0.8807814 0.4262034 0.879739 0.4269331 0.880281 0.4270373 0.8796348 0.4273709 0.88001 0.4270373 0.8796348 0.4269331 0.880281 0.4261618 0.8791136 0.4257031 0.8792179 0.4261618 0.8791345 0.4262034 0.879739 0.4261618 0.8791345 0.4257031 0.8792179 0.4269331 0.880281 0.4274125 0.8803853 0.4274125 0.8802394 0.4274125 0.8803853 0.4274125 0.880823 0.4279545 0.8803853 0.4274125 0.8803853 0.4269331 0.880281 0.4274125 0.880823 0.4251194 0.8835748 0.4252028 0.8835748 0.4251403 0.8836998 0.4252028 0.8836998 0.4251403 0.8836998 0.4252028 0.8835748 0.4279545 0.8807814 0.4279545 0.8803853 0.4274125 0.880823 0.4282464 0.8803853 0.4282464 0.8807605 0.4287884 0.8803227 0.4274125 0.880823 0.4274125 0.8811982 0.4279545 0.8807814 0.4250777 0.883408 0.425036 0.8833872 0.425036 0.8833454 0.4271416 0.8815735 0.4271207 0.8819696 0.4277253 0.8816569 0.4271624 0.8814484 0.4271416 0.8815735 0.4280171 0.8815318 0.4277253 0.8816569 0.4280171 0.8815318 0.4271416 0.8815735 0.4262034 0.8818654 0.4270998 0.8826783 0.4271207 0.8819696 0.4276835 0.882053 0.4277253 0.8816569 0.4271207 0.8819696 0.4271207 0.8819696 0.4270998 0.8826783 0.4276835 0.882053 0.4257031 0.8792179 0.425724 0.8797807 0.4262034 0.879739 0.4258699 0.8829702 0.4266829 0.8834289 0.4267455 0.8831161 0.4267455 0.8831161 0.427892 0.8831995 0.4264744 0.8827826 0.4247442 0.8834913 0.4248067 0.8835122 0.4247233 0.8835748 0.4270998 0.8826783 0.4262034 0.8818654 0.4264536 0.8826783 0.4248901 0.8832412 0.425036 0.8833454 0.424911 0.8833872 0.4249526 0.8833872 0.424911 0.8833872 0.425036 0.8833454 0.5234375 0.7539063 0.734375 0.7734375 0.4570313 0.8398438 0.7578125 0.8671875 0.4570313 0.8398438 0.734375 0.7734375 0.734375 0.7734375 0.796875 0.8710938 0.7578125 0.8671875 0.7539063 0.9492188 0.7578125 0.8671875 0.796875 0.8710938 0.796875 0.8710938 0.7578125 0.8671875 0.7539063 0.9492188 0.7265625 0.9375 0.7539063 0.9492188 0.7578125 0.8671875 0.7578125 0.8671875 0.4570313 0.8398438 0.7265625 0.9375 0.5664063 0.96875 0.7265625 0.9375 0.4570313 0.8398438 0.4570313 0.8398438 0.3828125 0.90625 0.5664063 0.96875 0.4453125 0.9648438 0.5664063 0.96875 0.3828125 0.90625 0.3828125 0.90625 0.2421875 0.9414063 0.4453125 0.9648438 0.4492188 0.9765625 0.4453125 0.9648438 0.2421875 0.9414063 0.2421875 0.9414063 0.4453125 0.9648438 0.4492188 0.9765625 0.5664063 0.96875 0.4492188 0.9765625 0.4453125 0.9648438 0.4453125 0.9648438 0.3828125 0.90625 0.5664063 0.96875 0.4570313 0.8398438 0.5664063 0.96875 0.3828125 0.90625 0.5742188 0.2539063 0.7265625 0.15625 0.40625 0.1523437 0.71875 0.0859375 0.40625 0.1523437 0.7265625 0.15625 0.7265625 0.15625 0.75 0.078125 0.71875 0.0859375 0.6367188 0.0390625 0.71875 0.0859375 0.75 0.078125 0.75 0.078125 0.6523438 0.015625 0.6367188 0.0390625 0.4921875 0.03125 0.6367188 0.0390625 0.6523438 0.015625 0.6523438 0.015625 0.4960938 0.00390625 0.4921875 0.03125 0.3710938 0.0078125 0.4921875 0.03125 0.4960938 0.00390625 0.4960938 0.00390625 0.4921875 0.03125 0.3710938 0.0078125 0.3789063 0.02734375 0.3710938 0.0078125 0.4921875 0.03125 0.4921875 0.03125 0.2890625 0.1015625 0.3789063 0.02734375 0.1953125 0.046875 0.3789063 0.02734375 0.2890625 0.1015625 0.6914063 0.3789063 0.7148438 0.5078125 0.8554688 0.3867188 0.9375 0.4804688 0.8554688 0.3867188 0.7148438 0.5078125 0.7148438 0.5078125 0.921875 0.546875 0.9375 0.4804688 0.9726563 0.4765625 0.9375 0.4804688 0.921875 0.546875 0.921875 0.546875 0.9609375 0.5546875 0.9726563 0.4765625 0.921875 0.546875 0.9726563 0.4765625 0.9609375 0.5546875 0.9609375 0.5546875 0.875 0.609375 0.921875 0.546875 0.8515625 0.5976563 0.921875 0.546875 0.875 0.609375 0.875 0.609375 0.7578125 0.6445313 0.8515625 0.5976563 0.7421875 0.6289063 0.8515625 0.5976563 0.7578125 0.6445313 0.7578125 0.6445313 0.5664063 0.6679688 0.7421875 0.6289063 0.6484375 0.6015625 0.7421875 0.6289063 0.5664063 0.6679688 0.6445313 0.3046875 0.6992188 0.234375 0.5742188 0.2539063 0.7265625 0.15625 0.5742188 0.2539063 0.6992188 0.234375 0.6992188 0.234375 0.734375 0.2304687 0.7265625 0.15625 0.7617188 0.1523437 0.7265625 0.15625 0.734375 0.2304687 0.734375 0.2304687 0.7265625 0.15625 0.7617188 0.1523437 0.75 0.078125 0.7617188 0.1523437 0.7265625 0.15625 0.7265625 0.15625 0.71875 0.0859375 0.75 0.078125 0.6367188 0.0390625 0.75 0.078125 0.71875 0.0859375 0.71875 0.0859375 0.40625 0.1523437 0.6367188 0.0390625 0.2890625 0.1015625 0.6367188 0.0390625 0.40625 0.1523437 0.7578125 0.8671875 0.734375 0.7734375 0.4570313 0.8398438 0.5234375 0.7539063 0.4570313 0.8398438 0.734375 0.7734375 0.734375 0.7734375 0.6445313 0.7109375 0.5234375 0.7539063 0.5664063 0.6679688 0.5234375 0.7539063 0.6445313 0.7109375 0.6445313 0.7109375 0.6679688 0.703125 0.5664063 0.6679688 0.6445313 0.7109375 0.5664063 0.6679688 0.6679688 0.703125 0.6679688 0.703125 0.7734375 0.7734375 0.6445313 0.7109375 0.734375 0.7734375 0.6445313 0.7109375 0.7734375 0.7734375 0.7734375 0.7734375 0.796875 0.8710938 0.734375 0.7734375 0.8515625 0.5976563 0.7148438 0.5078125 0.921875 0.546875 0.9375 0.4804688 0.921875 0.546875 0.7148438 0.5078125 0.7148438 0.5078125 0.8554688 0.3867188 0.9375 0.4804688 0.9726563 0.4765625 0.9375 0.4804688 0.8554688 0.3867188 0.8554688 0.3867188 0.8945313 0.3867188 0.9726563 0.4765625 0.8554688 0.3867188 0.9726563 0.4765625 0.8945313 0.3867188 0.8945313 0.3867188 0.7304688 0.34375 0.8554688 0.3867188 0.6914063 0.3789063 0.8554688 0.3867188 0.7304688 0.34375 0.7304688 0.34375 0.6445313 0.3046875 0.6914063 0.3789063 0.71875 0.0859375 0.6367188 0.0390625 0.40625 0.1523437 0.2890625 0.1015625 0.40625 0.1523437 0.6367188 0.0390625 0.6367188 0.0390625 0.4921875 0.03125 0.2890625 0.1015625 0.3789063 0.02734375 0.2890625 0.1015625 0.4921875 0.03125 0.4921875 0.03125 0.3710938 0.0078125 0.3789063 0.02734375 0.1953125 0.046875 0.3789063 0.02734375 0.3710938 0.0078125 0.3710938 0.0078125 0.3789063 0.02734375 0.1953125 0.046875 0.4453125 0.9648438 0.4492188 0.9765625 0.5664063 0.96875 0.5976563 0.984375 0.5664063 0.96875 0.4492188 0.9765625 0.4492188 0.9765625 0.5664063 0.96875 0.5976563 0.984375 0.7539063 0.9492188 0.5976563 0.984375 0.5664063 0.96875 0.5664063 0.96875 0.7265625 0.9375 0.7539063 0.9492188 0.7578125 0.8671875 0.7539063 0.9492188 0.7265625 0.9375 0.7265625 0.9375 0.4570313 0.8398438 0.7578125 0.8671875 0.7148438 0.5078125 0.6914063 0.3789063 0.8554688 0.3867188 0.7304688 0.34375 0.8554688 0.3867188 0.6914063 0.3789063 0.6914063 0.3789063 0.6445313 0.3046875 0.7304688 0.34375 0.7695313 0.3359375 0.7304688 0.34375 0.6445313 0.3046875 0.6445313 0.3046875 0.7304688 0.34375 0.7695313 0.3359375 0.8945313 0.3867188 0.7695313 0.3359375 0.7304688 0.34375 0.6992188 0.234375 0.6445313 0.3046875 0.734375 0.2304687 0.6992188 0.234375 0.734375 0.2304687 0.6445313 0.3046875 0.6445313 0.3046875 0.5742188 0.2539063 0.6992188 0.234375 0.7265625 0.15625 0.6992188 0.234375 0.5742188 0.2539063 0.5742188 0.2539063 0.40625 0.1523437 0.7265625 0.15625 0.71875 0.0859375 0.7265625 0.15625 0.40625 0.1523437 0.9609375 0.5546875 0.921875 0.546875 0.875 0.609375 0.8515625 0.5976563 0.875 0.609375 0.921875 0.546875 0.921875 0.546875 0.7148438 0.5078125 0.8515625 0.5976563 0.6484375 0.6015625 0.8515625 0.5976563 0.7148438 0.5078125 0.875 0.609375 0.8515625 0.5976563 0.7578125 0.6445313 0.7421875 0.6289063 0.7578125 0.6445313 0.8515625 0.5976563 0.8515625 0.5976563 0.6484375 0.6015625 0.7421875 0.6289063 0.5664063 0.6679688 0.7421875 0.6289063 0.6484375 0.6015625 0.2890625 0.1015625 0.4921875 0.03125 0.6367188 0.0390625 0.6523438 0.015625 0.6367188 0.0390625 0.4921875 0.03125 0.4921875 0.03125 0.4960938 0.00390625 0.6523438 0.015625 0.7421875 0.6289063 0.6484375 0.6015625 0.8515625 0.5976563 0.7148438 0.5078125 0.8515625 0.5976563 0.6484375 0.6015625 0.8554688 0.3867188 0.7304688 0.34375 0.8945313 0.3867188 0.7695313 0.3359375 0.8945313 0.3867188 0.7304688 0.34375 0.5976563 0.984375 0.7539063 0.9492188 0.5664063 0.96875 0.7265625 0.9375 0.5664063 0.96875 0.7539063 0.9492188 0.5664063 0.6679688 0.6445313 0.7109375 0.5234375 0.7539063 0.734375 0.7734375 0.5234375 0.7539063 0.6445313 0.7109375 0.6679688 0.703125 0.6445313 0.7109375 0.7734375 0.7734375 0.734375 0.7734375 0.7734375 0.7734375 0.6445313 0.7109375 0.7734375 0.7734375 0.734375 0.7734375 0.796875 0.8710938 0.7578125 0.8671875 0.796875 0.8710938 0.734375 0.7734375 0.4570313 0.8398438 0.7265625 0.9375 0.5664063 0.96875 0.9375 0.4804688 0.9726563 0.4765625 0.921875 0.546875 0.9726563 0.4765625 0.8554688 0.3867188 0.9375 0.4804688 0.2890625 0.1015625 0.3789063 0.02734375 0.1953125 0.046875 0.3828125 0.90625 0.4453125 0.9648438 0.2421875 0.9414063 0.7421875 0.6289063 0.5664063 0.6679688 0.7578125 0.6445313 0.6523438 0.015625 0.75 0.078125 0.6367188 0.0390625 0.6992188 0.234375 0.7265625 0.15625 0.734375 0.2304687 0.7617188 0.1523437 0.75 0.078125 0.7265625 0.15625 0.9648438 0.84375 0.96875 0.875 0.9609375 0.8671875 0.9570313 0.9023438 0.9609375 0.8671875 0.96875 0.875 0.96875 0.875 0.9726563 0.9140625 0.9570313 0.9023438 0.953125 0.9296875 0.9570313 0.9023438 0.9726563 0.9140625 0.9726563 0.9140625 0.9492188 0.9492188 0.953125 0.9296875 0.921875 0.9648438 0.953125 0.9296875 0.9492188 0.9492188 0.9492188 0.9492188 0.921875 0.9726563 0.921875 0.9648438 0.890625 0.9804688 0.921875 0.9648438 0.921875 0.9726563 0.921875 0.9726563 0.921875 0.9648438 0.890625 0.9804688 0.890625 0.9726563 0.890625 0.9804688 0.921875 0.9648438 0.921875 0.9648438 0.9257813 0.9414063 0.890625 0.9726563 0.8945313 0.9453125 0.890625 0.9726563 0.9257813 0.9414063 0.9257813 0.9414063 0.9296875 0.90625 0.8945313 0.9453125 0.8984375 0.90625 0.8945313 0.9453125 0.9296875 0.90625 0.9296875 0.90625 0.9335938 0.8632813 0.8984375 0.90625 0.90625 0.859375 0.8984375 0.90625 0.9335938 0.8632813 0.9335938 0.8632813 0.9414063 0.8242188 0.90625 0.859375 0.9101563 0.8164063 0.90625 0.859375 0.9414063 0.8242188 0.9414063 0.8242188 0.9453125 0.7890625 0.9101563 0.8164063 0.9179688 0.7773438 0.9101563 0.8164063 0.9453125 0.7890625 0.9453125 0.7890625 0.9492188 0.765625 0.9179688 0.7773438 0.9179688 0.75 0.9179688 0.7773438 0.9492188 0.765625 0.9492188 0.765625 0.9492188 0.7578125 0.9179688 0.75 0.921875 0.7421875 0.9179688 0.75 0.9492188 0.7578125 0.9492188 0.7578125 0.9179688 0.75 0.921875 0.7421875 0.8867188 0.7421875 0.921875 0.7421875 0.9179688 0.75 0.9179688 0.75 0.8867188 0.7695313 0.8867188 0.7421875 0.8515625 0.7695313 0.8867188 0.7421875 0.8867188 0.7695313 0.8867188 0.7695313 0.8476563 0.8085938 0.8515625 0.7695313 0.8164063 0.8085938 0.8515625 0.7695313 0.8476563 0.8085938 0.8476563 0.8085938 0.8125 0.8476563 0.8164063 0.8085938 0.7851563 0.8476563 0.8164063 0.8085938 0.8125 0.8476563 0.8125 0.8476563 0.78125 0.8789063 0.7851563 0.8476563 0.765625 0.8671875 0.7851563 0.8476563 0.78125 0.8789063 0.78125 0.8789063 0.7773438 0.90625 0.765625 0.8671875 0.7617188 0.8867188 0.765625 0.8671875 0.7773438 0.90625 0.7773438 0.90625 0.7578125 0.8984375 0.7617188 0.8867188 0.75 0.8632813 0.7617188 0.8867188 0.7578125 0.8984375 0.7578125 0.8984375 0.75 0.875 0.75 0.8632813 0.75 0.8398438 0.75 0.8632813 0.75 0.875 0.75 0.875 0.75 0.8632813 0.75 0.8398438 0.7539063 0.8398438 0.75 0.8398438 0.75 0.8632813 0.75 0.8632813 0.765625 0.8671875 0.7539063 0.8398438 0.765625 0.84375 0.7539063 0.8398438 0.765625 0.8671875 0.765625 0.8671875 0.7851563 0.8476563 0.765625 0.84375 0.7695313 0.8203125 0.765625 0.84375 0.7851563 0.8476563 0.7851563 0.8476563 0.7890625 0.8125 0.7695313 0.8203125 0.7929688 0.7851563 0.7695313 0.8203125 0.7890625 0.8125 0.7890625 0.8125 0.8203125 0.7734375 0.7929688 0.7851563 0.8242188 0.75 0.7929688 0.7851563 0.8203125 0.7734375 0.8203125 0.7734375 0.8554688 0.7421875 0.8242188 0.75 0.8554688 0.734375 0.8242188 0.75 0.8554688 0.7421875 0.8554688 0.7421875 0.890625 0.734375 0.8554688 0.734375 0.8554688 0.7421875 0.8554688 0.734375 0.890625 0.734375 0.890625 0.734375 0.8867188 0.7421875 0.8554688 0.7421875 0.8515625 0.7695313 0.8554688 0.7421875 0.8867188 0.7421875 0.765625 0.84375 0.7695313 0.8203125 0.7539063 0.8398438 0.7578125 0.8203125 0.7539063 0.8398438 0.7695313 0.8203125 0.7695313 0.8203125 0.7734375 0.8007813 0.7578125 0.8203125 0.7734375 0.7851563 0.7578125 0.8203125 0.7734375 0.8007813 0.7734375 0.8007813 0.7929688 0.7851563 0.7734375 0.7851563 0.796875 0.765625 0.7734375 0.7851563 0.7929688 0.7851563 0.7929688 0.7851563 0.8242188 0.75 0.796875 0.765625 0.8242188 0.7421875 0.796875 0.765625 0.8242188 0.75 0.8242188 0.75 0.8554688 0.734375 0.8242188 0.7421875 0.8242188 0.75 0.8242188 0.7421875 0.8554688 0.734375 0.8554688 0.734375 0.8554688 0.7421875 0.8242188 0.75 0.8203125 0.7734375 0.8242188 0.75 0.8554688 0.7421875 0.8554688 0.7421875 0.8515625 0.7695313 0.8203125 0.7734375 0.8164063 0.8085938 0.8203125 0.7734375 0.8515625 0.7695313 0.8945313 0.9453125 0.859375 0.9726563 0.890625 0.9726563 0.859375 0.9804688 0.890625 0.9726563 0.859375 0.9726563 0.859375 0.9726563 0.828125 0.9726563 0.859375 0.9804688 0.859375 0.9726563 0.859375 0.9804688 0.828125 0.9726563 0.828125 0.9726563 0.828125 0.9609375 0.859375 0.9726563 0.8632813 0.9453125 0.859375 0.9726563 0.828125 0.9609375 0.828125 0.9609375 0.8320313 0.9375 0.8632813 0.9453125 0.8671875 0.9023438 0.8632813 0.9453125 0.8320313 0.9375 0.8320313 0.9375 0.8359375 0.8984375 0.8671875 0.9023438 0.875 0.8554688 0.8671875 0.9023438 0.8359375 0.8984375 0.8359375 0.8984375 0.84375 0.8515625 0.875 0.8554688 0.8789063 0.8085938 0.875 0.8554688 0.84375 0.8515625 0.84375 0.8515625 0.8476563 0.8085938 0.8789063 0.8085938 0.8867188 0.7695313 0.8789063 0.8085938 0.8476563 0.8085938 0.04296875 0.3867188 0.04296875 0.53125 0.07421875 0.4570313 0.0703125 0.5195313 0.07421875 0.4570313 0.04296875 0.53125 0.04296875 0.53125 0.04296875 0.6484375 0.0703125 0.5195313 0.08203125 0.6210938 0.0703125 0.5195313 0.04296875 0.6484375 0.04296875 0.6484375 0.06640625 0.7695313 0.08203125 0.6210938 0.1171875 0.703125 0.08203125 0.6210938 0.06640625 0.7695313 0.06640625 0.7695313 0.125 0.8320313 0.1171875 0.703125 0.171875 0.75 0.1171875 0.703125 0.125 0.8320313 0.125 0.8320313 0.171875 0.8242188 0.171875 0.75 0.203125 0.7578125 0.171875 0.75 0.171875 0.8242188 0.171875 0.8242188 0.2460937 0.859375 0.203125 0.7578125 0.234375 0.7617188 0.203125 0.7578125 0.2460937 0.859375 0.2460937 0.859375 0.296875 0.828125 0.234375 0.7617188 0.2851563 0.7460938 0.234375 0.7617188 0.296875 0.828125 0.890625 0.9726563 0.859375 0.9804688 0.890625 0.9804688 0.890625 0.9726563 0.890625 0.9804688 0.859375 0.9804688 0.859375 0.9804688 0.859375 0.9726563 0.890625 0.9726563 0.8945313 0.9453125 0.890625 0.9726563 0.859375 0.9726563 0.859375 0.9726563 0.8632813 0.9453125 0.8945313 0.9453125 0.8984375 0.90625 0.8945313 0.9453125 0.8632813 0.9453125 0.8632813 0.9453125 0.8671875 0.9023438 0.8984375 0.90625 0.90625 0.859375 0.8984375 0.90625 0.8671875 0.9023438 0.8671875 0.9023438 0.875 0.8554688 0.90625 0.859375 0.9101563 0.8164063 0.90625 0.859375 0.875 0.8554688 0.875 0.8554688 0.8789063 0.8085938 0.9101563 0.8164063 0.9179688 0.7773438 0.9101563 0.8164063 0.8789063 0.8085938 0.8789063 0.8085938 0.8867188 0.7695313 0.9179688 0.7773438 0.9179688 0.75 0.9179688 0.7773438 0.8867188 0.7695313 0.75 0.875 0.7578125 0.8984375 0.75 0.8632813 0.7617188 0.8867188 0.75 0.8632813 0.7578125 0.8984375 0.7578125 0.8984375 0.7773438 0.90625 0.7617188 0.8867188 0.765625 0.8671875 0.7617188 0.8867188 0.7773438 0.90625 0.7773438 0.90625 0.78125 0.8789063 0.765625 0.8671875 0.7851563 0.8476563 0.765625 0.8671875 0.78125 0.8789063 0.78125 0.8789063 0.8125 0.8476563 0.7851563 0.8476563 0.8164063 0.8085938 0.7851563 0.8476563 0.8125 0.8476563 0.8125 0.8476563 0.8476563 0.8085938 0.8164063 0.8085938 0.8515625 0.7695313 0.8164063 0.8085938 0.8476563 0.8085938 0.8476563 0.8085938 0.8867188 0.7695313 0.8515625 0.7695313 0.8867188 0.7421875 0.8515625 0.7695313 0.8867188 0.7695313 0.8867188 0.7695313 0.9179688 0.75 0.8867188 0.7421875 0.921875 0.7421875 0.8867188 0.7421875 0.9179688 0.75 0.890625 0.9804688 0.890625 0.9726563 0.921875 0.9648438 0.9257813 0.9414063 0.921875 0.9648438 0.890625 0.9726563 0.890625 0.9726563 0.8945313 0.9453125 0.9257813 0.9414063 0.9296875 0.90625 0.9257813 0.9414063 0.8945313 0.9453125 0.8945313 0.9453125 0.8984375 0.90625 0.9296875 0.90625 0.9335938 0.8632813 0.9296875 0.90625 0.8984375 0.90625 0.8984375 0.90625 0.90625 0.859375 0.9335938 0.8632813 0.9414063 0.8242188 0.9335938 0.8632813 0.90625 0.859375 0.90625 0.859375 0.9101563 0.8164063 0.9414063 0.8242188 0.9453125 0.7890625 0.9414063 0.8242188 0.9101563 0.8164063 0.9101563 0.8164063 0.9179688 0.7773438 0.9453125 0.7890625 0.9492188 0.765625 0.9453125 0.7890625 0.9179688 0.7773438 0.4023438 0.8085938 0.4101563 0.7851563 0.4101563 0.7578125 0.4140625 0.8125 0.4101563 0.7578125 0.4101563 0.7851563 0.4101563 0.7851563 0.421875 0.8164063 0.4140625 0.8125 0.421875 0.84375 0.4140625 0.8125 0.421875 0.8164063 0.421875 0.8164063 0.4375 0.8164063 0.421875 0.84375 0.4335938 0.84375 0.421875 0.84375 0.4375 0.8164063 0.4375 0.8164063 0.4414063 0.8476563 0.4335938 0.84375 0.4375 0.8671875 0.4335938 0.84375 0.4414063 0.8476563 0.4414063 0.8476563 0.4375 0.8710938 0.4375 0.8671875 0.4335938 0.8789063 0.4375 0.8671875 0.4375 0.8710938 0.7539063 0.8398438 0.7578125 0.8203125 0.75 0.8398438 0.7578125 0.8085938 0.75 0.8398438 0.7578125 0.8203125 0.7578125 0.8203125 0.7734375 0.7851563 0.7578125 0.8085938 0.7734375 0.78125 0.7578125 0.8085938 0.7734375 0.7851563 0.7734375 0.7851563 0.796875 0.7578125 0.7734375 0.78125 0.7734375 0.7851563 0.7734375 0.78125 0.796875 0.7578125 0.796875 0.7578125 0.796875 0.765625 0.7734375 0.7851563 0.7929688 0.7851563 0.7734375 0.7851563 0.796875 0.765625 0.796875 0.765625 0.8242188 0.75 0.7929688 0.7851563 0.8203125 0.7734375 0.7929688 0.7851563 0.8242188 0.75 0.4101563 0.7578125 0.4140625 0.8125 0.421875 0.7578125 0.4140625 0.8476563 0.421875 0.7578125 0.4140625 0.8125 0.4140625 0.8125 0.421875 0.84375 0.4140625 0.8476563 0.4179688 0.8671875 0.4140625 0.8476563 0.421875 0.84375 0.421875 0.84375 0.421875 0.8671875 0.4179688 0.8671875 0.421875 0.8789063 0.4179688 0.8671875 0.421875 0.8671875 0.421875 0.8671875 0.4296875 0.8789063 0.421875 0.8789063 0.4257813 0.8828125 0.421875 0.8789063 0.4296875 0.8789063 0.4296875 0.8789063 0.4335938 0.8789063 0.4257813 0.8828125 0.4101563 0.734375 0.4140625 0.7304688 0.4101563 0.7851563 0.421875 0.7851563 0.4101563 0.7851563 0.4140625 0.7304688 0.4140625 0.7304688 0.421875 0.7421875 0.421875 0.7851563 0.4375 0.7851563 0.421875 0.7851563 0.421875 0.7421875 0.421875 0.7421875 0.4375 0.7382813 0.4375 0.7851563 0.4492188 0.7421875 0.4375 0.7851563 0.4375 0.7382813 0.4375 0.7382813 0.4492188 0.7109375 0.4492188 0.7421875 0.453125 0.7421875 0.4492188 0.7421875 0.4492188 0.7109375 0.4492188 0.7109375 0.453125 0.7109375 0.453125 0.7421875 0.4101563 0.734375 0.4101563 0.7851563 0.4140625 0.7304688 0.421875 0.7851563 0.4140625 0.7304688 0.4101563 0.7851563 0.4101563 0.7851563 0.421875 0.8164063 0.421875 0.7851563 0.4375 0.7851563 0.421875 0.7851563 0.421875 0.8164063 0.421875 0.8164063 0.4375 0.8164063 0.4375 0.7851563 0.4453125 0.8164063 0.4375 0.7851563 0.4375 0.8164063 0.4375 0.8164063 0.4414063 0.8476563 0.4453125 0.8164063 0.4453125 0.84375 0.4453125 0.8164063 0.4414063 0.8476563 0.4414063 0.8476563 0.4375 0.8710938 0.4453125 0.84375 0.9335938 0.8632813 0.9648438 0.8359375 0.9414063 0.8242188 0.9453125 0.7890625 0.9414063 0.8242188 0.9648438 0.8359375 0.9648438 0.8359375 0.96875 0.7890625 0.9453125 0.7890625 0.9492188 0.765625 0.9453125 0.7890625 0.96875 0.7890625 0.96875 0.7890625 0.96875 0.7773438 0.9492188 0.765625 0.9492188 0.7578125 0.9492188 0.765625 0.96875 0.7773438 0.96875 0.7773438 0.9492188 0.765625 0.9492188 0.7578125 0.9179688 0.75 0.9492188 0.7578125 0.9492188 0.765625 0.9492188 0.765625 0.9179688 0.7773438 0.9179688 0.75 0.9179688 0.7773438 0.8789063 0.8085938 0.9101563 0.8164063 0.875 0.8554688 0.9101563 0.8164063 0.8789063 0.8085938 0.8789063 0.8085938 0.84375 0.8515625 0.875 0.8554688 0.8359375 0.8984375 0.875 0.8554688 0.84375 0.8515625 0.84375 0.8515625 0.8085938 0.890625 0.8359375 0.8984375 0.8007813 0.9257813 0.8359375 0.8984375 0.8085938 0.890625 0.8085938 0.890625 0.7773438 0.90625 0.8007813 0.9257813 0.7773438 0.9257813 0.8007813 0.9257813 0.7773438 0.90625 0.7773438 0.90625 0.7578125 0.8984375 0.7773438 0.9257813 0.7734375 0.78125 0.7734375 0.7851563 0.7578125 0.8085938 0.7578125 0.8203125 0.7578125 0.8085938 0.7734375 0.7851563 0.7734375 0.7851563 0.7734375 0.8007813 0.7578125 0.8203125 0.7695313 0.8203125 0.7578125 0.8203125 0.7734375 0.8007813 0.7734375 0.8007813 0.7929688 0.7851563 0.7695313 0.8203125 0.7890625 0.8125 0.7695313 0.8203125 0.7929688 0.7851563 0.7929688 0.7851563 0.8203125 0.7734375 0.7890625 0.8125 0.8164063 0.8085938 0.7890625 0.8125 0.8203125 0.7734375 0.9179688 0.75 0.8867188 0.7695313 0.9179688 0.7773438 0.8789063 0.8085938 0.9179688 0.7773438 0.8867188 0.7695313 0.8867188 0.7695313 0.8476563 0.8085938 0.8789063 0.8085938 0.84375 0.8515625 0.8789063 0.8085938 0.8476563 0.8085938 0.8476563 0.8085938 0.8125 0.8476563 0.84375 0.8515625 0.8085938 0.890625 0.84375 0.8515625 0.8125 0.8476563 0.8125 0.8476563 0.78125 0.8789063 0.8085938 0.890625 0.7773438 0.90625 0.8085938 0.890625 0.78125 0.8789063 0.8867188 0.7421875 0.890625 0.734375 0.921875 0.7421875 0.8867188 0.7421875 0.921875 0.7421875 0.890625 0.734375 0.890625 0.734375 0.8554688 0.7421875 0.8867188 0.7421875 0.8515625 0.7695313 0.8867188 0.7421875 0.8554688 0.7421875 0.8554688 0.7421875 0.8203125 0.7734375 0.8515625 0.7695313 0.8164063 0.8085938 0.8515625 0.7695313 0.8203125 0.7734375 0.8203125 0.7734375 0.7890625 0.8125 0.8164063 0.8085938 0.7851563 0.8476563 0.8164063 0.8085938 0.7890625 0.8125 0.453125 0.7851563 0.4492188 0.7851563 0.4453125 0.8164063 0.4375 0.7851563 0.4453125 0.8164063 0.4492188 0.7851563 0.4492188 0.7851563 0.4492188 0.7421875 0.4375 0.7851563 0.4375 0.7382813 0.4375 0.7851563 0.4492188 0.7421875 0.4492188 0.7421875 0.4492188 0.7109375 0.4375 0.7382813 0.4375 0.7109375 0.4375 0.7382813 0.4492188 0.7109375 0.4492188 0.7109375 0.4453125 0.6835938 0.4375 0.7109375 0.4414063 0.6875 0.4375 0.7109375 0.4453125 0.6835938 0.1171875 0.703125 0.171875 0.75 0.125 0.8320313 0.171875 0.8242188 0.125 0.8320313 0.171875 0.75 0.171875 0.75 0.203125 0.7578125 0.171875 0.8242188 0.2460937 0.859375 0.171875 0.8242188 0.203125 0.7578125 0.203125 0.7578125 0.234375 0.7617188 0.2460937 0.859375 0.296875 0.828125 0.2460937 0.859375 0.234375 0.7617188 0.234375 0.7617188 0.2851563 0.7460938 0.296875 0.828125 0.3242188 0.7070313 0.296875 0.828125 0.2851563 0.7460938 0.4804688 0.8945313 0.4882813 0.8867188 0.5 0.9414063 0.5039063 0.9375 0.5 0.9414063 0.4882813 0.8867188 0.4882813 0.8867188 0.5117188 0.9335938 0.5039063 0.9375 0.515625 0.9609375 0.5039063 0.9375 0.5117188 0.9335938 0.5117188 0.9335938 0.53125 0.9609375 0.515625 0.9609375 0.5273438 0.96875 0.515625 0.9609375 0.53125 0.9609375 0.53125 0.9609375 0.5429688 0.9570313 0.5273438 0.96875 0.9101563 0.8164063 0.875 0.8554688 0.90625 0.859375 0.8671875 0.9023438 0.90625 0.859375 0.875 0.8554688 0.875 0.8554688 0.8359375 0.8984375 0.8671875 0.9023438 0.8320313 0.9375 0.8671875 0.9023438 0.8359375 0.8984375 0.8359375 0.8984375 0.8007813 0.9257813 0.8320313 0.9375 0.8007813 0.9492188 0.8320313 0.9375 0.8007813 0.9257813 0.8007813 0.9257813 0.7773438 0.9257813 0.8007813 0.9492188 0.4804688 0.8945313 0.5 0.9414063 0.4882813 0.8867188 0.5039063 0.9375 0.4882813 0.8867188 0.5 0.9414063 0.5 0.9414063 0.515625 0.9609375 0.5039063 0.9375 0.5117188 0.9335938 0.5039063 0.9375 0.515625 0.9609375 0.515625 0.9609375 0.53125 0.9609375 0.5117188 0.9335938 0.5273438 0.9375 0.5117188 0.9335938 0.53125 0.9609375 0.53125 0.9609375 0.5429688 0.9335938 0.5273438 0.9375 0.40625 0.7773438 0.4101563 0.7695313 0.4101563 0.7851563 0.4140625 0.8125 0.4101563 0.7851563 0.4101563 0.7695313 0.4101563 0.7695313 0.421875 0.7578125 0.4140625 0.8125 0.4140625 0.8476563 0.4140625 0.8125 0.421875 0.7578125 0.421875 0.7578125 0.4101563 0.8398438 0.4140625 0.8476563 0.4179688 0.8671875 0.4140625 0.8476563 0.4101563 0.8398438 0.4101563 0.8398438 0.4140625 0.8671875 0.4179688 0.8671875 0.59375 0.6875 0.59375 0.7460938 0.59375 0.6953125 0.59375 0.7421875 0.59375 0.6953125 0.59375 0.7460938 0.59375 0.7460938 0.5898438 0.8125 0.59375 0.7421875 0.59375 0.8125 0.59375 0.7421875 0.5898438 0.8125 0.5898438 0.8125 0.5820313 0.8554688 0.59375 0.8125 0.5859375 0.8632813 0.59375 0.8125 0.5820313 0.8554688 0.5820313 0.8554688 0.5703125 0.9023438 0.5859375 0.8632813 0.8476563 0.8085938 0.84375 0.8515625 0.8125 0.8476563 0.8085938 0.890625 0.8125 0.8476563 0.84375 0.8515625 0.84375 0.8515625 0.8359375 0.8984375 0.8085938 0.890625 0.8007813 0.9257813 0.8085938 0.890625 0.8359375 0.8984375 0.8359375 0.8984375 0.8320313 0.9375 0.8007813 0.9257813 0.8007813 0.9492188 0.8007813 0.9257813 0.8320313 0.9375 0.8320313 0.9375 0.828125 0.9609375 0.8007813 0.9492188 0.421875 0.8164063 0.421875 0.84375 0.4375 0.8164063 0.4335938 0.84375 0.4375 0.8164063 0.421875 0.84375 0.421875 0.84375 0.4296875 0.8671875 0.4335938 0.84375 0.4375 0.8671875 0.4335938 0.84375 0.4296875 0.8671875 0.4296875 0.8671875 0.4296875 0.8789063 0.4375 0.8671875 0.4335938 0.8789063 0.4375 0.8671875 0.4296875 0.8789063 0.4296875 0.8789063 0.4257813 0.8828125 0.4335938 0.8789063 0.04296875 0.1953125 0.078125 0.1875 0.1210937 0.125 0.1445312 0.1914062 0.1210937 0.125 0.078125 0.1875 0.078125 0.1875 0.1328125 0.0859375 0.1445312 0.1914062 0.1914062 0.1328125 0.1445312 0.1914062 0.1328125 0.0859375 0.1328125 0.0859375 0.1875 0.0390625 0.1914062 0.1328125 0.2070312 0.09375 0.1914062 0.1328125 0.1875 0.0390625 0.1875 0.0390625 0.2070312 0.0859375 0.2070312 0.09375 0.59375 0.6953125 0.59375 0.7421875 0.59375 0.7460938 0.5898438 0.8125 0.59375 0.7460938 0.59375 0.7421875 0.59375 0.7421875 0.59375 0.8125 0.5898438 0.8125 0.5820313 0.8554688 0.5898438 0.8125 0.59375 0.8125 0.59375 0.8125 0.5859375 0.8632813 0.5820313 0.8554688 0.5703125 0.9023438 0.5820313 0.8554688 0.5859375 0.8632813 0.7578125 0.8085938 0.7578125 0.8203125 0.75 0.8398438 0.7539063 0.8398438 0.75 0.8398438 0.7578125 0.8203125 0.7578125 0.8203125 0.7695313 0.8203125 0.7539063 0.8398438 0.765625 0.84375 0.7539063 0.8398438 0.7695313 0.8203125 0.7695313 0.8203125 0.7851563 0.8476563 0.765625 0.84375 0.765625 0.8671875 0.765625 0.84375 0.7851563 0.8476563 0.3085938 0.3632813 0.3125 0.4101563 0.3320313 0.296875 0.3476563 0.4648438 0.3320313 0.296875 0.3125 0.4101563 0.3125 0.4101563 0.3085938 0.4492188 0.3476563 0.4648438 0.2460937 0.4804688 0.3476563 0.4648438 0.3085938 0.4492188 0.3085938 0.4492188 0.296875 0.4257813 0.2460937 0.4804688 0.2890625 0.3867188 0.2460937 0.4804688 0.296875 0.4257813 0.875 0.421875 0.9101563 0.3789063 0.8632813 0.375 0.8828125 0.3554688 0.8632813 0.375 0.9101563 0.3789063 0.9101563 0.3789063 0.90625 0.359375 0.8828125 0.3554688 0.8789063 0.3242188 0.8828125 0.3554688 0.90625 0.359375 0.90625 0.359375 0.90625 0.328125 0.8789063 0.3242188 0.90625 0.2851563 0.8789063 0.3242188 0.90625 0.328125 0.9648438 0.8359375 0.9609375 0.8671875 0.9335938 0.8632813 0.9296875 0.90625 0.9335938 0.8632813 0.9609375 0.8671875 0.9609375 0.8671875 0.9570313 0.9023438 0.9296875 0.90625 0.9257813 0.9414063 0.9296875 0.90625 0.9570313 0.9023438 0.9570313 0.9023438 0.953125 0.9296875 0.9257813 0.9414063 0.921875 0.9648438 0.9257813 0.9414063 0.953125 0.9296875 0.8632813 0.375 0.8828125 0.3554688 0.859375 0.3515625 0.859375 0.3203125 0.859375 0.3515625 0.8828125 0.3554688 0.8828125 0.3554688 0.8789063 0.3242188 0.859375 0.3203125 0.8789063 0.28125 0.859375 0.3203125 0.8789063 0.3242188 0.8789063 0.3242188 0.90625 0.2851563 0.8789063 0.28125 0.9101563 0.234375 0.8789063 0.28125 0.90625 0.2851563 0.421875 0.8164063 0.4375 0.7851563 0.4375 0.8164063 0.4453125 0.8164063 0.4375 0.8164063 0.4375 0.7851563 0.4375 0.7851563 0.4492188 0.7851563 0.4453125 0.8164063 0.453125 0.7851563 0.4453125 0.8164063 0.4492188 0.7851563 0.4492188 0.7851563 0.4492188 0.7421875 0.453125 0.7851563 0.453125 0.7421875 0.453125 0.7851563 0.4492188 0.7421875 0.3710938 0.9414063 0.3554688 0.9375 0.359375 0.9648438 0.3359375 0.9648438 0.359375 0.9648438 0.3554688 0.9375 0.3554688 0.9375 0.3320313 0.9453125 0.3359375 0.9648438 0.3203125 0.9609375 0.3359375 0.9648438 0.3320313 0.9453125 0.3320313 0.9453125 0.3203125 0.9453125 0.3203125 0.9609375 0.3046875 0.9414063 0.3203125 0.9609375 0.3203125 0.9453125 0.3007813 0.8828125 0.3398438 0.8554688 0.3398438 0.8789063 0.3671875 0.890625 0.3398438 0.8789063 0.3398438 0.8554688 0.3398438 0.8554688 0.3710938 0.8710938 0.3671875 0.890625 0.390625 0.9257813 0.3671875 0.890625 0.3710938 0.8710938 0.3710938 0.8710938 0.390625 0.9023438 0.390625 0.9257813 0.4140625 0.9101563 0.390625 0.9257813 0.390625 0.9023438 0.234375 0.9296875 0.2734375 0.9101563 0.265625 0.890625 0.3007813 0.8632813 0.265625 0.890625 0.2734375 0.9101563 0.2734375 0.9101563 0.3007813 0.8828125 0.3007813 0.8632813 0.3398438 0.8554688 0.3007813 0.8632813 0.3007813 0.8828125 0.3007813 0.8828125 0.3398438 0.8789063 0.3398438 0.8554688 0.3671875 0.890625 0.3398438 0.8554688 0.3398438 0.8789063 0.90625 0.859375 0.8671875 0.9023438 0.8984375 0.90625 0.8632813 0.9453125 0.8984375 0.90625 0.8671875 0.9023438 0.8671875 0.9023438 0.8320313 0.9375 0.8632813 0.9453125 0.828125 0.9609375 0.8632813 0.9453125 0.8320313 0.9375 0.8320313 0.9375 0.8007813 0.9492188 0.828125 0.9609375 0.4296875 0.7148438 0.4296875 0.7226563 0.4375 0.7109375 0.4375 0.7382813 0.4375 0.7109375 0.4296875 0.7226563 0.4296875 0.7226563 0.421875 0.7421875 0.4375 0.7382813 0.4375 0.7851563 0.4375 0.7382813 0.421875 0.7421875 0.421875 0.7421875 0.421875 0.7851563 0.4375 0.7851563 0.06640625 0.7695313 0.04296875 0.6484375 0.08203125 0.6210938 0.0703125 0.5195313 0.08203125 0.6210938 0.04296875 0.6484375 0.04296875 0.6484375 0.04296875 0.53125 0.0703125 0.5195313 0.07421875 0.4570313 0.0703125 0.5195313 0.04296875 0.53125 0.04296875 0.53125 0.04296875 0.3867188 0.07421875 0.4570313 0.859375 0.3515625 0.859375 0.3203125 0.8828125 0.3554688 0.8789063 0.3242188 0.8828125 0.3554688 0.859375 0.3203125 0.859375 0.3203125 0.8789063 0.28125 0.8789063 0.3242188 0.90625 0.2851563 0.8789063 0.3242188 0.8789063 0.28125 0.8789063 0.28125 0.9101563 0.234375 0.90625 0.2851563 0.96875 0.7773438 0.96875 0.7890625 0.9492188 0.765625 0.9453125 0.7890625 0.9492188 0.765625 0.96875 0.7890625 0.96875 0.7890625 0.9648438 0.8359375 0.9453125 0.7890625 0.9414063 0.8242188 0.9453125 0.7890625 0.9648438 0.8359375 0.9648438 0.8359375 0.9335938 0.8632813 0.9414063 0.8242188 0.453125 0.7109375 0.4492188 0.7109375 0.453125 0.6679688 0.4453125 0.6835938 0.453125 0.6679688 0.4492188 0.7109375 0.4492188 0.7109375 0.4375 0.7109375 0.4453125 0.6835938 0.4414063 0.6875 0.4453125 0.6835938 0.4375 0.7109375 0.4375 0.7109375 0.4335938 0.6914063 0.4414063 0.6875 0.8125 0.8476563 0.8085938 0.890625 0.78125 0.8789063 0.7773438 0.90625 0.78125 0.8789063 0.8085938 0.890625 0.8085938 0.890625 0.8007813 0.9257813 0.7773438 0.90625 0.7773438 0.9257813 0.7773438 0.90625 0.8007813 0.9257813 0.8007813 0.9257813 0.8007813 0.9492188 0.7773438 0.9257813 0.4492188 0.7109375 0.4375 0.7382813 0.4375 0.7109375 0.4296875 0.7226563 0.4375 0.7109375 0.4375 0.7382813 0.4375 0.7382813 0.421875 0.7421875 0.4296875 0.7226563 0.4140625 0.7304688 0.4296875 0.7226563 0.421875 0.7421875 0.96875 0.875 0.9570313 0.9023438 0.9726563 0.9140625 0.953125 0.9296875 0.9726563 0.9140625 0.9570313 0.9023438 0.9570313 0.9023438 0.9257813 0.9414063 0.953125 0.9296875 0.921875 0.9648438 0.953125 0.9296875 0.9257813 0.9414063 0.9648438 0.84375 0.9609375 0.8671875 0.96875 0.875 0.9570313 0.9023438 0.96875 0.875 0.9609375 0.8671875 0.9609375 0.8671875 0.9296875 0.90625 0.9570313 0.9023438 0.9257813 0.9414063 0.9570313 0.9023438 0.9296875 0.90625 0.1445312 0.1914062 0.1015625 0.2773438 0.0625 0.2734375 0.04296875 0.3867188 0.0625 0.2734375 0.1015625 0.2773438 0.1015625 0.2773438 0.07421875 0.390625 0.04296875 0.3867188 0.07421875 0.4570313 0.04296875 0.3867188 0.07421875 0.390625 0.8984375 0.90625 0.8632813 0.9453125 0.8945313 0.9453125 0.859375 0.9726563 0.8945313 0.9453125 0.8632813 0.9453125 0.8632813 0.9453125 0.828125 0.9609375 0.859375 0.9726563 0.828125 0.9726563 0.859375 0.9726563 0.828125 0.9609375 0.2304687 0.9804688 0.234375 0.9296875 0.2460937 0.953125 0.2734375 0.9101563 0.2460937 0.953125 0.234375 0.9296875 0.234375 0.9296875 0.265625 0.890625 0.2734375 0.9101563 0.3007813 0.8632813 0.2734375 0.9101563 0.265625 0.890625 0.4335938 0.8789063 0.4296875 0.8789063 0.4375 0.8671875 0.4296875 0.8671875 0.4375 0.8671875 0.4296875 0.8789063 0.4296875 0.8789063 0.421875 0.8671875 0.4296875 0.8671875 0.421875 0.84375 0.4296875 0.8671875 0.421875 0.8671875 0.859375 0.3203125 0.8789063 0.28125 0.859375 0.28125 0.8867188 0.234375 0.859375 0.28125 0.8789063 0.28125 0.8789063 0.28125 0.9101563 0.234375 0.8867188 0.234375 0.9101563 0.1953125 0.8867188 0.234375 0.9101563 0.234375 0.859375 0.3203125 0.859375 0.28125 0.8789063 0.28125 0.8867188 0.234375 0.8789063 0.28125 0.859375 0.28125 0.859375 0.28125 0.8710938 0.2382812 0.8867188 0.234375 0.8867188 0.1953125 0.8867188 0.234375 0.8710938 0.2382812 0.296875 0.4257813 0.2460937 0.4804688 0.2890625 0.3867188 0.2460937 0.3359375 0.2890625 0.3867188 0.2460937 0.4804688 0.2460937 0.4804688 0.2890625 0.3867188 0.2460937 0.3359375 0.2890625 0.34375 0.2460937 0.3359375 0.2890625 0.3867188 0.5820313 0.8554688 0.5664063 0.8984375 0.5703125 0.9023438 0.5507813 0.9375 0.5703125 0.9023438 0.5664063 0.8984375 0.5664063 0.8984375 0.5429688 0.9335938 0.5507813 0.9375 0.53125 0.9609375 0.5507813 0.9375 0.5429688 0.9335938 0.2890625 0.3867188 0.2460937 0.3359375 0.2890625 0.34375 0.2929688 0.3125 0.2890625 0.34375 0.2460937 0.3359375 0.2460937 0.3359375 0.2617188 0.2148437 0.2929688 0.3125 0.3242188 0.1914062 0.2929688 0.3125 0.2617188 0.2148437 0.296875 0.3359375 0.2929688 0.3554688 0.3007813 0.34375 0.3046875 0.3710938 0.3007813 0.34375 0.2929688 0.3554688 0.2929688 0.3554688 0.2929688 0.3867188 0.3046875 0.3710938 0.296875 0.4101563 0.3046875 0.3710938 0.2929688 0.3867188 0.4257813 0.8828125 0.4296875 0.8789063 0.421875 0.8789063 0.421875 0.8671875 0.421875 0.8789063 0.4296875 0.8789063 0.4296875 0.8789063 0.4296875 0.8671875 0.421875 0.8671875 0.421875 0.84375 0.421875 0.8671875 0.4296875 0.8671875 0.203125 0.9804688 0.2304687 0.9804688 0.21875 0.9570313 0.234375 0.9296875 0.21875 0.9570313 0.2304687 0.9804688 0.2304687 0.9804688 0.2460937 0.953125 0.234375 0.9296875 0.2734375 0.9101563 0.234375 0.9296875 0.2460937 0.953125 0.3085938 0.4492188 0.3125 0.4101563 0.3476563 0.4648438 0.3320313 0.296875 0.3476563 0.4648438 0.3125 0.4101563 0.3125 0.4101563 0.3085938 0.3632813 0.3320313 0.296875 0.3007813 0.328125 0.3320313 0.296875 0.3085938 0.3632813 0.5820313 0.8554688 0.5703125 0.9023438 0.5664063 0.8984375 0.5507813 0.9375 0.5664063 0.8984375 0.5703125 0.9023438 0.5703125 0.9023438 0.5546875 0.9453125 0.5507813 0.9375 0.5429688 0.9570313 0.5507813 0.9375 0.5546875 0.9453125 0.3046875 0.4257813 0.296875 0.4101563 0.3085938 0.4023438 0.3046875 0.3710938 0.3085938 0.4023438 0.296875 0.4101563 0.296875 0.4101563 0.2929688 0.3867188 0.3046875 0.3710938 0.2929688 0.3554688 0.3046875 0.3710938 0.2929688 0.3867188 0.4101563 0.7851563 0.4140625 0.8125 0.421875 0.8164063 0.421875 0.84375 0.421875 0.8164063 0.4140625 0.8125 0.4140625 0.8125 0.4140625 0.8476563 0.421875 0.84375 0.4179688 0.8671875 0.421875 0.84375 0.4140625 0.8476563 0.96875 0.9296875 0.9492188 0.9492188 0.96875 0.9375 0.9492188 0.9570313 0.96875 0.9375 0.9492188 0.9492188 0.9492188 0.9492188 0.921875 0.9726563 0.9492188 0.9570313 0.9492188 0.9492188 0.9492188 0.9570313 0.921875 0.9726563 0.5664063 0.8984375 0.5507813 0.9375 0.5429688 0.9335938 0.53125 0.9609375 0.5429688 0.9335938 0.5507813 0.9375 0.5507813 0.9375 0.5429688 0.9570313 0.53125 0.9609375 0.0625 0.2734375 0.04296875 0.3867188 0.1015625 0.2773438 0.07421875 0.390625 0.1015625 0.2773438 0.04296875 0.3867188 0.04296875 0.3867188 0.07421875 0.4570313 0.07421875 0.390625 0.4960938 0.9414063 0.5 0.953125 0.5 0.9414063 0.515625 0.9609375 0.5 0.9414063 0.5 0.953125 0.5 0.953125 0.5078125 0.9570313 0.515625 0.9609375 0.4414063 0.9179688 0.4609375 0.9375 0.4335938 0.9414063 0.4492188 0.9609375 0.4335938 0.9414063 0.4609375 0.9375 0.4609375 0.9375 0.4609375 0.9882813 0.4492188 0.9609375 0.5859375 0.6289063 0.59375 0.6953125 0.5859375 0.6601563 0.59375 0.6875 0.5859375 0.6601563 0.59375 0.6953125 0.59375 0.6953125 0.59375 0.7460938 0.59375 0.6875 0.8828125 0.3554688 0.8789063 0.3242188 0.90625 0.359375 0.90625 0.328125 0.90625 0.359375 0.8789063 0.3242188 0.8789063 0.3242188 0.90625 0.2851563 0.90625 0.328125 0.4609375 0.9375 0.4726563 0.9726563 0.4609375 0.9882813 0.390625 0.953125 0.4609375 0.9882813 0.4726563 0.9726563 0.4726563 0.9726563 0.4609375 0.9882813 0.390625 0.953125 0.5703125 0.9023438 0.5507813 0.9375 0.5546875 0.9453125 0.5429688 0.9570313 0.5546875 0.9453125 0.5507813 0.9375 0.5507813 0.9375 0.53125 0.9609375 0.5429688 0.9570313 0.4453125 0.6835938 0.4492188 0.7109375 0.453125 0.6679688 0.453125 0.7109375 0.453125 0.6679688 0.4492188 0.7109375 0.4492188 0.7109375 0.453125 0.7421875 0.453125 0.7109375 0.5078125 0.9570313 0.5 0.953125 0.515625 0.9609375 0.5 0.9414063 0.515625 0.9609375 0.5 0.953125 0.5 0.953125 0.4960938 0.9414063 0.5 0.9414063 0.4726563 0.9726563 0.4609375 0.9375 0.4609375 0.9882813 0.4492188 0.9609375 0.4609375 0.9882813 0.4609375 0.9375 0.4609375 0.9375 0.4335938 0.9414063 0.4492188 0.9609375 0.0859375 0.8515625 0.06640625 0.7695313 0.125 0.8320313 0.1171875 0.703125 0.125 0.8320313 0.06640625 0.7695313 0.06640625 0.7695313 0.08203125 0.6210938 0.1171875 0.703125 0.859375 0.3515625 0.8828125 0.3554688 0.8632813 0.375 0.9101563 0.3789063 0.8632813 0.375 0.8828125 0.3554688 0.8828125 0.3554688 0.90625 0.359375 0.9101563 0.3789063 0.8789063 0.28125 0.8867188 0.234375 0.9101563 0.234375 0.9101563 0.1953125 0.9101563 0.234375 0.8867188 0.234375 0.8867188 0.234375 0.8867188 0.1953125 0.9101563 0.1953125 0.2070312 0.0859375 0.1875 0.0390625 0.2070312 0.09375 0.1914062 0.1328125 0.2070312 0.09375 0.1875 0.0390625 0.1875 0.0390625 0.06640625 0.1523437 0.1914062 0.1328125 0.921875 0.4648438 0.9101563 0.4453125 0.890625 0.4453125 0.8867188 0.4414063 0.890625 0.4453125 0.9101563 0.4453125 0.9101563 0.4453125 0.875 0.421875 0.8867188 0.4414063 0.3203125 0.9453125 0.3085938 0.953125 0.3046875 0.9414063 0.2890625 0.9375 0.3046875 0.9414063 0.3085938 0.953125 0.3085938 0.953125 0.296875 0.9492188 0.2890625 0.9375 0.4375 0.8164063 0.4453125 0.8164063 0.4414063 0.8476563 0.4453125 0.84375 0.4414063 0.8476563 0.4453125 0.8164063 0.4453125 0.8164063 0.4492188 0.8164063 0.4453125 0.84375 0.4492188 0.7109375 0.4492188 0.7421875 0.453125 0.7421875 0.453125 0.7851563 0.453125 0.7421875 0.4492188 0.7421875 0.4492188 0.7421875 0.4492188 0.7851563 0.453125 0.7851563 0.765625 0.84375 0.765625 0.8671875 0.7539063 0.8398438 0.75 0.8632813 0.7539063 0.8398438 0.765625 0.8671875 0.765625 0.8671875 0.7617188 0.8867188 0.75 0.8632813 0.3476563 0.4648438 0.2460937 0.4804688 0.3515625 0.484375 0.2617188 0.4921875 0.3515625 0.484375 0.2460937 0.4804688 0.2460937 0.4804688 0.3515625 0.484375 0.2617188 0.4921875 0.3515625 0.484375 0.2460937 0.4804688 0.3476563 0.4648438 0.3085938 0.4492188 0.3476563 0.4648438 0.2460937 0.4804688 0.2460937 0.4804688 0.296875 0.4257813 0.3085938 0.4492188 0.04296875 0.1953125 0.0625 0.2734375 0.078125 0.1875 0.1445312 0.1914062 0.078125 0.1875 0.0625 0.2734375 0.0625 0.2734375 0.1015625 0.2773438 0.1445312 0.1914062 0.921875 0.9726563 0.9492188 0.9492188 0.921875 0.9648438 0.953125 0.9296875 0.921875 0.9648438 0.9492188 0.9492188 0.9492188 0.9492188 0.9726563 0.9140625 0.953125 0.9296875 0.5859375 0.6289063 0.5859375 0.6601563 0.59375 0.6953125 0.59375 0.6875 0.59375 0.6953125 0.5859375 0.6601563 0.421875 0.7578125 0.4140625 0.8476563 0.4101563 0.8398438 0.4179688 0.8671875 0.4101563 0.8398438 0.4140625 0.8476563 0.3242188 0.7070313 0.3554688 0.6523438 0.3867188 0.7148438 0.375 0.609375 0.3867188 0.7148438 0.3554688 0.6523438 0.3046875 0.4257813 0.3085938 0.4023438 0.296875 0.4101563 0.3046875 0.3710938 0.296875 0.4101563 0.3085938 0.4023438 0.4296875 0.7226563 0.4296875 0.7148438 0.4375 0.7109375 0.4335938 0.6914063 0.4375 0.7109375 0.4296875 0.7148438 0.4101563 0.7851563 0.421875 0.7851563 0.421875 0.8164063 0.4375 0.7851563 0.421875 0.8164063 0.421875 0.7851563 0.515625 0.9609375 0.5273438 0.96875 0.53125 0.9609375 0.5429688 0.9570313 0.53125 0.9609375 0.5273438 0.96875 0.4375 0.8164063 0.4335938 0.84375 0.4414063 0.8476563 0.4375 0.8671875 0.4414063 0.8476563 0.4335938 0.84375 0.3710938 0.890625 0.390625 0.921875 0.390625 0.9140625 0.4140625 0.9335938 0.390625 0.9140625 0.390625 0.921875 0.2734375 0.9101563 0.3007813 0.8632813 0.3007813 0.8828125 0.3398438 0.8554688 0.3007813 0.8828125 0.3007813 0.8632813 0.1445312 0.90625 0.109375 0.9140625 0.125 0.8320313 0.0859375 0.8515625 0.125 0.8320313 0.109375 0.9140625 0.390625 0.9257813 0.4140625 0.9101563 0.4335938 0.9414063 0.4414063 0.9179688 0.4335938 0.9414063 0.4140625 0.9101563 0.7695313 0.8203125 0.7890625 0.8125 0.7851563 0.8476563 0.8164063 0.8085938 0.7851563 0.8476563 0.7890625 0.8125 0.8242188 0.75 0.796875 0.765625 0.8242188 0.7421875 0.796875 0.7578125 0.8242188 0.7421875 0.796875 0.765625 0.3710938 0.9414063 0.359375 0.9648438 0.3554688 0.9375 0.3359375 0.9648438 0.3554688 0.9375 0.359375 0.9648438 0.421875 0.8789063 0.421875 0.8671875 0.4179688 0.8671875 0.421875 0.84375 0.4179688 0.8671875 0.421875 0.8671875 0.3867188 0.7148438 0.3398438 0.7734375 0.3242188 0.7070313 0.296875 0.828125 0.3242188 0.7070313 0.3398438 0.7734375 0.3867188 0.7148438 0.3242188 0.7070313 0.453125 0.6601563 0.2851563 0.7460938 0.453125 0.6601563 0.3242188 0.7070313 0.578125 0.6132813 0.546875 0.609375 0.5664063 0.59375 0.5742188 0.5117188 0.5664063 0.59375 0.546875 0.609375 0.5117188 0.9335938 0.5273438 0.9375 0.53125 0.9609375 0.5429688 0.9335938 0.53125 0.9609375 0.5273438 0.9375 0.9726563 0.9140625 0.96875 0.9296875 0.9492188 0.9492188 0.96875 0.9375 0.9492188 0.9492188 0.96875 0.9296875 0.4609375 0.9375 0.4414063 0.9179688 0.4335938 0.9414063 0.4140625 0.9101563 0.4335938 0.9414063 0.4414063 0.9179688 0.4335938 0.9414063 0.4140625 0.9101563 0.390625 0.9257813 0.390625 0.9023438 0.390625 0.9257813 0.4140625 0.9101563 0.3398438 0.8554688 0.3671875 0.890625 0.3710938 0.8710938 0.390625 0.9257813 0.3710938 0.8710938 0.3671875 0.890625 0.3320313 0.9453125 0.3203125 0.9609375 0.3203125 0.9453125 0.3085938 0.953125 0.3203125 0.9453125 0.3203125 0.9609375 0.421875 0.84375 0.4335938 0.84375 0.4296875 0.8671875 0.4375 0.8671875 0.4296875 0.8671875 0.4335938 0.84375 0.9101563 0.4453125 0.9101563 0.4296875 0.875 0.421875 0.9101563 0.3789063 0.875 0.421875 0.9101563 0.4296875 0.4335938 0.8789063 0.4375 0.8710938 0.4375 0.8671875 0.4414063 0.8476563 0.4375 0.8671875 0.4375 0.8710938 0.7734375 0.7851563 0.796875 0.765625 0.796875 0.7578125 0.8242188 0.7421875 0.796875 0.7578125 0.796875 0.765625 0.3203125 0.9609375 0.3046875 0.9414063 0.3085938 0.953125 0.2890625 0.9375 0.3085938 0.953125 0.3046875 0.9414063 0.06640625 0.7695313 0.0859375 0.8515625 0.125 0.8320313 0.109375 0.9140625 0.125 0.8320313 0.0859375 0.8515625 0.9101563 0.1953125 0.8867188 0.1953125 0.8867188 0.234375 0.8710938 0.2382812 0.8867188 0.234375 0.8867188 0.1953125 0.4453125 0.84375 0.4492188 0.8164063 0.4453125 0.8164063 0.453125 0.7851563 0.4453125 0.8164063 0.4492188 0.8164063 0.921875 0.4648438 0.890625 0.4453125 0.9101563 0.4453125 0.8867188 0.4414063 0.9101563 0.4453125 0.890625 0.4453125 0.9101563 0.4453125 0.8867188 0.4414063 0.9101563 0.4296875 0.875 0.421875 0.9101563 0.4296875 0.8867188 0.4414063 0.9101563 0.4296875 0.875 0.421875 0.9101563 0.3789063 0.8632813 0.375 0.9101563 0.3789063 0.875 0.421875 0.7578125 0.8984375 0.7578125 0.90625 0.75 0.875 0.7578125 0.8984375 0.75 0.875 0.7578125 0.90625 0.4414063 0.6875 0.4335938 0.6914063 0.4375 0.7109375 0.4296875 0.7148438 0.4375 0.7109375 0.4335938 0.6914063 0.421875 0.7851563 0.421875 0.7421875 0.4140625 0.7304688 0.4296875 0.7226563 0.4140625 0.7304688 0.421875 0.7421875 0.375 0.609375 0.3554688 0.6523438 0.3867188 0.7148438 0.3242188 0.7070313 0.3867188 0.7148438 0.3554688 0.6523438 0.3320313 0.296875 0.3242188 0.1914062 0.2929688 0.3125 0.2617188 0.2148437 0.2929688 0.3125 0.3242188 0.1914062 0.2929688 0.3125 0.3007813 0.328125 0.3320313 0.296875 0.3085938 0.3632813 0.3320313 0.296875 0.3007813 0.328125 0.578125 0.6132813 0.5664063 0.59375 0.546875 0.609375 0.5742188 0.5117188 0.546875 0.609375 0.5664063 0.59375 0.296875 0.3359375 0.3007813 0.34375 0.2929688 0.3554688 0.3046875 0.3710938 0.2929688 0.3554688 0.3007813 0.34375 0.203125 0.9804688 0.21875 0.9570313 0.2304687 0.9804688 0.234375 0.9296875 0.2304687 0.9804688 0.21875 0.9570313 0.078125 0.1875 0.1445312 0.1914062 0.06640625 0.1523437 0.1914062 0.1328125 0.06640625 0.1523437 0.1445312 0.1914062 0.3710938 0.890625 0.390625 0.9140625 0.390625 0.921875 0.4140625 0.9335938 0.390625 0.921875 0.390625 0.9140625 0.3554688 0.9375 0.3359375 0.9648438 0.3320313 0.9453125 0.3203125 0.9609375 0.3320313 0.9453125 0.3359375 0.9648438 0.3007813 0.328125 0.2929688 0.3125 0.3320313 0.296875 0.3242188 0.1914062 0.3320313 0.296875 0.2929688 0.3125 0.2890625 0.34375 0.2929688 0.3125 0.2460937 0.3359375 0.2617188 0.2148437 0.2460937 0.3359375 0.2929688 0.3125 0.9296875 0.90625 0.9609375 0.8671875 0.9335938 0.8632813 0.9648438 0.8359375 0.9335938 0.8632813 0.9609375 0.8671875 0.9726563 0.7070313 0.9765625 0.6875 0.9960938 0.7265625 0.9726563 0.7070313 0.9960938 0.7265625 0.9765625 0.6875 0.4140625 0.8671875 0.4101563 0.8398438 0.4179688 0.8671875 0.265625 0.9179688 0.28125 0.8984375 0.3007813 0.8828125 0.3710938 0.8710938 0.390625 0.9257813 0.390625 0.9023438 0.75 0.8632813 0.75 0.8398438 0.7539063 0.8398438 0.7734375 0.8007813 0.7734375 0.7851563 0.7929688 0.7851563 0.515625 0.9609375 0.5 0.9414063 0.5039063 0.9375 0.4492188 0.7851563 0.4375 0.7851563 0.4492188 0.7421875 0.859375 0.28125 0.8867188 0.234375 0.8710938 0.2382812 0.4375 0.8710938 0.4414063 0.8476563 0.4453125 0.84375 0.7734375 0.8007813 0.7695313 0.8203125 0.7929688 0.7851563 0.453125 0.6601563 0.2851563 0.7460938 0.4335938 0.6875 0.3085938 0.953125 0.2890625 0.9375 0.296875 0.9492188 0.7773438 0.9257813 0.7578125 0.8984375 0.7773438 0.90625 0.1445312 0.90625 0.125 0.8320313 0.109375 0.9140625 0.765625 0.8671875 0.75 0.8632813 0.7617188 0.8867188 0.4882813 0.8867188 0.5039063 0.9375 0.5117188 0.9335938 0.4492188 0.8164063 0.4453125 0.8164063 0.453125 0.7851563 0.9492188 0.9492188 0.96875 0.9375 0.9492188 0.9570313 0.265625 0.9179688 0.3007813 0.8828125 0.28125 0.8984375 0.96875 0.9296875 0.9726563 0.9140625 0.9492188 0.9492188 0.9960938 0.7265625 0.9882813 0.7304688 0.9726563 0.7070313 0.9765625 0.7617188 0.9726563 0.7070313 0.9882813 0.7304688 0.9960938 0.7265625 0.9726563 0.7070313 0.9882813 0.7304688 0.9765625 0.7617188 0.9882813 0.7304688 0.9726563 0.7070313 0.9609375 0.8671875 0.9648438 0.8359375 0.9648438 0.84375 0.96875 0.7890625 0.9648438 0.84375 0.9648438 0.8359375 0.9609375 0.8671875 0.9648438 0.84375 0.9648438 0.8359375 0.96875 0.828125 0.9648438 0.8359375 0.9648438 0.84375 0.9648438 0.8359375 0.96875 0.828125 0.96875 0.7890625 0.9648438 0.84375 0.96875 0.7890625 0.96875 0.828125 0.3085938 0.4726563 0.3085938 0.4726563 0.3085938 0.4726563 0.3085938 0.4726563 0.3085938 0.4726563 0.3085938 0.4726563 0.3085938 0.4726563 0.3085938 0.4726563 0.3085938 0.4726563 0.3085938 0.4726563 0.3085938 0.4726563 0.3085938 0.4726563 0.3085938 0.4726563 0.3085938 0.4726563 0.3085938 0.4726563 0.3085938 0.4726563 0.3085938 0.4726563 0.3085938 0.4726563 0.3085938 0.4726563 0.3085938 0.4726563 0.3085938 0.4726563 0.3085938 0.4726563 0.3085938 0.4726563 0.3085938 0.4726563 0.3085938 0.4726563 0.3085938 0.4726563 0.3085938 0.4726563 0.3085938 0.4726563 0.3085938 0.4726563 0.3085938 0.4726563 0.3085938 0.4726563 0.3085938 0.4726563 0.3085938 0.4726563 0.3085938 0.4726563 0.3085938 0.4726563 0.3085938 0.4726563 0.3085938 0.4726563 0.3085938 0.4726563 0.3085938 0.4726563 0.3085938 0.4726563 0.3085938 0.4726563 0.3085938 0.4726563 0.3085938 0.4726563 0.3085938 0.4726563 0.3085938 0.4726563 0.3085938 0.4726563 0.3085938 0.4726563 0.3085938 0.4726563 0.3085938 0.4726563 0.3085938 0.4726563 0.3085938 0.4726563 0.3085938 0.4726563 0.3085938 0.4726563 0.3085938 0.4726563 0.3085938 0.4726563 0.3085938 0.4726563 0.3085938 0.4726563 0.3085938 0.4726563 0.3085938 0.4726563 0.3085938 0.4726563 0.3085938 0.4726563 0.3085938 0.4726563 0.3085938 0.4726563 0.3085938 0.4726563 0.3085938 0.4726563 0.3085938 0.4726563 0.3085938 0.4726563 0.3085938 0.4726563 0.3085938 0.4726563 0.3085938 0.4726563 0.3085938 0.4726563 0.3085938 0.4726563 0.3085938 0.4726563 0.3085938 0.4726563 0.3085938 0.4726563 0.3085938 0.4726563 0.3085938 0.4726563 0.3085938 0.4726563 0.3085938 0.4726563 0.3085938 0.4726563 0.3085938 0.4726563 0.3085938 0.4726563 0.3085938 0.4726563 0.3085938 0.4726563 0.3085938 0.4726563 0.3085938 0.4726563 0.3085938 0.4726563 0.3085938 0.4726563 0.3085938 0.4726563 0.3085938 0.4726563 0.3085938 0.4726563 0.3085938 0.4726563 0.3085938 0.4726563 0.3085938 0.4726563 0.3085938 0.4726563 0.3085938 0.4726563 0.05859375 0.8476563 0.078125 0.8632813 0.06640625 0.8710938 0.0859375 0.9023438 0.06640625 0.8710938 0.078125 0.8632813 0.078125 0.8632813 0.09375 0.8828125 0.0859375 0.9023438 0.1171875 0.9101563 0.0859375 0.9023438 0.09375 0.8828125 0.09375 0.8828125 0.1210937 0.84375 0.1171875 0.9101563 0.1367187 0.8828125 0.1171875 0.9101563 0.1210937 0.84375 0.1210937 0.84375 0.1445312 0.8320313 0.1367187 0.8828125 0.1835937 0.8710938 0.1367187 0.8828125 0.1445312 0.8320313 0.1445312 0.8320313 0.1757812 0.8359375 0.1835937 0.8710938 0.2265625 0.84375 0.1835937 0.8710938 0.1757812 0.8359375 0.1757812 0.8359375 0.1875 0.8046875 0.2265625 0.84375 0.234375 0.796875 0.2265625 0.84375 0.1875 0.8046875 0.1875 0.8046875 0.2070312 0.7460938 0.234375 0.796875 0.2734375 0.7695313 0.234375 0.796875 0.2070312 0.7460938 0.2070312 0.7460938 0.265625 0.7304688 0.2734375 0.7695313 0.3125 0.7539063 0.2734375 0.7695313 0.265625 0.7304688 0.265625 0.7304688 0.3007813 0.7070313 0.3125 0.7539063 0.3671875 0.7304688 0.3125 0.7539063 0.3007813 0.7070313 0.3007813 0.7070313 0.3085938 0.6796875 0.3671875 0.7304688 0.3789063 0.7304688 0.3671875 0.7304688 0.3085938 0.6796875 0.3085938 0.6796875 0.3515625 0.6875 0.3789063 0.7304688 0.2539063 0.6328125 0.2226562 0.640625 0.28125 0.640625 0.2734375 0.6484375 0.28125 0.640625 0.2226562 0.640625 0.2226562 0.640625 0.25 0.6757813 0.2734375 0.6484375 0.3085938 0.6796875 0.2734375 0.6484375 0.25 0.6757813 0.25 0.6757813 0.3007813 0.7070313 0.3085938 0.6796875 0.3671875 0.7304688 0.3085938 0.6796875 0.3007813 0.7070313 0.3007813 0.7070313 0.3125 0.7539063 0.3671875 0.7304688 0.3867188 0.7929688 0.3671875 0.7304688 0.3125 0.7539063 0.3125 0.7539063 0.3203125 0.796875 0.3867188 0.7929688 0.3867188 0.8554688 0.3867188 0.7929688 0.3203125 0.796875 0.3203125 0.796875 0.3203125 0.8476563 0.3867188 0.8554688 0.3671875 0.9023438 0.3867188 0.8554688 0.3203125 0.8476563 0.3203125 0.8476563 0.3125 0.8867188 0.3671875 0.9023438 0.3359375 0.9375 0.3671875 0.9023438 0.3125 0.8867188 0.3125 0.8867188 0.2734375 0.9140625 0.3359375 0.9375 0.2890625 0.9570313 0.3359375 0.9375 0.2734375 0.9140625 0.2734375 0.9140625 0.2304687 0.9257813 0.2890625 0.9570313 0.2304687 0.9648438 0.2890625 0.9570313 0.2304687 0.9257813 0.2304687 0.9257813 0.1875 0.9570313 0.2304687 0.9648438 0.1796875 0.9648438 0.2304687 0.9648438 0.1875 0.9570313 0.1875 0.9570313 0.140625 0.9492188 0.1796875 0.9648438 0.0859375 0.9023438 0.09375 0.8828125 0.078125 0.8632813 0.0859375 0.8398438 0.078125 0.8632813 0.09375 0.8828125 0.09375 0.8828125 0.1015625 0.8125 0.0859375 0.8398438 0.08984375 0.7890625 0.0859375 0.8398438 0.1015625 0.8125 0.1015625 0.8125 0.1054687 0.765625 0.08984375 0.7890625 0.1015625 0.7578125 0.08984375 0.7890625 0.1054687 0.765625 0.1054687 0.765625 0.1210937 0.7265625 0.1015625 0.7578125 0.05859375 0.7265625 0.1015625 0.7578125 0.1210937 0.7265625 0.1210937 0.7265625 0.0703125 0.703125 0.05859375 0.7265625 0.0546875 0.6875 0.05859375 0.7265625 0.0703125 0.703125 0.0703125 0.703125 0.08203125 0.6835938 0.0546875 0.6875 0.046875 0.6835938 0.0546875 0.6875 0.08203125 0.6835938 0.08203125 0.6835938 0.08203125 0.6835938 0.046875 0.6835938 0.08203125 0.6835938 0.046875 0.6835938 0.08203125 0.6835938 0.08203125 0.6835938 0.1484375 0.6640625 0.08203125 0.6835938 0.09375 0.6875 0.08203125 0.6835938 0.1484375 0.6640625 0.1484375 0.6640625 0.1757812 0.6679688 0.09375 0.6875 0.2226562 0.6328125 0.171875 0.6445313 0.2226562 0.640625 0.203125 0.6601563 0.2226562 0.640625 0.171875 0.6445313 0.171875 0.6445313 0.1757812 0.6679688 0.203125 0.6601563 0.1953125 0.6835938 0.203125 0.6601563 0.1757812 0.6679688 0.1757812 0.6679688 0.1523437 0.7070313 0.1953125 0.6835938 0.1757812 0.7226563 0.1953125 0.6835938 0.1523437 0.7070313 0.1523437 0.7070313 0.140625 0.7382813 0.1757812 0.7226563 0.1601562 0.7734375 0.1757812 0.7226563 0.140625 0.7382813 0.140625 0.7382813 0.125 0.796875 0.1601562 0.7734375 0.1445312 0.8320313 0.1601562 0.7734375 0.125 0.796875 0.125 0.796875 0.1210937 0.84375 0.1445312 0.8320313 0.1367187 0.8828125 0.1445312 0.8320313 0.1210937 0.84375 0.1210937 0.84375 0.1171875 0.9101563 0.1367187 0.8828125 0.1445312 0.9375 0.1367187 0.8828125 0.1171875 0.9101563 0.1171875 0.9101563 0.109375 0.921875 0.1445312 0.9375 0.140625 0.9492188 0.1445312 0.9375 0.109375 0.921875 0.109375 0.921875 0.1171875 0.9101563 0.0859375 0.9023438 0.09375 0.8828125 0.0859375 0.9023438 0.1171875 0.9101563 0.1171875 0.9101563 0.1210937 0.84375 0.09375 0.8828125 0.1015625 0.8125 0.09375 0.8828125 0.1210937 0.84375 0.1210937 0.84375 0.125 0.796875 0.1015625 0.8125 0.1054687 0.765625 0.1015625 0.8125 0.125 0.796875 0.125 0.796875 0.140625 0.7382813 0.1054687 0.765625 0.1210937 0.7265625 0.1054687 0.765625 0.140625 0.7382813 0.140625 0.7382813 0.1523437 0.7070313 0.1210937 0.7265625 0.09375 0.6875 0.1210937 0.7265625 0.1523437 0.7070313 0.1523437 0.7070313 0.1757812 0.6679688 0.09375 0.6875 0.1484375 0.6640625 0.09375 0.6875 0.1757812 0.6679688 0.1757812 0.6679688 0.171875 0.6445313 0.1484375 0.6640625 0.1679687 0.6484375 0.1484375 0.6640625 0.171875 0.6445313 0.171875 0.6445313 0.2226562 0.6328125 0.1679687 0.6484375 0.171875 0.6445313 0.1679687 0.6484375 0.2226562 0.6328125 0.3671875 0.7304688 0.3867188 0.7929688 0.3125 0.7539063 0.3203125 0.796875 0.3125 0.7539063 0.3867188 0.7929688 0.3867188 0.7929688 0.3867188 0.8554688 0.3203125 0.796875 0.3203125 0.8476563 0.3203125 0.796875 0.3867188 0.8554688 0.3867188 0.8554688 0.3671875 0.9023438 0.3203125 0.8476563 0.3125 0.8867188 0.3203125 0.8476563 0.3671875 0.9023438 0.3671875 0.9023438 0.3359375 0.9375 0.3125 0.8867188 0.2734375 0.9140625 0.3125 0.8867188 0.3359375 0.9375 0.3359375 0.9375 0.2890625 0.9570313 0.2734375 0.9140625 0.2304687 0.9257813 0.2734375 0.9140625 0.2890625 0.9570313 0.2890625 0.9570313 0.2304687 0.9648438 0.2304687 0.9257813 0.1875 0.9570313 0.2304687 0.9257813 0.2304687 0.9648438 0.2304687 0.9648438 0.1796875 0.9648438 0.1875 0.9570313 0.140625 0.9492188 0.1875 0.9570313 0.1796875 0.9648438 0.265625 0.7304688 0.2070312 0.7460938 0.2382812 0.703125 0.1757812 0.7226563 0.2382812 0.703125 0.2070312 0.7460938 0.2070312 0.7460938 0.1601562 0.7734375 0.1757812 0.7226563 0.140625 0.7382813 0.1757812 0.7226563 0.1601562 0.7734375 0.1601562 0.7734375 0.125 0.796875 0.140625 0.7382813 0.1054687 0.765625 0.140625 0.7382813 0.125 0.796875 0.125 0.796875 0.1015625 0.8125 0.1054687 0.765625 0.08984375 0.7890625 0.1054687 0.765625 0.1015625 0.8125 0.1015625 0.8125 0.0859375 0.8398438 0.08984375 0.7890625 0.078125 0.8632813 0.08984375 0.7890625 0.0859375 0.8398438 0.0859375 0.8398438 0.09375 0.8828125 0.078125 0.8632813 0.1367187 0.8828125 0.1835937 0.8710938 0.1445312 0.8320313 0.1757812 0.8359375 0.1445312 0.8320313 0.1835937 0.8710938 0.1835937 0.8710938 0.2265625 0.84375 0.1757812 0.8359375 0.1875 0.8046875 0.1757812 0.8359375 0.2265625 0.84375 0.2265625 0.84375 0.234375 0.796875 0.1875 0.8046875 0.2070312 0.7460938 0.1875 0.8046875 0.234375 0.796875 0.234375 0.796875 0.2734375 0.7695313 0.2070312 0.7460938 0.265625 0.7304688 0.2070312 0.7460938 0.2734375 0.7695313 0.2734375 0.7695313 0.3125 0.7539063 0.265625 0.7304688 0.3007813 0.7070313 0.265625 0.7304688 0.3125 0.7539063 0.1953125 0.6835938 0.1523437 0.7070313 0.1757812 0.6679688 0.09375 0.6875 0.1757812 0.6679688 0.1523437 0.7070313 0.1523437 0.7070313 0.1210937 0.7265625 0.09375 0.6875 0.0703125 0.703125 0.09375 0.6875 0.1210937 0.7265625 0.1210937 0.7265625 0.05859375 0.7265625 0.0703125 0.703125 0.0546875 0.6875 0.0703125 0.703125 0.05859375 0.7265625 0.05859375 0.7265625 0.0390625 0.7109375 0.0546875 0.6875 0.046875 0.6835938 0.0546875 0.6875 0.0390625 0.7109375 0.0390625 0.7109375 0.03125 0.703125 0.046875 0.6835938 0.0390625 0.7109375 0.046875 0.6835938 0.03125 0.703125 0.140625 0.9492188 0.1875 0.9570313 0.1445312 0.9375 0.1679687 0.9101563 0.1445312 0.9375 0.1875 0.9570313 0.1875 0.9570313 0.2304687 0.9257813 0.1679687 0.9101563 0.1835937 0.8710938 0.1679687 0.9101563 0.2304687 0.9257813 0.2304687 0.9257813 0.2265625 0.890625 0.1835937 0.8710938 0.2265625 0.84375 0.1835937 0.8710938 0.2265625 0.890625 0.2265625 0.890625 0.265625 0.8789063 0.2265625 0.84375 0.2851563 0.8476563 0.2265625 0.84375 0.265625 0.8789063 0.265625 0.8789063 0.3125 0.8867188 0.2851563 0.8476563 0.3203125 0.8476563 0.2851563 0.8476563 0.3125 0.8867188 0.0859375 0.9023438 0.1171875 0.9101563 0.109375 0.921875 0.1445312 0.9375 0.109375 0.921875 0.1171875 0.9101563 0.1171875 0.9101563 0.1367187 0.8828125 0.1445312 0.9375 0.1679687 0.9101563 0.1445312 0.9375 0.1367187 0.8828125 0.1367187 0.8828125 0.1835937 0.8710938 0.1679687 0.9101563 0.2304687 0.9257813 0.1679687 0.9101563 0.1835937 0.8710938 0.1835937 0.8710938 0.2265625 0.890625 0.2304687 0.9257813 0.265625 0.8789063 0.2304687 0.9257813 0.2265625 0.890625 0.2265625 0.890625 0.2265625 0.84375 0.265625 0.8789063 0.2226562 0.6328125 0.2226562 0.640625 0.171875 0.6445313 0.1757812 0.6679688 0.171875 0.6445313 0.2226562 0.640625 0.2226562 0.640625 0.203125 0.6601563 0.1757812 0.6679688 0.1953125 0.6835938 0.1757812 0.6679688 0.203125 0.6601563 0.203125 0.6601563 0.25 0.6757813 0.1953125 0.6835938 0.2382812 0.703125 0.1953125 0.6835938 0.25 0.6757813 0.25 0.6757813 0.3007813 0.7070313 0.2382812 0.703125 0.265625 0.7304688 0.2382812 0.703125 0.3007813 0.7070313 0.3867188 0.7929688 0.3984375 0.8554688 0.3867188 0.8554688 0.3671875 0.9023438 0.3867188 0.8554688 0.3984375 0.8554688 0.3984375 0.8554688 0.3828125 0.90625 0.3671875 0.9023438 0.3359375 0.9375 0.3671875 0.9023438 0.3828125 0.90625 0.3828125 0.90625 0.3476563 0.9453125 0.3359375 0.9375 0.2890625 0.9570313 0.3359375 0.9375 0.3476563 0.9453125 0.3476563 0.9453125 0.296875 0.96875 0.2890625 0.9570313 0.2617188 0.96875 0.2890625 0.9570313 0.296875 0.96875 0.3125 0.7539063 0.3203125 0.796875 0.2734375 0.7695313 0.2773438 0.8046875 0.2734375 0.7695313 0.3203125 0.796875 0.3203125 0.796875 0.3203125 0.8476563 0.2773438 0.8046875 0.2851563 0.8476563 0.2773438 0.8046875 0.3203125 0.8476563 0.3203125 0.8476563 0.3125 0.8867188 0.2851563 0.8476563 0.265625 0.8789063 0.2851563 0.8476563 0.3125 0.8867188 0.3125 0.8867188 0.2734375 0.9140625 0.265625 0.8789063 0.2304687 0.9257813 0.265625 0.8789063 0.2734375 0.9140625 0.1210937 0.7265625 0.09375 0.6875 0.0703125 0.703125 0.08203125 0.6835938 0.0703125 0.703125 0.09375 0.6875 0.09375 0.6875 0.1484375 0.6640625 0.08203125 0.6835938 0.08203125 0.6835938 0.08203125 0.6835938 0.1484375 0.6640625 0.1484375 0.6640625 0.1367187 0.6601563 0.08203125 0.6835938 0.1484375 0.6640625 0.08203125 0.6835938 0.1367187 0.6601563 0.1367187 0.6601563 0.1679687 0.6484375 0.1484375 0.6640625 0.171875 0.6445313 0.1484375 0.6640625 0.1679687 0.6484375 0.8828125 0.609375 0.8945313 0.4765625 0.8125 0.4414063 0.734375 0.3007813 0.8125 0.4414063 0.8945313 0.4765625 0.8945313 0.4765625 0.7460938 0.2460937 0.734375 0.3007813 0.6445313 0.1328125 0.734375 0.3007813 0.7460938 0.2460937 0.7460938 0.2460937 0.6484375 0.0625 0.6445313 0.1328125 0.5 0.078125 0.6445313 0.1328125 0.6484375 0.0625 0.6484375 0.0625 0.5 0.015625 0.5 0.078125 0.6484375 0.0625 0.5 0.078125 0.5 0.015625 0.6328125 0.1953125 0.5 0.078125 0.5 0.15625 0.6328125 0.1953125 0.5 0.15625 0.5 0.078125 0.5 0.078125 0.6445313 0.1328125 0.6328125 0.1953125 0.734375 0.3007813 0.6328125 0.1953125 0.6445313 0.1328125 0.6445313 0.1328125 0.7460938 0.2460937 0.734375 0.3007813 0.8945313 0.4765625 0.734375 0.3007813 0.7460938 0.2460937 0.7460938 0.2460937 0.7695313 0.1601562 0.8945313 0.4765625 0.9375 0.3359375 0.8945313 0.4765625 0.7695313 0.1601562 0.3242188 0.6601563 0.3085938 0.6796875 0.3515625 0.6875 0.3789063 0.7304688 0.3515625 0.6875 0.3085938 0.6796875 0.3085938 0.6796875 0.3671875 0.7304688 0.3789063 0.7304688 0.3945313 0.7890625 0.3789063 0.7304688 0.3671875 0.7304688 0.3671875 0.7304688 0.3867188 0.7929688 0.3945313 0.7890625 0.3984375 0.8203125 0.3945313 0.7890625 0.3867188 0.7929688 0.3867188 0.7929688 0.3984375 0.8554688 0.3984375 0.8203125 0.2382812 0.703125 0.1757812 0.7226563 0.1953125 0.6835938 0.1523437 0.7070313 0.1953125 0.6835938 0.1757812 0.7226563 0.1757812 0.7226563 0.140625 0.7382813 0.1523437 0.7070313 0.1210937 0.7265625 0.1523437 0.7070313 0.140625 0.7382813 0.140625 0.7382813 0.1054687 0.765625 0.1210937 0.7265625 0.1015625 0.7578125 0.1210937 0.7265625 0.1054687 0.765625 0.1054687 0.765625 0.08984375 0.7890625 0.1015625 0.7578125 0.1875 0.8046875 0.2070312 0.7460938 0.1601562 0.7734375 0.1757812 0.7226563 0.1601562 0.7734375 0.2070312 0.7460938 0.2070312 0.7460938 0.2382812 0.703125 0.1757812 0.7226563 0.1953125 0.6835938 0.1757812 0.7226563 0.2382812 0.703125 0.2382812 0.703125 0.25 0.6757813 0.1953125 0.6835938 0.203125 0.6601563 0.1953125 0.6835938 0.25 0.6757813 0.25 0.6757813 0.2226562 0.640625 0.203125 0.6601563 0.0859375 0.8398438 0.1015625 0.8125 0.09375 0.8828125 0.1210937 0.84375 0.09375 0.8828125 0.1015625 0.8125 0.1015625 0.8125 0.125 0.796875 0.1210937 0.84375 0.1445312 0.8320313 0.1210937 0.84375 0.125 0.796875 0.125 0.796875 0.1601562 0.7734375 0.1445312 0.8320313 0.1757812 0.8359375 0.1445312 0.8320313 0.1601562 0.7734375 0.2539063 0.6328125 0.28125 0.640625 0.2226562 0.640625 0.2734375 0.6484375 0.2226562 0.640625 0.28125 0.640625 0.28125 0.640625 0.3242188 0.6601563 0.2734375 0.6484375 0.3085938 0.6796875 0.2734375 0.6484375 0.3242188 0.6601563 0.3242188 0.6601563 0.3515625 0.6875 0.3085938 0.6796875 0.3007813 0.7070313 0.25 0.6757813 0.3085938 0.6796875 0.2734375 0.6484375 0.3085938 0.6796875 0.25 0.6757813 0.25 0.6757813 0.203125 0.6601563 0.2734375 0.6484375 0.2226562 0.640625 0.2734375 0.6484375 0.203125 0.6601563 0.2304687 0.9257813 0.1875 0.9570313 0.1679687 0.9101563 0.1445312 0.9375 0.1679687 0.9101563 0.1875 0.9570313 0.1875 0.9570313 0.140625 0.9492188 0.1445312 0.9375 0.109375 0.921875 0.1445312 0.9375 0.140625 0.9492188 0.2734375 0.7695313 0.2773438 0.8046875 0.234375 0.796875 0.2265625 0.84375 0.234375 0.796875 0.2773438 0.8046875 0.2773438 0.8046875 0.2851563 0.8476563 0.2265625 0.84375 0.265625 0.8789063 0.2265625 0.84375 0.2851563 0.8476563 0.3789063 0.7304688 0.3945313 0.7890625 0.3671875 0.7304688 0.3867188 0.7929688 0.3671875 0.7304688 0.3945313 0.7890625 0.3945313 0.7890625 0.3984375 0.8203125 0.3867188 0.7929688 0.3984375 0.8554688 0.3867188 0.7929688 0.3984375 0.8203125 0.3125 0.7539063 0.2734375 0.7695313 0.3203125 0.796875 0.2773438 0.8046875 0.3203125 0.796875 0.2734375 0.7695313 0.2734375 0.7695313 0.234375 0.796875 0.2773438 0.8046875 0.2265625 0.84375 0.2773438 0.8046875 0.234375 0.796875 0.9296875 0.9179688 0.9648438 0.5195313 0.8828125 0.609375 0.8945313 0.4765625 0.8828125 0.609375 0.9648438 0.5195313 0.9648438 0.5195313 0.9375 0.3359375 0.8945313 0.4765625 0.7695313 0.1601562 0.8945313 0.4765625 0.9375 0.3359375 0.9375 0.3359375 0.9648438 0.5195313 0.8945313 0.4765625 0.8828125 0.609375 0.8945313 0.4765625 0.9648438 0.5195313 0.9648438 0.5195313 0.9296875 0.9179688 0.8828125 0.609375 0.8632813 0.8125 0.8828125 0.609375 0.9296875 0.9179688 0.3125 0.8867188 0.265625 0.8789063 0.2734375 0.9140625 0.2304687 0.9257813 0.2734375 0.9140625 0.265625 0.8789063 0.265625 0.8789063 0.2265625 0.890625 0.2304687 0.9257813 0.046875 0.6835938 0.08203125 0.6835938 0.0546875 0.6875 0.0703125 0.703125 0.0546875 0.6875 0.08203125 0.6835938 0.08203125 0.6835938 0.09375 0.6875 0.0703125 0.703125 0.25 0.6757813 0.2382812 0.703125 0.3007813 0.7070313 0.265625 0.7304688 0.3007813 0.7070313 0.2382812 0.703125 0.2382812 0.703125 0.2070312 0.7460938 0.265625 0.7304688 0.296875 0.96875 0.3476563 0.9453125 0.2890625 0.9570313 0.3359375 0.9375 0.2890625 0.9570313 0.3476563 0.9453125 0.3476563 0.9453125 0.3828125 0.90625 0.3359375 0.9375 0.9296875 0.9179688 0.8828125 0.609375 0.8632813 0.8125 0.8476563 0.5859375 0.8632813 0.8125 0.8828125 0.609375 0.8828125 0.609375 0.8125 0.4414063 0.8476563 0.5859375 0.2265625 0.84375 0.2851563 0.8476563 0.2773438 0.8046875 0.3203125 0.8476563 0.2773438 0.8046875 0.2851563 0.8476563 0.1445312 0.8320313 0.1757812 0.8359375 0.1601562 0.7734375 0.1875 0.8046875 0.1601562 0.7734375 0.1757812 0.8359375 0.3984375 0.8554688 0.3671875 0.9023438 0.3828125 0.90625 0.3359375 0.9375 0.3828125 0.90625 0.3671875 0.9023438 0.2070312 0.7460938 0.1875 0.8046875 0.1601562 0.7734375 0.1757812 0.8359375 0.1601562 0.7734375 0.1875 0.8046875 0.1796875 0.9648438 0.2304687 0.9726563 0.2304687 0.9648438 0.2617188 0.96875 0.2304687 0.9648438 0.2304687 0.9726563 0.2304687 0.9648438 0.2617188 0.96875 0.2890625 0.9570313 0.296875 0.96875 0.2890625 0.9570313 0.2617188 0.96875 0.2890625 0.9570313 0.2617188 0.96875 0.2304687 0.9648438 0.2304687 0.9726563 0.2304687 0.9648438 0.2617188 0.96875 0.28125 0.640625 0.2734375 0.6484375 0.3242188 0.6601563 0.3085938 0.6796875 0.3242188 0.6601563 0.2734375 0.6484375 0.046875 0.6835938 0.0390625 0.7109375 0.0546875 0.6875 0.05859375 0.7265625 0.0546875 0.6875 0.0390625 0.7109375 0.1445312 0.9375 0.1679687 0.9101563 0.1367187 0.8828125 0.1835937 0.8710938 0.1367187 0.8828125 0.1679687 0.9101563 0.8945313 0.4765625 0.7695313 0.1601562 0.7460938 0.2460937 0.6484375 0.0625 0.7460938 0.2460937 0.7695313 0.1601562 0.734375 0.3007813 0.6445313 0.1328125 0.6328125 0.1953125 0.5 0.078125 0.6328125 0.1953125 0.6445313 0.1328125 0.05859375 0.8476563 0.06640625 0.8710938 0.078125 0.8632813 0.0859375 0.9023438 0.078125 0.8632813 0.06640625 0.8710938 0.3867188 0.7929688 0.3867188 0.8554688 0.3984375 0.8554688 0.3671875 0.9023438 0.3984375 0.8554688 0.3867188 0.8554688 0.8632813 0.8125 0.8476563 0.5859375 0.8828125 0.609375 0.8125 0.4414063 0.8828125 0.609375 0.8476563 0.5859375 0.8828125 0.609375 0.8125 0.4414063 0.8945313 0.4765625 0.734375 0.3007813 0.8945313 0.4765625 0.8125 0.4414063 0.7695313 0.1601562 0.7460938 0.2460937 0.6484375 0.0625 0.6445313 0.1328125 0.6484375 0.0625 0.7460938 0.2460937 0.171875 0.6445313 0.1757812 0.6679688 0.1484375 0.6640625 0.08984375 0.7890625 0.078125 0.8632813 0.0859375 0.8398438 0.1367187 0.6601563 0.1484375 0.6640625 0.1679687 0.6484375 0.1835937 0.8710938 0.2265625 0.84375 0.2265625 0.890625 0.3203125 0.8476563 0.3203125 0.796875 0.2773438 0.8046875 0.2304687 0.9726563 0.1796875 0.9648438 0.2304687 0.9648438 0.1015625 0.7578125 0.05859375 0.7265625 0.1210937 0.7265625 0.5 0.078125 0.6484375 0.0625 0.6445313 0.1328125 0.2617188 0.7148438 0.25 0.4765625 0.4179688 0.7265625 0.453125 0.4960938 0.4179688 0.7265625 0.25 0.4765625 0.25 0.4765625 0.2890625 0.28125 0.453125 0.4960938 0.4726563 0.2890625 0.453125 0.4960938 0.2890625 0.28125 0.2890625 0.28125 0.3320313 0.1445312 0.4726563 0.2890625 0.4921875 0.1367187 0.4726563 0.2890625 0.3320313 0.1445312 0.3320313 0.1445312 0.4882813 0.0859375 0.4921875 0.1367187 0.6640625 0.1289062 0.4921875 0.1367187 0.4882813 0.0859375 0.4882813 0.0859375 0.640625 0.046875 0.6640625 0.1289062 0.8710938 0.140625 0.6640625 0.1289062 0.640625 0.046875 0.640625 0.046875 0.8125 0.046875 0.8710938 0.140625 0.9375 0.0703125 0.8710938 0.140625 0.8125 0.046875 0.09765625 0.7695313 0.08203125 0.6953125 0.1914062 0.828125 0.2617188 0.7148438 0.1914062 0.828125 0.08203125 0.6953125 0.08203125 0.6953125 0.0703125 0.4648438 0.2617188 0.7148438 0.25 0.4765625 0.2617188 0.7148438 0.0703125 0.4648438 0.0703125 0.4648438 0.1054687 0.25 0.25 0.4765625 0.2890625 0.28125 0.25 0.4765625 0.1054687 0.25 0.1054687 0.25 0.1796875 0.1835937 0.2890625 0.28125 0.3320313 0.1445312 0.2890625 0.28125 0.1796875 0.1835937 0.1914062 0.828125 0.2617188 0.7148438 0.3046875 0.8710938 0.4492188 0.8945313 0.3046875 0.8710938 0.2617188 0.7148438 0.2617188 0.7148438 0.4179688 0.7265625 0.4492188 0.8945313 0.6054688 0.8828125 0.4492188 0.8945313 0.4179688 0.7265625 0.4179688 0.7265625 0.6445313 0.734375 0.6054688 0.8828125 0.7734375 0.859375 0.6054688 0.8828125 0.6445313 0.734375 0.6445313 0.734375 0.8945313 0.7460938 0.7734375 0.859375 0.4179688 0.7265625 0.453125 0.4960938 0.6445313 0.734375 0.6640625 0.5 0.6445313 0.734375 0.453125 0.4960938 0.453125 0.4960938 0.4726563 0.2890625 0.6640625 0.5 0.6796875 0.296875 0.6640625 0.5 0.4726563 0.2890625 0.4726563 0.2890625 0.4921875 0.1367187 0.6796875 0.296875 0.6640625 0.1289062 0.6796875 0.296875 0.4921875 0.1367187 0.9375 0.0703125 1.03125 0.1289062 0.8710938 0.140625 0.890625 0.3085938 0.8710938 0.140625 1.03125 0.1289062 1.03125 0.1289062 1.050781 0.3007813 0.890625 0.3085938 1.042969 0.4726563 0.890625 0.3085938 1.050781 0.3007813 0.8710938 0.140625 0.890625 0.3085938 0.6640625 0.1289062 0.6796875 0.296875 0.6640625 0.1289062 0.890625 0.3085938 0.890625 0.3085938 0.6640625 0.5 0.6796875 0.296875 0.890625 0.3085938 0.875 0.5234375 0.6640625 0.5 0.6445313 0.734375 0.6640625 0.5 0.875 0.5234375 0.875 0.5234375 0.8945313 0.7460938 0.6445313 0.734375 0.8945313 0.7460938 0.875 0.5234375 0.9414063 0.6328125 1.042969 0.4726563 0.9414063 0.6328125 0.875 0.5234375 0.875 0.5234375 0.890625 0.3085938 1.042969 0.4726563 0.06640625 0.4648438 0.2460937 0.4765625 0.1015625 0.25 0.2851563 0.28125 0.1015625 0.25 0.2460937 0.4765625 0.2460937 0.4765625 0.453125 0.4960938 0.2851563 0.28125 0.46875 0.2890625 0.2851563 0.28125 0.453125 0.4960938 0.453125 0.4960938 0.6601563 0.5 0.46875 0.2890625 0.6796875 0.296875 0.46875 0.2890625 0.6601563 0.5 0.6601563 0.5 0.8867188 0.3085938 0.6796875 0.296875 0.6601563 0.1289062 0.6796875 0.296875 0.8867188 0.3085938 0.8867188 0.3085938 0.8632813 0.140625 0.6601563 0.1289062 0.6367188 0.046875 0.6601563 0.1289062 0.8632813 0.140625 0.8632813 0.140625 0.8046875 0.046875 0.6367188 0.046875 0.078125 0.6953125 0.2578125 0.7148438 0.06640625 0.4648438 0.2460937 0.4765625 0.06640625 0.4648438 0.2578125 0.7148438 0.2578125 0.7148438 0.4179688 0.7265625 0.2460937 0.4765625 0.453125 0.4960938 0.2460937 0.4765625 0.4179688 0.7265625 0.4179688 0.7265625 0.6445313 0.734375 0.453125 0.4960938 0.6601563 0.5 0.453125 0.4960938 0.6445313 0.734375 0.6445313 0.734375 0.8710938 0.5234375 0.6601563 0.5 0.8867188 0.3085938 0.6601563 0.5 0.8710938 0.5234375 0.8710938 0.5234375 1.039062 0.4726563 0.8867188 0.3085938 1.046875 0.3007813 0.8867188 0.3085938 1.039062 0.4726563 0.1015625 0.25 0.2851563 0.28125 0.1757812 0.1835937 0.3320313 0.1445312 0.1757812 0.1835937 0.2851563 0.28125 0.2851563 0.28125 0.46875 0.2890625 0.3320313 0.1445312 0.4882813 0.1367187 0.3320313 0.1445312 0.46875 0.2890625 0.46875 0.2890625 0.6796875 0.296875 0.4882813 0.1367187 0.6601563 0.1289062 0.4882813 0.1367187 0.6796875 0.296875 1.039062 0.4726563 0.8710938 0.5234375 0.9375 0.6328125 0.890625 0.7460938 0.9375 0.6328125 0.8710938 0.5234375 0.8710938 0.5234375 0.6445313 0.734375 0.890625 0.7460938 0.7695313 0.859375 0.890625 0.7460938 0.6445313 0.734375 0.6445313 0.734375 0.6015625 0.8828125 0.7695313 0.859375 0.09375 0.7695313 0.1875 0.828125 0.078125 0.6953125 0.2578125 0.7148438 0.078125 0.6953125 0.1875 0.828125 0.1875 0.828125 0.3007813 0.8710938 0.2578125 0.7148438 0.4453125 0.8945313 0.2578125 0.7148438 0.3007813 0.8710938 1.046875 0.3007813 1.027344 0.1289062 0.8867188 0.3085938 0.8632813 0.140625 0.8867188 0.3085938 1.027344 0.1289062 1.027344 0.1289062 0.9335938 0.0703125 0.8632813 0.140625 0.8046875 0.046875 0.8632813 0.140625 0.9335938 0.0703125 0.2578125 0.7148438 0.4453125 0.8945313 0.4179688 0.7265625 0.6015625 0.8828125 0.4179688 0.7265625 0.4453125 0.8945313 0.3320313 0.1445312 0.4882813 0.1367187 0.484375 0.0859375 0.6601563 0.1289062 0.484375 0.0859375 0.4882813 0.1367187 0.6445313 0.734375 0.4179688 0.7265625 0.6015625 0.8828125 0.6367188 0.046875 0.484375 0.0859375 0.6601563 0.1289062 0.5820313 0.6875 0.5898438 0.75 0.5820313 0.6914063 0.5859375 0.75 0.5820313 0.6914063 0.5898438 0.75 0.5898438 0.75 0.5859375 0.8085938 0.5859375 0.75 0.578125 0.796875 0.5859375 0.75 0.5859375 0.8085938 0.5859375 0.8085938 0.5664063 0.8671875 0.578125 0.796875 0.5703125 0.84375 0.578125 0.796875 0.5664063 0.8671875 0.5664063 0.8671875 0.5664063 0.875 0.5703125 0.84375 0.5585938 0.8632813 0.5703125 0.84375 0.5664063 0.875 0.5664063 0.875 0.5429688 0.8789063 0.5585938 0.8632813 0.5585938 0.859375 0.5585938 0.8632813 0.5429688 0.8789063 0.5429688 0.8789063 0.5390625 0.8710938 0.5585938 0.859375 0.5429688 0.8789063 0.5585938 0.8632813 0.5585938 0.859375 0.5664063 0.8320313 0.5585938 0.859375 0.5585938 0.8632813 0.5585938 0.8632813 0.5703125 0.84375 0.5664063 0.8320313 0.5742188 0.7890625 0.5664063 0.8320313 0.5703125 0.84375 0.5703125 0.84375 0.578125 0.796875 0.5742188 0.7890625 0.578125 0.7460938 0.5742188 0.7890625 0.578125 0.796875 0.578125 0.796875 0.5859375 0.75 0.578125 0.7460938 0.5820313 0.6914063 0.578125 0.7460938 0.5859375 0.75 0.5859375 0.75 0.5898438 0.75 0.5820313 0.6914063 0.53125 0.6054688 0.5742188 0.6054688 0.5546875 0.609375 0.5664063 0.6210938 0.5546875 0.609375 0.5742188 0.6054688 0.5742188 0.6054688 0.578125 0.625 0.5664063 0.6210938 0.578125 0.6328125 0.5664063 0.6210938 0.578125 0.625 0.578125 0.625 0.5820313 0.6914063 0.578125 0.6328125 0.578125 0.6914063 0.578125 0.6328125 0.5820313 0.6914063 0.5820313 0.6914063 0.578125 0.7460938 0.578125 0.6914063 0.5585938 0.859375 0.5664063 0.8320313 0.5585938 0.8632813 0.5703125 0.84375 0.5585938 0.8632813 0.5664063 0.8320313 0.5664063 0.8320313 0.5742188 0.7890625 0.5703125 0.84375 0.578125 0.796875 0.5703125 0.84375 0.5742188 0.7890625 0.5742188 0.7890625 0.578125 0.7460938 0.578125 0.796875 0.5859375 0.75 0.578125 0.796875 0.578125 0.7460938 0.578125 0.7460938 0.5820313 0.6914063 0.5859375 0.75 0.4726563 0.8554688 0.5039063 0.859375 0.4882813 0.8671875 0.5039063 0.8828125 0.4882813 0.8671875 0.5039063 0.859375 0.5039063 0.859375 0.5078125 0.875 0.5039063 0.8828125 0.5273438 0.8945313 0.5039063 0.8828125 0.5078125 0.875 0.5078125 0.875 0.5273438 0.875 0.5273438 0.8945313 0.5429688 0.8789063 0.5273438 0.8945313 0.5273438 0.875 0.5273438 0.875 0.5390625 0.8710938 0.5429688 0.8789063 0.5546875 0.609375 0.5664063 0.6210938 0.5742188 0.6054688 0.578125 0.625 0.5742188 0.6054688 0.5664063 0.6210938 0.5664063 0.6210938 0.578125 0.6328125 0.578125 0.625 0.5820313 0.6914063 0.578125 0.625 0.578125 0.6328125 0.578125 0.6328125 0.578125 0.6914063 0.5820313 0.6914063 0.578125 0.7460938 0.5820313 0.6914063 0.578125 0.6914063 0.5898438 0.75 0.5898438 0.8203125 0.5859375 0.8085938 0.5664063 0.8671875 0.5859375 0.8085938 0.5898438 0.8203125 0.5898438 0.8203125 0.5859375 0.8554688 0.5664063 0.8671875 0.5664063 0.875 0.5664063 0.8671875 0.5859375 0.8554688 0.5859375 0.8554688 0.5664063 0.8984375 0.5664063 0.875 0.5429688 0.9335938 0.5664063 0.875 0.5664063 0.8984375 0.5664063 0.8984375 0.5859375 0.8554688 0.5664063 0.875 0.5664063 0.8671875 0.5664063 0.875 0.5859375 0.8554688 0.5859375 0.8554688 0.5898438 0.8203125 0.5664063 0.8671875 0.5859375 0.8085938 0.5664063 0.8671875 0.5898438 0.8203125 0.5898438 0.8203125 0.5898438 0.75 0.5859375 0.8085938 0.5859375 0.75 0.5859375 0.8085938 0.5898438 0.75 0.5859375 0.75 0.578125 0.796875 0.5859375 0.8085938 0.5664063 0.8671875 0.5859375 0.8085938 0.578125 0.796875 0.578125 0.796875 0.5703125 0.84375 0.5664063 0.8671875 0.5664063 0.875 0.5664063 0.8671875 0.5703125 0.84375 0.5703125 0.84375 0.5585938 0.8632813 0.5664063 0.875 0.5429688 0.8789063 0.5664063 0.875 0.5585938 0.8632813 0.4882813 0.8671875 0.5039063 0.8828125 0.4882813 0.8867188 0.5117188 0.9335938 0.4882813 0.8867188 0.5039063 0.8828125 0.5039063 0.8828125 0.5273438 0.8945313 0.5117188 0.9335938 0.5273438 0.9375 0.5117188 0.9335938 0.5273438 0.8945313 0.5273438 0.8945313 0.5429688 0.9335938 0.5273438 0.9375 0.4882813 0.8867188 0.5039063 0.8828125 0.4882813 0.8671875 0.5039063 0.859375 0.4882813 0.8671875 0.5039063 0.8828125 0.5039063 0.8828125 0.5078125 0.875 0.5039063 0.859375 0.4648438 0.8710938 0.5039063 0.859375 0.5078125 0.875 0.5078125 0.875 0.5117188 0.8671875 0.4648438 0.8710938 0.5039063 0.8828125 0.5273438 0.8945313 0.5078125 0.875 0.5273438 0.875 0.5078125 0.875 0.5273438 0.8945313 0.5273438 0.8945313 0.5429688 0.8789063 0.5273438 0.875 0.5390625 0.8710938 0.5273438 0.875 0.5429688 0.8789063 0.5429688 0.8789063 0.5585938 0.859375 0.5390625 0.8710938 0.515625 0.640625 0.4804688 0.6601563 0.4804688 0.6679688 0.515625 0.640625 0.4804688 0.6679688 0.4804688 0.6601563 0.4804688 0.6601563 0.5117188 0.640625 0.515625 0.640625 0.53125 0.625 0.515625 0.640625 0.5117188 0.640625 0.4882813 0.8867188 0.5117188 0.9335938 0.5039063 0.8828125 0.5273438 0.8945313 0.5039063 0.8828125 0.5117188 0.9335938 0.5117188 0.9335938 0.5273438 0.9375 0.5273438 0.8945313 0.5429688 0.9335938 0.5273438 0.8945313 0.5273438 0.9375 0.4726563 0.8554688 0.4648438 0.8710938 0.5039063 0.859375 0.5078125 0.875 0.5039063 0.859375 0.4648438 0.8710938 0.4648438 0.8710938 0.5117188 0.8671875 0.5078125 0.875 0.5234375 0.8671875 0.5078125 0.875 0.5117188 0.8671875 0.5664063 0.8984375 0.5664063 0.875 0.5429688 0.9335938 0.546875 0.8867188 0.5429688 0.9335938 0.5664063 0.875 0.5664063 0.875 0.5429688 0.8789063 0.546875 0.8867188 0.5273438 0.8945313 0.546875 0.8867188 0.5429688 0.8789063 0.578125 0.625 0.5820313 0.6914063 0.5820313 0.65625 0.5820313 0.6875 0.5820313 0.65625 0.5820313 0.6914063 0.5820313 0.6914063 0.5898438 0.75 0.5820313 0.6875 0.5117188 0.640625 0.4804688 0.6601563 0.4921875 0.6523438 0.4804688 0.6757813 0.4921875 0.6523438 0.4804688 0.6601563 0.4804688 0.6601563 0.4921875 0.6523438 0.4804688 0.6757813 0.5429688 0.8789063 0.546875 0.8867188 0.5273438 0.8945313 0.5429688 0.9335938 0.5273438 0.8945313 0.546875 0.8867188 0.546875 0.8867188 0.5664063 0.875 0.5429688 0.9335938 0.515625 0.640625 0.53125 0.625 0.53125 0.6015625 0.53125 0.6054688 0.53125 0.6015625 0.53125 0.625 0.53125 0.6015625 0.53125 0.6054688 0.5742188 0.6054688 0.5546875 0.609375 0.5742188 0.6054688 0.53125 0.6054688 0.4921875 0.6523438 0.4804688 0.6601563 0.5117188 0.640625 0.515625 0.640625 0.5117188 0.640625 0.4804688 0.6601563 0.5117188 0.640625 0.515625 0.640625 0.53125 0.625 0.53125 0.6015625 0.53125 0.625 0.515625 0.640625 0.53125 0.625 0.53125 0.6015625 0.53125 0.6054688 0.5742188 0.6054688 0.53125 0.6054688 0.53125 0.6015625 0.578125 0.625 0.5820313 0.65625 0.5820313 0.6914063 0.5820313 0.6875 0.5820313 0.6914063 0.5820313 0.65625 0.4648438 0.8710938 0.4726563 0.8554688 0.5039063 0.859375 0.4882813 0.8671875 0.5039063 0.859375 0.4726563 0.8554688 0.5117188 0.8671875 0.5078125 0.875 0.5234375 0.8671875 0.5273438 0.875 0.5234375 0.8671875 0.5078125 0.875 0.5078125 0.875 0.5234375 0.8671875 0.5273438 0.875 0.5390625 0.8710938 0.5273438 0.875 0.5234375 0.8671875 0.5234375 0.8671875 0.5273438 0.875 0.5390625 0.8710938 0.5429688 0.8789063 0.5664063 0.875 0.546875 0.8867188 0.5273438 0.8945313 0.5429688 0.9335938 0.546875 0.8867188 0.04296875 0.6679688 0.03515625 0.6679688 0.04296875 0.6054688 0.04296875 0.6054688 0.0546875 0.6054688 0.04296875 0.6679688 0.03125 0.6054688 0.04296875 0.6054688 0.03515625 0.6679688 0.1015625 0.3984375 0.05859375 0.3632813 0.07421875 0.4101563 0.1015625 0.3984375 0.07421875 0.4101563 0.1171875 0.4414063 0.01953125 0.6679688 0.1132812 0.6679688 0.1132812 0.7109375 0.03515625 0.6679688 0.02734375 0.6679688 0.03125 0.6054688 0.01953125 0.7109375 0.1132812 0.7109375 0.1132812 0.6679688 0.1132812 0.6679688 0.01953125 0.6679688 0.01953125 0.7109375 0.1132812 0.7109375 0.01953125 0.7109375 0.1132812 0.7851563 0.1132812 0.7109375 0.01953125 0.7109375 0.01953125 0.6679688 0.01953125 0.7109375 0.1132812 0.7109375 0.01953125 0.7851563 0.01953125 0.7851563 0.1132812 0.7851563 0.01953125 0.7109375 0.1132812 0.7109375 0.1132812 0.7851563 0.01953125 0.7109375 0.01953125 0.7851563 0.01953125 0.7109375 0.1132812 0.7851563 0.01953125 0.7851563 0.01953125 0.8632813 0.1132812 0.7851563 0.01953125 0.7851563 0.1132812 0.7851563 0.01953125 0.8632813 0.01953125 0.7109375 0.01953125 0.7851563 0.1132812 0.7109375 0.1132812 0.7109375 0.01953125 0.6679688 0.01953125 0.7109375 0.1132812 0.7109375 0.01953125 0.7109375 0.01953125 0.6679688 0.1132812 0.7851563 0.1132812 0.7109375 0.01953125 0.7851563 0.01953125 0.6679688 0.1132812 0.7109375 0.1132812 0.6679688 0.1132812 0.7851563 0.01953125 0.7851563 0.1132812 0.7109375 0.01953125 0.7109375 0.1132812 0.7109375 0.01953125 0.7851563 0.01953125 0.6679688 0.1132812 0.7109375 0.01953125 0.7109375 0.01953125 0.6679688 0.1132812 0.6679688 0.1132812 0.7109375 0.02734375 0.6679688 0.03515625 0.6679688 0.03125 0.6054688 0.03125 0.6054688 0.0234375 0.6679688 0.02734375 0.6679688 0.1132812 0.6679688 0.01953125 0.6679688 0.1132812 0.7109375 0.01953125 0.7109375 0.1132812 0.7109375 0.01953125 0.6679688 0.1132812 0.6679688 0.1132812 0.7109375 0.01953125 0.7109375 0.01953125 0.7109375 0.01953125 0.6679688 0.1132812 0.6679688 0.03515625 0.6679688 0.04296875 0.6679688 0.04296875 0.6054688 0.04296875 0.6054688 0.03125 0.6054688 0.03515625 0.6679688 0.05859375 0.3632813 0.1015625 0.3984375 0.07421875 0.4101563 0.1171875 0.4414063 0.07421875 0.4101563 0.1015625 0.3984375 0.0546875 0.6054688 0.04296875 0.6054688 0.04296875 0.6679688 0.0546875 0.6054688 0.04296875 0.6679688 0.05859375 0.6679688 0.1171875 0.5234375 0.09375 0.4765625 0.1171875 0.4414063 0.078125 0.6054688 0.0546875 0.6054688 0.0703125 0.6679688 0.07421875 0.4101563 0.1171875 0.4414063 0.09375 0.4765625 0.05859375 0.6679688 0.0703125 0.6679688 0.0546875 0.6054688 0.1132812 0.6679688 0.01953125 0.6679688 0.1132812 0.7109375 0.1132812 0.7109375 0.01953125 0.6679688 0.1132812 0.6679688 0.01953125 0.7109375 0.1132812 0.7109375 0.01953125 0.6679688 0.01953125 0.7109375 0.1132812 0.7109375 0.1132812 0.7851563 0.1132812 0.7109375 0.01953125 0.7109375 0.01953125 0.6679688 0.01953125 0.7851563 0.1132812 0.7851563 0.1132812 0.7109375 0.1132812 0.7109375 0.01953125 0.7109375 0.01953125 0.7851563 0.1132812 0.7851563 0.01953125 0.7851563 0.01953125 0.7109375 0.01953125 0.8632813 0.1132812 0.7851563 0.01953125 0.7851563 0.1132812 0.7851563 0.01953125 0.8632813 0.01953125 0.7851563 0.01953125 0.8632813 0.1132812 0.7851563 0.1132812 0.8632813 0.01953125 0.8632813 0.1132812 0.8632813 0.1132812 0.7851563 0.0859375 0.9140625 0.05078125 0.90625 0.078125 0.9140625 0.0859375 0.9140625 0.08984375 0.9023438 0.05078125 0.90625 0.05859375 0.9140625 0.078125 0.9140625 0.05078125 0.90625 0.1132812 0.8632813 0.01953125 0.7851563 0.01953125 0.8632813 0.1132812 0.7851563 0.01953125 0.8632813 0.01953125 0.7851563 0.08984375 0.8984375 0.05078125 0.90625 0.08984375 0.9023438 0.05078125 0.90625 0.08984375 0.8984375 0.04296875 0.9023438 0.01953125 0.8632813 0.1132812 0.7851563 0.1132812 0.8632813 0.01953125 0.8632813 0.1132812 0.8632813 0.01953125 0.7851563 0.1132812 0.7851563 0.01953125 0.7851563 0.1132812 0.8632813 0.0390625 0.890625 0.04296875 0.9023438 0.08984375 0.8984375 0.08984375 0.8984375 0.08984375 0.890625 0.0390625 0.890625 0.1132812 0.8632813 0.01953125 0.8632813 0.1132812 0.7851563 0.01953125 0.8632813 0.01953125 0.7851563 0.1132812 0.8632813 0.08984375 0.8984375 0.0390625 0.890625 0.08984375 0.890625 0.1132812 0.7851563 0.1132812 0.8632813 0.01953125 0.7851563 0.05078125 0.90625 0.04296875 0.9023438 0.08984375 0.8984375 0.08984375 0.8984375 0.08984375 0.9023438 0.05078125 0.90625 0.0390625 0.890625 0.08984375 0.8984375 0.04296875 0.9023438 0.1132812 0.8632813 0.1132812 0.7851563 0.01953125 0.8632813 0.1132812 0.8632813 0.01953125 0.8632813 0.01953125 0.7851563 0.01953125 0.7851563 0.1132812 0.7851563 0.1132812 0.8632813 0.01953125 0.8632813 0.1132812 0.8632813 0.1132812 0.7851563 0.1132812 0.7851563 0.01953125 0.7851563 0.01953125 0.8632813 0.01953125 0.7851563 0.1132812 0.7109375 0.1132812 0.7851563 0.1132812 0.7109375 0.01953125 0.7851563 0.01953125 0.7109375 0.1132812 0.7851563 0.01953125 0.7109375 0.01953125 0.7851563 0.01953125 0.7109375 0.1132812 0.7851563 0.1132812 0.7109375 0.1132812 0.7109375 0.1132812 0.6679688 0.01953125 0.7109375 0.01953125 0.6679688 0.01953125 0.7109375 0.1132812 0.6679688 0.1132812 0.7109375 0.01953125 0.7109375 0.01953125 0.6679688 0.01953125 0.6679688 0.1132812 0.6679688 0.1132812 0.7109375 0.1054687 0.6679688 0.1015625 0.6679688 0.09765625 0.6054688 0.1054687 0.6679688 0.09765625 0.6054688 0.109375 0.6679688 0.01953125 0.6679688 0.1132812 0.7109375 0.1132812 0.6679688 0.1054687 0.6679688 0.109375 0.6679688 0.09765625 0.6054688 0.09765625 0.6054688 0.09765625 0.6054688 0.109375 0.6679688 0.09765625 0.6054688 0.109375 0.6679688 0.09765625 0.6054688 0.05859375 0.5976563 0.01953125 0.5625 0.07421875 0.5429688 0.01953125 0.5625 0.05859375 0.5976563 0.01953125 0.5976563 0.07421875 0.5429688 0.1015625 0.5664063 0.05859375 0.5976563 0.09765625 0.6054688 0.08984375 0.6054688 0.1015625 0.6679688 0.09765625 0.6054688 0.1015625 0.6679688 0.1054687 0.6679688 0.09375 0.6679688 0.1015625 0.6679688 0.08984375 0.6054688 0.01953125 0.6679688 0.1132812 0.7109375 0.1132812 0.6679688 0.01953125 0.7109375 0.1132812 0.6679688 0.1132812 0.7109375 0.1132812 0.6679688 0.01953125 0.7109375 0.01953125 0.6679688 0.1132812 0.7109375 0.01953125 0.6679688 0.01953125 0.7109375 0.01953125 0.7109375 0.1132812 0.7851563 0.1132812 0.7109375 0.01953125 0.7109375 0.1132812 0.7109375 0.1132812 0.7851563 0.1132812 0.6679688 0.01953125 0.7109375 0.01953125 0.6679688 0.01953125 0.7109375 0.1132812 0.6679688 0.1132812 0.7109375 0.1132812 0.7851563 0.01953125 0.7109375 0.01953125 0.7851563 0.01953125 0.7109375 0.1132812 0.7109375 0.1132812 0.7851563 0.1132812 0.7851563 0.01953125 0.7851563 0.01953125 0.7109375 0.01953125 0.6679688 0.1132812 0.7109375 0.1132812 0.6679688 0.1132812 0.7109375 0.01953125 0.6679688 0.01953125 0.7109375 0.01953125 0.7109375 0.1132812 0.7851563 0.1132812 0.7109375 0.1132812 0.8632813 0.01953125 0.7851563 0.01953125 0.8632813 0.1132812 0.8632813 0.01953125 0.8632813 0.01953125 0.7851563 0.01953125 0.7851563 0.1132812 0.7851563 0.1132812 0.8632813 0.1132812 0.7851563 0.01953125 0.7109375 0.01953125 0.7851563 0.01953125 0.7851563 0.1132812 0.8632813 0.1132812 0.7851563 0.01953125 0.8632813 0.1132812 0.8632813 0.1132812 0.7851563 0.1132812 0.7851563 0.01953125 0.7851563 0.01953125 0.8632813 0.1132812 0.7851563 0.01953125 0.7851563 0.01953125 0.7109375 0.06640625 0.9140625 0.07421875 0.9179688 0.05859375 0.9140625 0.078125 0.9140625 0.05859375 0.9140625 0.07421875 0.9179688 0.08203125 0.6679688 0.09375 0.6679688 0.078125 0.6054688 0.078125 0.6054688 0.0703125 0.6679688 0.08203125 0.6679688 0.1132812 0.7851563 0.01953125 0.7851563 0.01953125 0.7109375 0.1132812 0.7109375 0.01953125 0.7109375 0.01953125 0.7851563 0.1132812 0.7109375 0.01953125 0.6679688 0.01953125 0.7109375 0.1132812 0.7851563 0.01953125 0.8632813 0.01953125 0.7851563 0.01953125 0.8632813 0.1132812 0.7851563 0.1132812 0.8632813 0.01953125 0.7851563 0.1132812 0.7851563 0.1132812 0.7109375 0.01953125 0.7851563 0.1132812 0.8632813 0.1132812 0.7851563 0.08984375 0.6054688 0.078125 0.6054688 0.09375 0.6679688 0.1015625 0.5664063 0.07421875 0.5429688 0.1171875 0.5234375 0.03125 0.5195313 0.07421875 0.5429688 0.01953125 0.5625 0.09375 0.4765625 0.1171875 0.5234375 0.07421875 0.5429688 0.07421875 0.5429688 0.0546875 0.4921875 0.09375 0.4765625 0.07421875 0.5429688 0.03125 0.5195313 0.0546875 0.4921875 0.01953125 0.4726563 0.03125 0.5195313 0.03125 0.5195313 0.01953125 0.4726563 0.0546875 0.4921875 0.03125 0.5195313 0.01953125 0.5625 0.03125 0.5195313 0.03125 0.5195313 0.03125 0.5195313 0.0546875 0.4921875 0.01953125 0.4726563 0.03125 0.5195313 0.07421875 0.5429688 0.0546875 0.4921875 0.07421875 0.5429688 0.03125 0.5195313 0.01953125 0.5625 0.09375 0.4765625 0.0546875 0.4921875 0.07421875 0.5429688 0.07421875 0.5429688 0.01953125 0.5625 0.05859375 0.5976563 0.1171875 0.5234375 0.07421875 0.5429688 0.1015625 0.5664063 0.05859375 0.5976563 0.1015625 0.5664063 0.07421875 0.5429688 0.07421875 0.5429688 0.1171875 0.5234375 0.09375 0.4765625 0.09375 0.4765625 0.1171875 0.4414063 0.07421875 0.4101563 0.1171875 0.4414063 0.09375 0.4765625 0.1171875 0.5234375 0.07421875 0.4101563 0.0546875 0.4570313 0.09375 0.4765625 0.0546875 0.4921875 0.09375 0.4765625 0.0546875 0.4570313 0.07421875 0.4101563 0.03125 0.4296875 0.0546875 0.4570313 0.01953125 0.4726563 0.0546875 0.4570313 0.03125 0.4296875 0.0546875 0.4570313 0.01953125 0.4726563 0.0546875 0.4921875 0.01953125 0.4726563 0.03125 0.4296875 0.03125 0.4296875 0.03125 0.4296875 0.07421875 0.4101563 0.01953125 0.390625 0.01953125 0.390625 0.03125 0.4296875 0.03125 0.4296875 0.01953125 0.390625 0.07421875 0.4101563 0.05859375 0.3632813 0.05859375 0.3632813 0.01953125 0.3632813 0.01953125 0.390625 0.05859375 0.3632813 0.01953125 0.390625 0.01953125 0.3632813 0.05859375 0.3632813 0.07421875 0.4101563 0.01953125 0.390625 0.03125 0.4296875 0.01953125 0.390625 0.07421875 0.4101563 0.03125 0.6054688 0.0234375 0.6679688 0.03125 0.6054688 0.03125 0.6054688 0.03125 0.6054688 0.0234375 0.6679688 0.03125 0.4296875 0.0546875 0.4570313 0.01953125 0.4726563 0.03125 0.4296875 0.07421875 0.4101563 0.0546875 0.4570313 0.0546875 0.4570313 0.09375 0.4765625 0.0546875 0.4921875 0.0546875 0.4921875 0.01953125 0.4726563 0.0546875 0.4570313 0.09375 0.4765625 0.0546875 0.4570313 0.07421875 0.4101563 0.078125 0.6054688 0.08984375 0.6054688 0.09375 0.6679688 0.078125 0.6054688 0.0703125 0.6679688 0.0546875 0.6054688 0.09375 0.6679688 0.08203125 0.6679688 0.078125 0.6054688 0.0703125 0.6679688 0.078125 0.6054688 0.08203125 0.6679688 0.1132812 0.6679688 0.1132812 0.7109375 0.01953125 0.6679688 0.01953125 0.7109375 0.01953125 0.6679688 0.1132812 0.7109375 0.1015625 0.6679688 0.09375 0.6679688 0.08984375 0.6054688 0.01953125 0.6679688 0.01953125 0.7109375 0.1132812 0.6679688 0.1132812 0.7851563 0.01953125 0.7109375 0.01953125 0.7851563 0.1132812 0.7851563 0.01953125 0.7851563 0.01953125 0.7109375 0.01953125 0.7109375 0.1132812 0.7109375 0.1132812 0.7851563 0.01953125 0.7109375 0.1132812 0.7851563 0.1132812 0.7109375 0.1132812 0.7109375 0.1132812 0.6679688 0.01953125 0.7109375 0.1132812 0.6679688 0.1132812 0.7109375 0.01953125 0.6679688 0.01953125 0.7109375 0.1132812 0.7109375 0.1132812 0.7851563 0.01953125 0.7109375 0.01953125 0.6679688 0.1132812 0.7109375 0.01953125 0.6679688 0.01953125 0.7109375 0.1132812 0.7109375 0.1132812 0.7851563 0.1132812 0.7109375 0.01953125 0.7109375 0.1132812 0.7851563 0.01953125 0.7851563 0.01953125 0.7109375 0.1132812 0.7851563 0.01953125 0.7109375 0.01953125 0.7851563 0.1132812 0.7851563 0.01953125 0.8632813 0.01953125 0.7851563 0.1132812 0.7851563 0.01953125 0.7851563 0.01953125 0.8632813 0.1132812 0.7851563 0.01953125 0.7851563 0.1132812 0.7109375 0.1132812 0.7851563 0.01953125 0.8632813 0.1132812 0.8632813 0.08984375 0.9023438 0.0859375 0.9140625 0.078125 0.9140625 0.08984375 0.9023438 0.078125 0.9140625 0.07421875 0.9179688 0.01953125 0.8632813 0.1132812 0.7851563 0.1132812 0.8632813 0.07421875 0.9179688 0.05078125 0.90625 0.08984375 0.9023438 0.07421875 0.9179688 0.06640625 0.9140625 0.05078125 0.90625 0.1132812 0.8632813 0.01953125 0.7851563 0.01953125 0.8632813 0.01953125 0.7851563 0.1132812 0.8632813 0.1132812 0.7851563 0.05859375 0.9140625 0.05078125 0.90625 0.06640625 0.9140625 0.1132812 0.8632813 0.01953125 0.8632813 0.01953125 0.7851563 0.01953125 0.7851563 0.1132812 0.7851563 0.1132812 0.8632813 0.01953125 0.8632813 0.1132812 0.8632813 0.1132812 0.7851563 0.1132812 0.8632813 0.01953125 0.8632813 0.1132812 0.7851563 0.1132812 0.7851563 0.01953125 0.7851563 0.01953125 0.8632813 0.05859375 0.6679688 0.0546875 0.6054688 0.0703125 0.6679688 0.01953125 0.6679688 0.1132812 0.7109375 0.1132812 0.6679688 0.01953125 0.6679688 0.1132812 0.6679688 0.1132812 0.7109375 0.05859375 0.6679688 0.04296875 0.6679688 0.0546875 0.6054688 0.08984375 0.6054688 0.09765625 0.6054688 0.1015625 0.6679688 0.01953125 0.5976563 0.05859375 0.5976563 0.01953125 0.5625 0.01953125 0.7851563 0.1132812 0.7851563 0.01953125 0.8632813 0.1132812 0.7109375 0.01953125 0.7109375 0.1132812 0.7851563 0.1132812 0.7851563 0.01953125 0.7109375 0.1132812 0.7109375 0.01953125 0.7851563 0.1132812 0.7851563 0.01953125 0.7109375 0.0234375 0.6679688 0.03125 0.6054688 0.02734375 0.6679688 0.796875 0.1875 0.765625 0.2578125 0.7929688 0.125 0.7226563 0.03125 0.7226563 0.04296875 0.6992188 0.03125 0.6992188 0.04296875 0.6992188 0.03125 0.7226563 0.04296875 0.5859375 0.0078125 0.5429688 0.03125 0.5859375 0.05859375 0.7226563 0.04296875 0.7226563 0.0546875 0.6992188 0.04296875 0.7578125 0.1875 0.7929688 0.125 0.765625 0.2578125 0.90625 0.125 0.9140625 0.1445312 0.8984375 0.140625 0.6289063 0.8945313 0.6289063 0.890625 0.6210938 0.921875 0.7070313 0.08203125 0.6992188 0.04296875 0.7226563 0.0546875 0.9140625 0.078125 0.90625 0.125 0.8945313 0.08203125 0.8984375 0.140625 0.8945313 0.08203125 0.90625 0.125 0.6328125 0.8828125 0.6328125 0.8867188 0.625 0.8515625 0.8984375 0.140625 0.8554688 0.1875 0.84375 0.1328125 0.6484375 0.0546875 0.6757813 0.046875 0.6289063 0.078125 0.84375 0.1328125 0.8710938 0.1015625 0.8984375 0.140625 0.6210938 0.8789063 0.625 0.921875 0.625 0.8515625 0.609375 0.8632813 0.625 0.8515625 0.625 0.921875 0.8945313 0.08203125 0.8984375 0.140625 0.8710938 0.1015625 0.625 0.8671875 0.6210938 0.8671875 0.625 0.8515625 0.625 0.8671875 0.625 0.8515625 0.6328125 0.8867188 0.6210938 0.8789063 0.625 0.8515625 0.6210938 0.8671875 0.625 0.8515625 0.609375 0.8632813 0.5976563 0.8671875 0.6484375 0.09375 0.6289063 0.078125 0.6757813 0.046875 0.6640625 0.109375 0.6445313 0.1054687 0.6484375 0.09375 0.6289063 0.078125 0.6484375 0.09375 0.6445313 0.1054687 0.6484375 0.09375 0.6835938 0.1015625 0.6640625 0.109375 0.6640625 0.109375 0.6953125 0.1132812 0.6679688 0.140625 0.6953125 0.1132812 0.6640625 0.109375 0.6835938 0.1015625 0.6679688 0.140625 0.6445313 0.1367187 0.6640625 0.109375 0.6445313 0.1054687 0.6640625 0.109375 0.6445313 0.1367187 0.6445313 0.1367187 0.6210938 0.1015625 0.6445313 0.1054687 0.6210938 0.1015625 0.6445313 0.1367187 0.6171875 0.1367187 0.6171875 0.1679687 0.6171875 0.1367187 0.6445313 0.1367187 0.6445313 0.1367187 0.6445313 0.171875 0.6171875 0.1679687 0.6445313 0.171875 0.6445313 0.1367187 0.6640625 0.1757812 0.6679688 0.140625 0.6640625 0.1757812 0.6445313 0.1367187 0.6640625 0.1757812 0.6679688 0.140625 0.6875 0.1796875 0.6640625 0.1757812 0.6875 0.1796875 0.6835938 0.2109375 0.6445313 0.171875 0.6640625 0.1757812 0.6445313 0.1992187 0.6640625 0.203125 0.6445313 0.1992187 0.6640625 0.1757812 0.6640625 0.1757812 0.6835938 0.2109375 0.6640625 0.203125 0.9765625 0.2773438 0.9804688 0.2734375 0.9765625 0.28125 0.9804688 0.2734375 0.9765625 0.28125 0.9804688 0.2734375 0.9804688 0.2734375 0.984375 0.2617188 0.9804688 0.2734375 0.984375 0.2617188 0.9804688 0.2734375 0.984375 0.2617188 0.9765625 0.28125 0.96875 0.2851563 0.96875 0.2773438 0.9765625 0.28125 0.96875 0.2773438 0.9765625 0.2773438 0.96875 0.2851563 0.9765625 0.28125 0.9765625 0.2851563 0.9765625 0.28125 0.9804688 0.2734375 0.9804688 0.2851563 0.9804688 0.2851563 0.9765625 0.2851563 0.9765625 0.28125 0.9765625 0.2851563 0.96875 0.3007813 0.96875 0.2851563 0.9765625 0.2851563 0.9804688 0.2851563 0.984375 0.3007813 0.96875 0.3007813 0.9765625 0.2851563 0.9765625 0.3007813 0.984375 0.3007813 0.9765625 0.3007813 0.9765625 0.2851563 0.9765625 0.3007813 0.984375 0.3007813 0.9765625 0.3164063 0.9765625 0.3007813 0.9765625 0.3164063 0.96875 0.3007813 0.9765625 0.3164063 0.984375 0.3007813 0.984375 0.3164063 0.96875 0.3164063 0.96875 0.3007813 0.9765625 0.3164063 0.9804688 0.3515625 0.9765625 0.3164063 0.984375 0.3515625 0.984375 0.3164063 0.984375 0.3515625 0.9765625 0.3164063 0.9765625 0.3164063 0.9804688 0.3515625 0.96875 0.3164063 0.96875 0.3515625 0.96875 0.3164063 0.9804688 0.3515625 0.1914062 0.9726563 0.1914062 0.9921875 0.1796875 0.9726563 0.1796875 0.9960938 0.1796875 0.9726563 0.1914062 0.9921875 0.1601562 0.9726563 0.1796875 0.9726563 0.1640625 0.9882813 0.1796875 0.9960938 0.1640625 0.9882813 0.1796875 0.9726563 0.1640625 0.9882813 0.15625 0.9882813 0.1601562 0.9726563 0.1484375 0.9726563 0.1601562 0.9726563 0.15625 0.9882813 0.15625 0.9882813 0.1484375 0.9882813 0.1484375 0.9726563 0.140625 0.9726563 0.1484375 0.9726563 0.1484375 0.9882813 0.1484375 0.9882813 0.1445312 0.9882813 0.140625 0.9726563 0.1328125 0.9921875 0.140625 0.9726563 0.1445312 0.9882813 0.140625 0.9726563 0.1328125 0.9921875 0.1289062 0.9726563 0.125 0.9921875 0.1289062 0.9726563 0.1328125 0.9921875 0.1289062 0.9726563 0.125 0.9921875 0.1210937 0.9726563 0.109375 0.9921875 0.1210937 0.9726563 0.125 0.9921875 0.109375 0.9921875 0.1015625 0.9921875 0.109375 0.9726563 0.109375 0.9726563 0.1210937 0.9726563 0.109375 0.9921875 0.1015625 0.9726563 0.109375 0.9726563 0.1015625 0.9921875 0.9335938 0.3515625 0.9335938 0.3164063 0.9375 0.3515625 0.9375 0.3164063 0.9375 0.3515625 0.9335938 0.3164063 0.9375 0.3515625 0.9453125 0.3164063 0.9453125 0.3515625 0.9375 0.3515625 0.9375 0.3164063 0.9453125 0.3164063 0.9375 0.3164063 0.9335938 0.3164063 0.9335938 0.3007813 0.9335938 0.3007813 0.9375 0.3007813 0.9375 0.3164063 0.9453125 0.3007813 0.9453125 0.3164063 0.9375 0.3164063 0.9453125 0.3007813 0.9375 0.3164063 0.9375 0.3007813 0.9375 0.3007813 0.9375 0.2890625 0.9453125 0.3007813 0.9453125 0.2890625 0.9492188 0.3007813 0.9453125 0.3007813 0.9453125 0.3164063 0.9453125 0.3007813 0.9492188 0.3007813 0.9453125 0.2890625 0.9453125 0.3007813 0.9375 0.2890625 0.9453125 0.2890625 0.9492188 0.265625 0.9492188 0.2890625 0.9453125 0.2890625 0.9453125 0.265625 0.9492188 0.265625 0.9453125 0.2890625 0.9492188 0.2890625 0.9492188 0.3007813 0.9453125 0.265625 0.9453125 0.2890625 0.9414063 0.265625 0.9375 0.2890625 0.9414063 0.265625 0.9453125 0.2890625 0.9414063 0.265625 0.9414063 0.25 0.9453125 0.265625 0.9375 0.2890625 0.9375 0.265625 0.9414063 0.265625 0.9414063 0.25 0.9414063 0.265625 0.9375 0.265625 0.9414063 0.25 0.9414063 0.2382812 0.9453125 0.25 0.9375 0.25 0.9414063 0.2382812 0.9414063 0.25 0.9453125 0.25 0.9453125 0.265625 0.9414063 0.25 0.9414063 0.25 0.9375 0.265625 0.9375 0.25 0.9335938 0.2617188 0.9375 0.25 0.9375 0.265625 0.9335938 0.2617188 0.9335938 0.2539063 0.9375 0.25 0.9414063 0.2382812 0.9375 0.25 0.9375 0.2421875 0.9296875 0.2460937 0.9375 0.25 0.9335938 0.2539063 0.9296875 0.2460937 0.9375 0.2421875 0.9375 0.25 0.9375 0.2421875 0.9414063 0.234375 0.9414063 0.2382812 0.9296875 0.2460937 0.9375 0.234375 0.9375 0.2421875 0.9414063 0.234375 0.9375 0.2421875 0.9375 0.234375 0.6796875 0.296875 0.671875 0.265625 0.6835938 0.265625 0.6601563 0.2773438 0.671875 0.265625 0.6796875 0.296875 0.671875 0.265625 0.6835938 0.2421875 0.6914063 0.2382812 0.6914063 0.2382812 0.6835938 0.265625 0.671875 0.265625 0.6835938 0.2109375 0.6953125 0.2109375 0.6914063 0.2382812 0.7109375 0.2148437 0.6914063 0.2382812 0.6953125 0.2109375 0.703125 0.2382812 0.6914063 0.2382812 0.7109375 0.2148437 0.6914063 0.2382812 0.703125 0.2382812 0.6835938 0.265625 0.6835938 0.2109375 0.6914063 0.2382812 0.6835938 0.2421875 0.6953125 0.2109375 0.7109375 0.2148437 0.7265625 0.1914062 0.7109375 0.2148437 0.6953125 0.2109375 0.703125 0.2382812 0.6953125 0.2109375 0.7265625 0.1914062 0.7109375 0.2148437 0.5351563 0.4257813 0.5546875 0.4492188 0.5820313 0.4609375 0.7265625 0.171875 0.7265625 0.1914062 0.703125 0.1835937 0.578125 0.4609375 0.5546875 0.4492188 0.5429688 0.4023438 0.5351563 0.4257813 0.5429688 0.4023438 0.5546875 0.4492188 0.7265625 0.171875 0.703125 0.1835937 0.7265625 0.1914062 0.6953125 0.2109375 0.7265625 0.1914062 0.703125 0.1835937 0.6953125 0.2109375 0.703125 0.1835937 0.7265625 0.1914062 0.4921875 0.3828125 0.5351563 0.4257813 0.5429688 0.4023438 0.5351563 0.4257813 0.4921875 0.3828125 0.5429688 0.4023438 0.5820313 0.4609375 0.5429688 0.4023438 0.5351563 0.4257813 0.5429688 0.4023438 0.5 0.3554688 0.4921875 0.3828125 0.5429688 0.4023438 0.5507813 0.3320313 0.5 0.3554688 0.5507813 0.3320313 0.5429688 0.4023438 0.59375 0.3984375 0.5820313 0.4609375 0.59375 0.3984375 0.5429688 0.4023438 0.7265625 0.171875 0.703125 0.1835937 0.71875 0.1523437 0.6875 0.1796875 0.71875 0.1523437 0.703125 0.1835937 0.7148438 0.1210937 0.71875 0.1523437 0.6953125 0.1445312 0.6875 0.1796875 0.6953125 0.1445312 0.71875 0.1523437 0.59375 0.3984375 0.5976563 0.28125 0.5507813 0.3320313 0.5976563 0.28125 0.59375 0.1914062 0.5546875 0.2304687 0.71875 0.09375 0.7148438 0.1210937 0.6953125 0.1132812 0.5546875 0.2304687 0.5507813 0.3320313 0.5976563 0.28125 0.6953125 0.1445312 0.6953125 0.1132812 0.7148438 0.1210937 0.5078125 0.1875 0.5078125 0.28125 0.5546875 0.2304687 0.5546875 0.2304687 0.546875 0.1210937 0.5078125 0.1875 0.546875 0.1210937 0.5546875 0.2304687 0.59375 0.1914062 0.5507813 0.3320313 0.5546875 0.2304687 0.5078125 0.28125 0.546875 0.1210937 0.5859375 0.05859375 0.5429688 0.03125 0.5859375 0.05859375 0.546875 0.1210937 0.5898438 0.1210937 0.5429688 0.03125 0.5 0.1171875 0.546875 0.1210937 0.5078125 0.1875 0.546875 0.1210937 0.5 0.1171875 0.59375 0.1914062 0.5898438 0.1210937 0.546875 0.1210937 0.7226563 0.0546875 0.71875 0.07421875 0.7070313 0.08203125 0.71875 0.09375 0.7070313 0.08203125 0.71875 0.07421875 0.5429688 0.03125 0.4921875 0.06640625 0.5 0.1171875 0.5 0.1171875 0.4609375 0.2148437 0.5078125 0.1875 0.4492188 0.1210937 0.4609375 0.2148437 0.5 0.1171875 0.4492188 0.1210937 0.5 0.1171875 0.4921875 0.06640625 0.7109375 0.4140625 0.6992188 0.3515625 0.7382813 0.3359375 0.6992188 0.3515625 0.7109375 0.4140625 0.6640625 0.4609375 0.4609375 0.2148437 0.4492188 0.1210937 0.4023438 0.2226562 0.7265625 0.265625 0.7382813 0.3359375 0.6992188 0.3515625 0.7265625 0.265625 0.7578125 0.1875 0.7382813 0.3359375 0.765625 0.2578125 0.7382813 0.3359375 0.7578125 0.1875 0.2734375 0.1328125 0.2695313 0.1835937 0.2148437 0.1953125 0.2148437 0.1953125 0.2148437 0.3398438 0.1679687 0.2617188 0.2148437 0.3398438 0.2148437 0.1953125 0.2695313 0.1835937 0.2695313 0.1835937 0.2695313 0.328125 0.2148437 0.3398438 0.2695313 0.328125 0.2695313 0.1835937 0.3203125 0.1757812 0.2734375 0.1328125 0.3203125 0.1757812 0.2695313 0.1835937 0.3203125 0.1757812 0.3203125 0.07421875 0.3632813 0.15625 0.3632813 0.15625 0.3203125 0.3242188 0.3203125 0.1757812 0.3203125 0.1757812 0.2734375 0.1328125 0.3203125 0.07421875 0.2695313 0.328125 0.3203125 0.1757812 0.3203125 0.3242188 0.2695313 0.4648438 0.3203125 0.3242188 0.3203125 0.4648438 0.3203125 0.3242188 0.2695313 0.4648438 0.2695313 0.328125 0.359375 0.3164063 0.3203125 0.4648438 0.3203125 0.3242188 0.3203125 0.3242188 0.3632813 0.15625 0.359375 0.3164063 0.3203125 0.4648438 0.359375 0.3164063 0.359375 0.4648438 0.40625 0.4648438 0.359375 0.4648438 0.359375 0.3164063 0.359375 0.3164063 0.40625 0.3242188 0.40625 0.4648438 0.40625 0.3242188 0.359375 0.3164063 0.3632813 0.15625 0.4570313 0.4648438 0.40625 0.4648438 0.40625 0.3242188 0.40625 0.3242188 0.4570313 0.3125 0.4570313 0.4648438 0.40625 0.3242188 0.453125 0.171875 0.4570313 0.3125 0.3632813 0.15625 0.40625 0.1484375 0.40625 0.3242188 0.453125 0.171875 0.40625 0.3242188 0.40625 0.1484375 0.8632813 0.1640625 0.8007813 0.1875 0.7382813 0.1679687 0.453125 0.171875 0.5 0.1875 0.5117188 0.3085938 0.5117188 0.3085938 0.4570313 0.3125 0.453125 0.171875 0.625 0.1992187 0.7382813 0.1679687 0.8007813 0.1875 0.8007813 0.1875 0.7460938 0.2148437 0.625 0.1992187 0.5390625 0.2617188 0.625 0.1992187 0.7460938 0.2148437 0.5625 0.2851563 0.5117188 0.3085938 0.5 0.1875 0.5 0.1875 0.5507813 0.1445312 0.5625 0.2851563 0.6054688 0.2734375 0.5625 0.2851563 0.5507813 0.1445312 0.6054688 0.2734375 0.5507813 0.1445312 0.5976563 0.125 0.4882813 0.3398438 0.5390625 0.2617188 0.6328125 0.34375 0.6835938 0.2695313 0.6328125 0.34375 0.5390625 0.2617188 0.5390625 0.2617188 0.7460938 0.2148437 0.6835938 0.2695313 0.6328125 0.34375 0.6835938 0.2695313 0.78125 0.3515625 0.8320313 0.28125 0.78125 0.3515625 0.6835938 0.2695313 0.8789063 0.25 0.6835938 0.2695313 0.7460938 0.2148437 0.6835938 0.2695313 0.8789063 0.25 0.8320313 0.28125 0.8242188 0.1679687 0.84375 0.1328125 0.8554688 0.1875 0.8242188 0.1679687 0.8554688 0.1875 0.7929688 0.25 0.78125 0.3515625 0.7539063 0.4296875 0.6328125 0.34375 0.765625 0.3359375 0.7929688 0.25 0.8242188 0.3398438 0.8398438 0.2578125 0.7929688 0.25 0.8554688 0.1875 0.8398438 0.2578125 0.8242188 0.3398438 0.7929688 0.25 0.5976563 0.4257813 0.6328125 0.34375 0.7539063 0.4296875 0.7265625 0.5234375 0.5976563 0.4257813 0.7539063 0.4296875 0.8242188 0.3398438 0.7382813 0.4453125 0.765625 0.3359375 0.5976563 0.4257813 0.7265625 0.5234375 0.5703125 0.5234375 0.5507813 0.6289063 0.5703125 0.5234375 0.7265625 0.5234375 0.7382813 0.4453125 0.8242188 0.3398438 0.8125 0.4492188 0.7265625 0.5234375 0.6875 0.6289063 0.5507813 0.6289063 0.7382813 0.4453125 0.8125 0.4492188 0.7148438 0.5625 0.7929688 0.5664063 0.7148438 0.5625 0.8125 0.4492188 0.7148438 0.5625 0.765625 0.6796875 0.6914063 0.6796875 0.765625 0.6796875 0.7148438 0.5625 0.7929688 0.5664063 0.6484375 0.7265625 0.5507813 0.6289063 0.6875 0.6289063 0.5507813 0.6289063 0.6484375 0.7265625 0.53125 0.7265625 0.5195313 0.8046875 0.53125 0.7265625 0.6484375 0.7265625 0.6484375 0.7265625 0.6054688 0.8046875 0.5195313 0.8046875 0.6914063 0.6796875 0.7070313 0.7109375 0.6757813 0.765625 0.7070313 0.7109375 0.6914063 0.6796875 0.765625 0.6796875 0.6953125 0.765625 0.7070313 0.7109375 0.7226563 0.7617188 0.7460938 0.7617188 0.7226563 0.7617188 0.7070313 0.7109375 0.7070313 0.7109375 0.765625 0.6796875 0.7460938 0.7617188 0.6953125 0.765625 0.6757813 0.765625 0.7070313 0.7109375 0.9609375 0.265625 0.9570313 0.265625 0.9609375 0.2578125 0.9570313 0.25 0.9609375 0.2578125 0.9570313 0.265625 0.6914063 0.8476563 0.671875 0.859375 0.6953125 0.765625 0.6757813 0.765625 0.6953125 0.765625 0.671875 0.859375 0.671875 0.859375 0.6914063 0.8476563 0.6992188 0.90625 0.6757813 0.765625 0.671875 0.859375 0.6601563 0.8671875 0.6992188 0.90625 0.6601563 0.8671875 0.671875 0.859375 0.71875 0.8984375 0.6992188 0.90625 0.6914063 0.8476563 0.6992188 0.90625 0.71875 0.8984375 0.7304688 0.9257813 0.6992188 0.90625 0.7304688 0.9257813 0.6757813 0.9140625 0.6992188 0.90625 0.6757813 0.9140625 0.6601563 0.8671875 0.6914063 0.9296875 0.6757813 0.9140625 0.7304688 0.9257813 0.6484375 0.9492188 0.6601563 0.8671875 0.6757813 0.9140625 0.6757813 0.9140625 0.6914063 0.9296875 0.6484375 0.9492188 0.6992188 0.953125 0.6484375 0.9492188 0.6914063 0.9296875 0.4375 0.890625 0.5625 0.9648438 0.46875 0.9609375 0.5625 0.9648438 0.4375 0.890625 0.578125 0.890625 0.8945313 0.296875 0.8398438 0.34375 0.8476563 0.2382812 0.8398438 0.34375 0.8945313 0.296875 0.8828125 0.4648438 0.4179688 0.8046875 0.578125 0.890625 0.4375 0.890625 0.9335938 0.359375 0.8828125 0.4648438 0.8945313 0.296875 0.8828125 0.4648438 0.8945313 0.296875 0.8398438 0.34375 0.8945313 0.296875 0.8828125 0.4648438 0.9335938 0.359375 0.8398438 0.34375 0.8359375 0.4648438 0.8828125 0.4648438 0.8398438 0.34375 0.8828125 0.4648438 0.8359375 0.4648438 0.9257813 0.4648438 0.9335938 0.359375 0.8828125 0.4648438 0.8828125 0.4648438 0.9335938 0.359375 0.9257813 0.4648438 0.8398438 0.34375 0.8007813 0.3164063 0.8359375 0.4648438 0.8359375 0.4648438 0.8007813 0.3164063 0.8398438 0.34375 0.8359375 0.4648438 0.796875 0.4648438 0.8007813 0.3164063 0.796875 0.4648438 0.8359375 0.4648438 0.8007813 0.3164063 0.75 0.2851563 0.75 0.4648438 0.796875 0.4648438 0.75 0.2851563 0.796875 0.4648438 0.75 0.4648438 0.796875 0.4648438 0.8007813 0.3164063 0.75 0.2851563 0.75 0.2851563 0.8007813 0.3164063 0.796875 0.4648438 0.8007813 0.3164063 0.75 0.2851563 0.8046875 0.1914062 0.7539063 0.15625 0.8046875 0.1914062 0.75 0.2851563 0.75 0.4648438 0.6992188 0.2695313 0.75 0.2851563 0.75 0.2851563 0.6992188 0.2695313 0.7539063 0.15625 0.6992188 0.1289062 0.7539063 0.15625 0.6992188 0.2695313 0.6992188 0.2695313 0.6445313 0.1171875 0.6992188 0.1289062 0.703125 0.4648438 0.6523438 0.265625 0.6992188 0.2695313 0.6992188 0.2695313 0.75 0.4648438 0.703125 0.4648438 0.6445313 0.1171875 0.6992188 0.2695313 0.6523438 0.265625 0.6054688 0.2734375 0.6523438 0.265625 0.65625 0.4648438 0.6523438 0.265625 0.6054688 0.2734375 0.6445313 0.1171875 0.6523438 0.265625 0.703125 0.4648438 0.65625 0.4648438 0.65625 0.4648438 0.6132813 0.4648438 0.6054688 0.2734375 0.6132813 0.4648438 0.65625 0.4648438 0.6054688 0.2734375 0.6523438 0.265625 0.6054688 0.2734375 0.65625 0.4648438 0.6523438 0.265625 0.65625 0.4648438 0.703125 0.4648438 0.6523438 0.265625 0.6445313 0.1171875 0.6054688 0.2734375 0.703125 0.4648438 0.6992188 0.2695313 0.6523438 0.265625 0.6445313 0.1171875 0.6523438 0.265625 0.6992188 0.2695313 0.4882813 0.3398438 0.4492188 0.4257813 0.5976563 0.4257813 0.5976563 0.125 0.6054688 0.2734375 0.6445313 0.1171875 0.4492188 0.4257813 0.4257813 0.5273438 0.5976563 0.4257813 0.6992188 0.2695313 0.6992188 0.1289062 0.6445313 0.1171875 0.5703125 0.5234375 0.5976563 0.4257813 0.4257813 0.5273438 0.6992188 0.2695313 0.7539063 0.15625 0.6992188 0.1289062 0.4257813 0.5273438 0.5507813 0.6289063 0.5703125 0.5234375 0.4101563 0.6289063 0.5507813 0.6289063 0.4257813 0.5273438 0.7539063 0.15625 0.6992188 0.2695313 0.75 0.2851563 0.75 0.2851563 0.8046875 0.1914062 0.7539063 0.15625 0.5507813 0.6289063 0.4101563 0.6289063 0.53125 0.7265625 0.4179688 0.7265625 0.53125 0.7265625 0.4101563 0.6289063 0.8007813 0.3164063 0.8398438 0.34375 0.8046875 0.1914062 0.8046875 0.1914062 0.75 0.2851563 0.8007813 0.3164063 0.4179688 0.7265625 0.4179688 0.8046875 0.53125 0.7265625 0.8476563 0.2382812 0.8046875 0.1914062 0.8398438 0.34375 0.4179688 0.8046875 0.578125 0.890625 0.5195313 0.8046875 0.4179688 0.8046875 0.4375 0.890625 0.578125 0.890625 0.8476563 0.2382812 0.8398438 0.34375 0.8945313 0.296875 0.5195313 0.8046875 0.53125 0.7265625 0.4179688 0.8046875 0.6054688 0.8046875 0.6484375 0.7265625 0.5195313 0.8046875 0.53125 0.7265625 0.5195313 0.8046875 0.6484375 0.7265625 0.6054688 0.8046875 0.5195313 0.8046875 0.578125 0.890625 0.6757813 0.765625 0.671875 0.859375 0.6953125 0.765625 0.6953125 0.765625 0.7070313 0.7109375 0.6757813 0.765625 0.6757813 0.765625 0.6601563 0.8671875 0.671875 0.859375 0.6914063 0.6796875 0.6757813 0.765625 0.7070313 0.7109375 0.6953125 0.765625 0.7226563 0.7617188 0.7070313 0.7109375 0.7460938 0.7617188 0.765625 0.6796875 0.7070313 0.7109375 0.7460938 0.7617188 0.7070313 0.7109375 0.7226563 0.7617188 0.6914063 0.6796875 0.7070313 0.7109375 0.765625 0.6796875 0.9609375 0.265625 0.9609375 0.2578125 0.9570313 0.265625 0.96875 0.2773438 0.9609375 0.265625 0.96875 0.2851563 0.9648438 0.2851563 0.96875 0.2851563 0.9609375 0.265625 0.9609375 0.265625 0.9570313 0.265625 0.9648438 0.2851563 0.9570313 0.265625 0.9492188 0.265625 0.9570313 0.2890625 0.9570313 0.265625 0.9570313 0.25 0.9492188 0.265625 0.9570313 0.25 0.9570313 0.265625 0.9609375 0.2578125 0.9570313 0.2890625 0.9648438 0.2851563 0.9570313 0.265625 0.9492188 0.25 0.9492188 0.265625 0.9570313 0.25 0.6914063 0.8476563 0.6953125 0.765625 0.671875 0.859375 0.671875 0.859375 0.6992188 0.90625 0.6914063 0.8476563 0.71875 0.8984375 0.6914063 0.8476563 0.6992188 0.90625 0.6992188 0.90625 0.671875 0.859375 0.6601563 0.8671875 0.6992188 0.90625 0.7304688 0.9257813 0.71875 0.8984375 0.6601563 0.8671875 0.6757813 0.9140625 0.6992188 0.90625 0.7304688 0.9257813 0.6992188 0.90625 0.6757813 0.9140625 0.9453125 0.2382812 0.9414063 0.2382812 0.9453125 0.25 0.9453125 0.2382812 0.9414063 0.234375 0.9414063 0.2382812 0.9414063 0.234375 0.9453125 0.2382812 0.9453125 0.234375 0.6757813 0.9140625 0.6914063 0.9296875 0.7304688 0.9257813 0.7578125 0.9140625 0.71875 0.8984375 0.7304688 0.9257813 0.9453125 0.25 0.9453125 0.265625 0.9492188 0.265625 0.9492188 0.265625 0.9492188 0.25 0.9453125 0.25 0.9414063 0.25 0.9453125 0.25 0.9414063 0.2382812 0.9414063 0.25 0.9453125 0.265625 0.9453125 0.25 0.9453125 0.265625 0.9414063 0.265625 0.9453125 0.2890625 0.9453125 0.265625 0.9414063 0.25 0.9414063 0.265625 0.9453125 0.2890625 0.9492188 0.265625 0.9453125 0.265625 0.9375 0.2890625 0.9453125 0.2890625 0.9414063 0.265625 0.9453125 0.2890625 0.9375 0.2890625 0.9453125 0.3007813 0.9453125 0.2890625 0.9453125 0.3007813 0.9492188 0.3007813 0.9453125 0.2890625 0.9492188 0.2890625 0.9492188 0.265625 0.9492188 0.3007813 0.9492188 0.2890625 0.9453125 0.2890625 0.9453125 0.3164063 0.9492188 0.3007813 0.9453125 0.3007813 0.953125 0.3007813 0.9570313 0.2890625 0.9492188 0.3007813 0.9492188 0.3007813 0.953125 0.3164063 0.953125 0.3007813 0.953125 0.3164063 0.9492188 0.3007813 0.9492188 0.3164063 0.9453125 0.3164063 0.9492188 0.3164063 0.9492188 0.3007813 0.9492188 0.2890625 0.9492188 0.3007813 0.9570313 0.2890625 0.9453125 0.3164063 0.9492188 0.3515625 0.9492188 0.3164063 0.9492188 0.3515625 0.9453125 0.3164063 0.9453125 0.3515625 0.9375 0.3515625 0.9453125 0.3164063 0.9375 0.3164063 0.9375 0.3515625 0.9453125 0.3515625 0.9453125 0.3164063 0.9453125 0.3007813 0.9375 0.3164063 0.9453125 0.3164063 0.1289062 0.9726563 0.1210937 0.9726563 0.125 0.9921875 0.109375 0.9921875 0.125 0.9921875 0.1210937 0.9726563 0.1210937 0.9726563 0.109375 0.9726563 0.109375 0.9921875 0.1015625 0.9921875 0.109375 0.9921875 0.109375 0.9726563 0.109375 0.9726563 0.1015625 0.9726563 0.1015625 0.9921875 0.09375 0.9921875 0.1015625 0.9921875 0.1015625 0.9726563 0.1015625 0.9726563 0.09765625 0.9726563 0.09375 0.9921875 0.0859375 0.9921875 0.09375 0.9921875 0.09765625 0.9726563 0.09765625 0.9726563 0.08984375 0.9726563 0.0859375 0.9921875 0.1992187 0.9726563 0.1914062 0.9726563 0.1953125 0.9921875 0.1914062 0.9921875 0.1953125 0.9921875 0.1914062 0.9726563 0.1914062 0.9726563 0.1796875 0.9726563 0.1914062 0.9921875 0.1796875 0.9960938 0.1914062 0.9921875 0.1796875 0.9726563 0.1796875 0.9726563 0.1640625 0.9882813 0.1796875 0.9960938 0.1796875 0.9726563 0.1601562 0.9726563 0.1640625 0.9882813 0.15625 0.9882813 0.1640625 0.9882813 0.1601562 0.9726563 0.1601562 0.9726563 0.1484375 0.9726563 0.15625 0.9882813 0.1484375 0.9882813 0.15625 0.9882813 0.1484375 0.9726563 0.1484375 0.9726563 0.140625 0.9726563 0.1484375 0.9882813 0.1445312 0.9882813 0.1484375 0.9882813 0.140625 0.9726563 0.9609375 0.3515625 0.953125 0.3164063 0.9570313 0.3515625 0.140625 0.9726563 0.1328125 0.9921875 0.1445312 0.9882813 0.9492188 0.3164063 0.9570313 0.3515625 0.953125 0.3164063 0.9570313 0.3515625 0.9492188 0.3164063 0.9492188 0.3515625 0.140625 0.9726563 0.1289062 0.9726563 0.1328125 0.9921875 0.125 0.9921875 0.1328125 0.9921875 0.1289062 0.9726563 0.96875 0.3515625 0.9648438 0.3164063 0.9609375 0.3515625 0.953125 0.3164063 0.9609375 0.3515625 0.9648438 0.3164063 0.9648438 0.3164063 0.96875 0.3515625 0.96875 0.3164063 0.9648438 0.3007813 0.9648438 0.3164063 0.96875 0.3007813 0.9648438 0.3164063 0.9648438 0.3007813 0.953125 0.3007813 0.96875 0.3164063 0.96875 0.3007813 0.9648438 0.3164063 0.9648438 0.3164063 0.953125 0.3007813 0.953125 0.3164063 0.9804688 0.3515625 0.96875 0.3164063 0.96875 0.3515625 0.96875 0.3164063 0.9804688 0.3515625 0.9765625 0.3164063 0.9765625 0.3164063 0.96875 0.3007813 0.96875 0.3164063 0.984375 0.3164063 0.984375 0.3007813 0.9765625 0.3164063 0.9765625 0.3164063 0.984375 0.3515625 0.984375 0.3164063 0.984375 0.3515625 0.9765625 0.3164063 0.9804688 0.3515625 0.9765625 0.3007813 0.96875 0.3007813 0.9765625 0.3164063 0.9765625 0.3007813 0.9765625 0.3164063 0.984375 0.3007813 0.984375 0.3007813 0.9765625 0.2851563 0.9765625 0.3007813 0.9765625 0.2851563 0.984375 0.3007813 0.9804688 0.2851563 0.984375 0.2890625 0.984375 0.3007813 0.9882813 0.3007813 0.984375 0.2890625 0.9804688 0.2851563 0.984375 0.3007813 0.984375 0.3007813 0.984375 0.3164063 0.9882813 0.3164063 0.9882813 0.3164063 0.9882813 0.3007813 0.984375 0.3007813 0.9921875 0.3164063 0.9882813 0.3164063 0.9921875 0.3515625 0.9882813 0.3164063 0.9921875 0.3164063 0.9882813 0.3007813 0.9882813 0.3515625 0.9921875 0.3515625 0.9882813 0.3164063 0.9882813 0.3515625 0.9882813 0.3164063 0.984375 0.3164063 0.9335938 0.3164063 0.9335938 0.3007813 0.9335938 0.3164063 0.9335938 0.3007813 0.9335938 0.3164063 0.9335938 0.3007813 0.9335938 0.3164063 0.9335938 0.3164063 0.9335938 0.3515625 0.9921875 0.3007813 0.9882813 0.3007813 0.9921875 0.3164063 0.9335938 0.3515625 0.9335938 0.3515625 0.9335938 0.3164063 0.9921875 0.2890625 0.984375 0.2890625 0.9921875 0.3007813 0.9335938 0.3007813 0.9335938 0.2890625 0.9335938 0.3007813 0.9882813 0.3007813 0.9921875 0.3007813 0.984375 0.2890625 0.9335938 0.2890625 0.9375 0.2890625 0.9335938 0.2617188 0.9921875 0.2890625 0.9882813 0.2617188 0.984375 0.2890625 0.9335938 0.2890625 0.9335938 0.3007813 0.9375 0.2890625 0.9375 0.265625 0.9335938 0.2617188 0.9375 0.2890625 0.9375 0.2890625 0.9375 0.2890625 0.9375 0.265625 0.9375 0.2890625 0.9375 0.2890625 0.9335938 0.3007813 0.9375 0.25 0.9335938 0.2617188 0.9375 0.265625 0.9414063 0.265625 0.9375 0.265625 0.9375 0.2890625 0.9375 0.265625 0.9414063 0.265625 0.9414063 0.25 0.9375 0.265625 0.9414063 0.25 0.9375 0.25 0.9414063 0.2382812 0.9375 0.25 0.9414063 0.25 0.9335938 0.2617188 0.9375 0.25 0.9335938 0.2539063 0.9296875 0.2460937 0.9335938 0.2539063 0.9375 0.25 0.9375 0.25 0.9375 0.2421875 0.9296875 0.2460937 0.9375 0.25 0.9414063 0.2382812 0.9375 0.2421875 0.9414063 0.234375 0.9375 0.234375 0.9375 0.2421875 0.9375 0.2421875 0.9414063 0.2382812 0.9414063 0.234375 0.9296875 0.2460937 0.9375 0.2421875 0.9375 0.234375 0.6601563 0.2773438 0.6796875 0.296875 0.671875 0.265625 0.6835938 0.265625 0.671875 0.265625 0.6796875 0.296875 0.671875 0.265625 0.6835938 0.265625 0.6914063 0.2382812 0.671875 0.265625 0.6914063 0.2382812 0.6835938 0.2421875 0.6914063 0.2382812 0.6953125 0.2109375 0.6835938 0.2109375 0.6914063 0.2382812 0.703125 0.2382812 0.6953125 0.2109375 0.6835938 0.2109375 0.6835938 0.2421875 0.6914063 0.2382812 0.703125 0.2382812 0.6914063 0.2382812 0.6835938 0.265625 0.703125 0.1835937 0.6835938 0.2109375 0.6953125 0.2109375 0.9882813 0.2460937 0.984375 0.2617188 0.984375 0.2617188 0.6640625 0.203125 0.6835938 0.2109375 0.6640625 0.1757812 0.9804688 0.2734375 0.984375 0.2617188 0.984375 0.2617188 0.6835938 0.2109375 0.703125 0.1835937 0.6875 0.1796875 0.6875 0.1796875 0.6640625 0.1757812 0.6835938 0.2109375 0.6875 0.1796875 0.6679688 0.140625 0.6640625 0.1757812 0.6445313 0.1367187 0.6640625 0.1757812 0.6679688 0.140625 0.6640625 0.1757812 0.6445313 0.1367187 0.6445313 0.171875 0.6445313 0.171875 0.6445313 0.1992187 0.6640625 0.1757812 0.6640625 0.203125 0.6640625 0.1757812 0.6445313 0.1992187 0.96875 0.2773438 0.96875 0.2773438 0.9765625 0.2773438 0.9765625 0.28125 0.9765625 0.2773438 0.96875 0.2773438 0.6445313 0.1992187 0.6445313 0.171875 0.6171875 0.203125 0.9765625 0.2773438 0.9765625 0.28125 0.9804688 0.2734375 0.9765625 0.2851563 0.9804688 0.2851563 0.9765625 0.28125 0.9804688 0.2734375 0.9765625 0.28125 0.9804688 0.2851563 0.9765625 0.2851563 0.9765625 0.28125 0.96875 0.2851563 0.9804688 0.2734375 0.9804688 0.2734375 0.9765625 0.28125 0.96875 0.2773438 0.96875 0.2851563 0.9765625 0.28125 0.9804688 0.2851563 0.984375 0.2890625 0.9804688 0.2734375 0.984375 0.2617188 0.9804688 0.2734375 0.984375 0.2890625 0.984375 0.2617188 0.9804688 0.2734375 0.9804688 0.2734375 0.6171875 0.1679687 0.6445313 0.171875 0.6445313 0.1367187 0.6171875 0.1679687 0.6171875 0.203125 0.6445313 0.171875 0.6445313 0.1367187 0.6171875 0.1367187 0.6171875 0.1679687 0.7929688 0.5664063 0.8125 0.4492188 0.7148438 0.5625 0.7929688 0.5664063 0.7148438 0.5625 0.765625 0.6796875 0.7382813 0.4453125 0.7148438 0.5625 0.8125 0.4492188 0.765625 0.6796875 0.7148438 0.5625 0.6914063 0.6796875 0.6875 0.6289063 0.5507813 0.6289063 0.6484375 0.7265625 0.5507813 0.6289063 0.6875 0.6289063 0.7265625 0.5234375 0.7382813 0.4453125 0.8242188 0.3398438 0.765625 0.3359375 0.7539063 0.4296875 0.5976563 0.4257813 0.7265625 0.5234375 0.5703125 0.5234375 0.7265625 0.5234375 0.5976563 0.4257813 0.7265625 0.5234375 0.5703125 0.5234375 0.5507813 0.6289063 0.8125 0.4492188 0.8242188 0.3398438 0.7382813 0.4453125 0.6171875 0.1367187 0.6445313 0.1367187 0.6210938 0.1015625 0.6445313 0.1054687 0.6210938 0.1015625 0.6445313 0.1367187 0.6445313 0.1054687 0.6289063 0.078125 0.6210938 0.1015625 0.7929688 0.25 0.8242188 0.3398438 0.8398438 0.2578125 0.7929688 0.25 0.765625 0.3359375 0.8242188 0.3398438 0.8242188 0.1679687 0.7929688 0.25 0.8554688 0.1875 0.8320313 0.28125 0.6835938 0.2695313 0.78125 0.3515625 0.8398438 0.2578125 0.8554688 0.1875 0.7929688 0.25 0.78125 0.3515625 0.6328125 0.34375 0.7539063 0.4296875 0.6328125 0.34375 0.78125 0.3515625 0.6835938 0.2695313 0.8984375 0.140625 0.84375 0.1328125 0.8554688 0.1875 0.6484375 0.0546875 0.6289063 0.078125 0.6757813 0.046875 0.8242188 0.1679687 0.8554688 0.1875 0.84375 0.1328125 0.84375 0.1328125 0.8984375 0.140625 0.8710938 0.1015625 0.8320313 0.28125 0.8789063 0.25 0.6835938 0.2695313 0.8007813 0.1875 0.7460938 0.2148437 0.8789063 0.25 0.6835938 0.2695313 0.8789063 0.25 0.7460938 0.2148437 0.8789063 0.25 0.9140625 0.2265625 0.8007813 0.1875 0.9140625 0.2265625 0.9453125 0.21875 0.8632813 0.1640625 0.8632813 0.1640625 0.8007813 0.1875 0.9140625 0.2265625 0.8945313 0.08203125 0.8710938 0.1015625 0.8984375 0.140625 0.8945313 0.08203125 0.8984375 0.140625 0.90625 0.125 0.8945313 0.08203125 0.90625 0.125 0.9140625 0.078125 0.984375 0.2109375 0.8632813 0.1640625 0.9453125 0.21875 0.6953125 0.171875 0.6484375 0.0703125 0.6523438 0.1835937 0.359375 0.04296875 0.3203125 0.07421875 0.3632813 0.15625 0.6992188 0.04296875 0.7226563 0.04296875 0.6992188 0.03125 0.7226563 0.03125 0.6992188 0.03125 0.7226563 0.04296875 0.765625 0.2578125 0.796875 0.1875 0.7929688 0.125 0.3203125 0.07421875 0.2734375 0.1328125 0.3203125 0.1757812 0.3203125 0.1757812 0.3632813 0.15625 0.3203125 0.07421875 0.2695313 0.1835937 0.2695313 0.328125 0.3203125 0.1757812 0.2695313 0.1835937 0.3203125 0.1757812 0.2734375 0.1328125 0.3203125 0.1757812 0.3203125 0.3242188 0.3632813 0.15625 0.3203125 0.3242188 0.3203125 0.1757812 0.2695313 0.328125 0.2695313 0.1835937 0.2148437 0.3398438 0.2695313 0.328125 0.2109375 0.4648438 0.2695313 0.328125 0.2148437 0.3398438 0.2695313 0.328125 0.2109375 0.4648438 0.2695313 0.4648438 0.2695313 0.328125 0.2695313 0.4648438 0.3203125 0.3242188 0.2148437 0.3398438 0.171875 0.4648438 0.2109375 0.4648438 0.2148437 0.3398438 0.2109375 0.4648438 0.171875 0.4648438 0.2109375 0.4648438 0.2148437 0.3398438 0.2695313 0.328125 0.2695313 0.328125 0.2695313 0.4648438 0.2109375 0.4648438 0.171875 0.4648438 0.2148437 0.3398438 0.171875 0.3515625 0.109375 0.3671875 0.171875 0.4648438 0.109375 0.4648438 0.171875 0.3515625 0.171875 0.4648438 0.109375 0.3671875 0.171875 0.4648438 0.171875 0.3515625 0.109375 0.3671875 0.109375 0.3671875 0.109375 0.4648438 0.171875 0.4648438 0.171875 0.4648438 0.171875 0.3515625 0.2148437 0.3398438 0.6640625 0.5820313 0.6757813 0.53125 0.6640625 0.4609375 0.7109375 0.4140625 0.6640625 0.4609375 0.6757813 0.53125 0.1679687 0.2617188 0.109375 0.3671875 0.171875 0.3515625 0.109375 0.3671875 0.0859375 0.4140625 0.0859375 0.4648438 0.0859375 0.4648438 0.109375 0.4648438 0.109375 0.3671875 0.109375 0.4648438 0.0859375 0.4648438 0.109375 0.3671875 0.0859375 0.4140625 0.109375 0.3671875 0.0859375 0.4648438 0.0859375 0.4648438 0.06640625 0.4648438 0.0859375 0.4140625 0.06640625 0.4648438 0.0859375 0.4648438 0.0859375 0.4140625 0.6328125 0.640625 0.6484375 0.546875 0.6523438 0.6328125 0.6523438 0.6328125 0.6484375 0.546875 0.6328125 0.640625 0.6640625 0.5820313 0.6523438 0.6328125 0.6484375 0.546875 0.6523438 0.6328125 0.6640625 0.5820313 0.6484375 0.546875 0.3828125 0.2890625 0.3789063 0.3789063 0.3632813 0.3554688 0.3789063 0.3789063 0.3828125 0.2890625 0.4023438 0.2890625 0.6640625 0.4609375 0.6484375 0.546875 0.6640625 0.5820313 0.4023438 0.2226562 0.4023438 0.2890625 0.3828125 0.2890625 0.4023438 0.2890625 0.4023438 0.2226562 0.4609375 0.2148437 0.4609375 0.2148437 0.4140625 0.3203125 0.4023438 0.2890625 0.3789063 0.3789063 0.4023438 0.2890625 0.4140625 0.3203125 0.4609375 0.3242188 0.4609375 0.2148437 0.5078125 0.28125 0.4609375 0.2148437 0.4609375 0.3242188 0.4140625 0.3203125 0.5078125 0.1875 0.5078125 0.28125 0.4609375 0.2148437 0.4492188 0.1210937 0.4609375 0.2148437 0.4023438 0.2226562 0.4609375 0.2148437 0.5 0.1171875 0.5078125 0.1875 0.5 0.1171875 0.4609375 0.2148437 0.4492188 0.1210937 0.4492188 0.1210937 0.4921875 0.06640625 0.5 0.1171875 0.7109375 0.4140625 0.7382813 0.3359375 0.6992188 0.3515625 0.6640625 0.4609375 0.7109375 0.4140625 0.6992188 0.3515625 0.7265625 0.265625 0.6992188 0.3515625 0.7382813 0.3359375 0.5429688 0.03125 0.5 0.1171875 0.4921875 0.06640625 0.7382813 0.3359375 0.7578125 0.1875 0.7265625 0.265625 0.5 0.1171875 0.5429688 0.03125 0.546875 0.1210937 0.546875 0.1210937 0.5429688 0.03125 0.5859375 0.05859375 0.5859375 0.0078125 0.5859375 0.05859375 0.5429688 0.03125 0.7929688 0.125 0.7578125 0.1875 0.765625 0.2578125 0.7382813 0.3359375 0.765625 0.2578125 0.7578125 0.1875 0.5859375 0.05859375 0.5898438 0.1210937 0.546875 0.1210937 0.7226563 0.04296875 0.6992188 0.04296875 0.7226563 0.0546875 0.71875 0.07421875 0.7226563 0.0546875 0.6992188 0.04296875 0.59375 0.1914062 0.546875 0.1210937 0.5898438 0.1210937 0.6992188 0.04296875 0.7070313 0.08203125 0.71875 0.07421875 0.71875 0.09375 0.71875 0.07421875 0.7070313 0.08203125 0.71875 0.09375 0.7070313 0.08203125 0.6835938 0.1015625 0.6328125 0.8828125 0.6289063 0.890625 0.6289063 0.8945313 0.6328125 0.8828125 0.6289063 0.8945313 0.6132813 0.9140625 0.6289063 0.90625 0.6289063 0.8945313 0.6289063 0.890625 0.6289063 0.90625 0.625 0.9101563 0.6289063 0.8945313 0.625 0.9140625 0.6289063 0.8945313 0.625 0.9101563 0.625 0.9140625 0.625 0.9101563 0.625 0.921875 0.625 0.9140625 0.625 0.921875 0.625 0.9101563 0.625 0.9101563 0.6289063 0.90625 0.625 0.9140625 0.625 0.90625 0.625 0.9140625 0.6289063 0.90625 0.625 0.9140625 0.6210938 0.9023438 0.625 0.921875 0.625 0.9140625 0.625 0.90625 0.6210938 0.9023438 0.6171875 0.890625 0.6210938 0.9023438 0.6210938 0.8945313 0.6210938 0.8945313 0.6210938 0.9023438 0.625 0.90625 0.6210938 0.9023438 0.6171875 0.890625 0.6210938 0.90625 0.6210938 0.90625 0.625 0.921875 0.6210938 0.9023438 0.6171875 0.8867188 0.6210938 0.90625 0.6171875 0.890625 0.6171875 0.8867188 0.6171875 0.890625 0.6210938 0.90625 0.625 0.921875 0.6210938 0.90625 0.6171875 0.890625 0.6171875 0.8867188 0.6171875 0.8632813 0.6171875 0.890625 0.6171875 0.8632813 0.6171875 0.890625 0.6171875 0.8632813 0.6171875 0.890625 0.6171875 0.8632813 0.6210938 0.8789063 0.6171875 0.890625 0.6210938 0.8789063 0.625 0.921875 0.6171875 0.8671875 0.6210938 0.8671875 0.6210938 0.8789063 0.6210938 0.8789063 0.6171875 0.8632813 0.6171875 0.8671875 0.6054688 0.9101563 0.625 0.921875 0.6210938 0.8789063 0.625 0.8515625 0.6210938 0.8789063 0.6210938 0.8671875 0.6289063 0.8398438 0.6210938 0.8671875 0.6210938 0.8398438 0.6210938 0.8671875 0.6289063 0.8398438 0.625 0.8671875 0.6171875 0.8671875 0.6210938 0.8398438 0.6210938 0.8671875 0.625 0.8515625 0.6210938 0.8671875 0.625 0.8671875 0.6289063 0.8632813 0.625 0.8671875 0.6289063 0.8398438 0.6328125 0.8867188 0.625 0.8671875 0.6289063 0.8632813 0.625 0.8671875 0.6328125 0.8867188 0.625 0.8515625 0.6289063 0.8632813 0.6328125 0.8789063 0.6328125 0.8867188 0.6328125 0.8828125 0.625 0.8515625 0.6328125 0.8867188 0.6328125 0.890625 0.6328125 0.8867188 0.6328125 0.8789063 0.6289063 0.8632813 0.6328125 0.8632813 0.6328125 0.8789063 0.6328125 0.8828125 0.6328125 0.8789063 0.6328125 0.8632813 0.6289063 0.8632813 0.6328125 0.84375 0.6328125 0.8632813 0.6328125 0.8632813 0.6328125 0.8671875 0.6328125 0.8828125 0.6328125 0.8671875 0.6328125 0.8632813 0.6328125 0.84375 0.6328125 0.8671875 0.6328125 0.84375 0.6289063 0.875 0.6328125 0.84375 0.6328125 0.84375 0.6328125 0.8671875 0.6328125 0.8671875 0.6289063 0.875 0.6289063 0.890625 0.6289063 0.890625 0.6328125 0.8828125 0.6328125 0.8671875 0.6289063 0.8476563 0.6289063 0.875 0.6328125 0.84375 0.6289063 0.9023438 0.6289063 0.890625 0.6289063 0.875 0.6289063 0.875 0.6289063 0.8789063 0.6289063 0.9023438 0.6289063 0.875 0.6289063 0.8476563 0.6289063 0.8789063 0.625 0.8476563 0.6289063 0.8476563 0.6289063 0.828125 0.625 0.8476563 0.6289063 0.8789063 0.6289063 0.8476563 0.6328125 0.84375 0.6289063 0.828125 0.6289063 0.8476563 0.6289063 0.828125 0.625 0.828125 0.625 0.8476563 0.625 0.828125 0.6289063 0.828125 0.6289063 0.8085938 0.6289063 0.828125 0.6328125 0.84375 0.6328125 0.828125 0.6328125 0.828125 0.6289063 0.8085938 0.6289063 0.828125 0.6328125 0.828125 0.6328125 0.828125 0.6328125 0.84375 0.6289063 0.8085938 0.6328125 0.828125 0.6328125 0.8085938 0.6328125 0.828125 0.6328125 0.8085938 0.6328125 0.828125 0.6328125 0.84375 0.6328125 0.84375 0.6328125 0.828125 0.6289063 0.8085938 0.6328125 0.8085938 0.6328125 0.828125 0.6328125 0.828125 0.6289063 0.828125 0.6289063 0.8085938 0.6289063 0.828125 0.6328125 0.828125 0.6328125 0.84375 0.6328125 0.8085938 0.6328125 0.828125 0.6328125 0.8085938 0.6289063 0.8085938 0.6289063 0.7265625 0.6328125 0.8085938 0.6328125 0.8085938 0.6289063 0.7265625 0.6328125 0.8085938 0.6289063 0.7265625 0.6328125 0.8085938 0.6289063 0.7265625 0.6289063 0.7265625 0.6289063 0.7265625 0.6289063 0.8085938 0.6289063 0.8085938 0.6328125 0.8085938 0.6289063 0.7265625 0.625 0.7265625 0.6289063 0.8085938 0.6289063 0.7265625 0.625 0.7265625 0.625 0.8085938 0.625 0.7265625 0.6289063 0.8085938 0.625 0.7265625 0.625 0.8085938 0.625 0.8085938 0.625 0.7265625 0.625 0.8085938 0.625 0.8085938 0.625 0.828125 0.625 0.8085938 0.6289063 0.8085938 0.625 0.8085938 0.625 0.828125 0.625 0.8085938 0.6171875 0.8085938 0.6171875 0.828125 0.625 0.8085938 0.6210938 0.7265625 0.6171875 0.8085938 0.6171875 0.828125 0.6210938 0.828125 0.625 0.8085938 0.625 0.828125 0.625 0.8085938 0.6210938 0.828125 0.6210938 0.7265625 0.625 0.8085938 0.625 0.7265625 0.6171875 0.8085938 0.6171875 0.8085938 0.6210938 0.7265625 0.6210938 0.7265625 0.6171875 0.7265625 0.6171875 0.8085938 0.6132813 0.828125 0.6171875 0.828125 0.6171875 0.8085938 0.6171875 0.8085938 0.6171875 0.8085938 0.6171875 0.828125 0.6171875 0.8085938 0.6171875 0.8085938 0.6132813 0.828125 0.6171875 0.8085938 0.6171875 0.8085938 0.6171875 0.7265625 0.6171875 0.828125 0.6132813 0.828125 0.6171875 0.8476563 0.6171875 0.84375 0.6171875 0.8476563 0.6132813 0.828125 0.6132813 0.828125 0.6171875 0.828125 0.6171875 0.84375 0.6132813 0.828125 0.6171875 0.8085938 0.6171875 0.828125 0.6171875 0.8085938 0.6132813 0.828125 0.6171875 0.8085938 0.6210938 0.7265625 0.6171875 0.8085938 0.6210938 0.7265625 0.6171875 0.8085938 0.6210938 0.7265625 0.6171875 0.8085938 0.6171875 0.8085938 0.6171875 0.8085938 0.6171875 0.828125 0.6171875 0.8085938 0.6210938 0.7265625 0.6171875 0.8085938 0.6171875 0.828125 0.6171875 0.828125 0.6171875 0.8085938 0.6171875 0.828125 0.6171875 0.828125 0.6171875 0.84375 0.6210938 0.828125 0.6171875 0.84375 0.6171875 0.828125 0.625 0.8085938 0.6171875 0.828125 0.6171875 0.8085938 0.6171875 0.828125 0.625 0.8085938 0.6210938 0.828125 0.6289063 0.8085938 0.6210938 0.828125 0.625 0.8085938 0.625 0.8085938 0.625 0.7265625 0.6289063 0.8085938 0.625 0.7265625 0.625 0.8085938 0.625 0.7265625 0.6171875 0.8085938 0.625 0.7265625 0.625 0.8085938 0.625 0.7265625 0.6171875 0.8085938 0.6210938 0.7265625 0.6289063 0.8085938 0.6289063 0.8085938 0.625 0.7265625 0.625 0.7265625 0.6289063 0.7265625 0.6289063 0.8085938 0.6289063 0.7265625 0.6289063 0.8085938 0.6289063 0.7265625 0.6210938 0.828125 0.6289063 0.8085938 0.6289063 0.828125 0.6289063 0.8085938 0.6289063 0.828125 0.6289063 0.8085938 0.6289063 0.828125 0.6289063 0.8085938 0.6289063 0.828125 0.6289063 0.828125 0.6210938 0.8398438 0.6210938 0.828125 0.6289063 0.84375 0.6289063 0.8398438 0.6289063 0.828125 0.6210938 0.8398438 0.6289063 0.828125 0.6289063 0.8398438 0.6289063 0.828125 0.6289063 0.828125 0.6289063 0.84375 0.6328125 0.84375 0.6289063 0.84375 0.6289063 0.828125 0.6328125 0.84375 0.6289063 0.8632813 0.6289063 0.84375 0.6289063 0.8398438 0.6289063 0.84375 0.6289063 0.8632813 0.6171875 0.84375 0.6210938 0.828125 0.6210938 0.8398438 0.6171875 0.84375 0.6171875 0.84375 0.6171875 0.828125 0.6171875 0.84375 0.6171875 0.8632813 0.6171875 0.84375 0.6210938 0.8398438 0.6171875 0.8671875 0.6171875 0.84375 0.6171875 0.8632813 0.6171875 0.84375 0.6171875 0.8671875 0.6210938 0.7265625 0.6171875 0.8085938 0.6171875 0.7265625 0.6171875 0.7265625 0.6171875 0.7265625 0.6171875 0.8085938 0.6171875 0.84375 0.6171875 0.8632813 0.6171875 0.8476563 0.6171875 0.8632813 0.6171875 0.84375 0.6171875 0.8632813 0.6171875 0.8476563 0.6171875 0.8476563 0.6171875 0.828125 0.6171875 0.8476563 0.6171875 0.8671875 0.6171875 0.8476563 0.6171875 0.8671875 0.6171875 0.8476563 0.6171875 0.8632813 0.6171875 0.8710938 0.6171875 0.8476563 0.6171875 0.8671875 0.6171875 0.8671875 0.6171875 0.8828125 0.6171875 0.8710938 0.6171875 0.8632813 0.6171875 0.8867188 0.6171875 0.8671875 0.6171875 0.8828125 0.6171875 0.8671875 0.6171875 0.8867188 0.6210938 0.8945313 0.6171875 0.8828125 0.6171875 0.890625 0.6210938 0.8945313 0.6171875 0.8710938 0.6171875 0.8828125 0.6171875 0.8867188 0.6171875 0.890625 0.6171875 0.8828125 0.6171875 0.8710938 0.6210938 0.8945313 0.625 0.8789063 0.625 0.8789063 0.6171875 0.8476563 0.6171875 0.8710938 0.6171875 0.8476563 0.6171875 0.8710938 0.6171875 0.8476563 0.6171875 0.8476563 0.625 0.8789063 0.6210938 0.8476563 0.6171875 0.8476563 0.6210938 0.8476563 0.6210938 0.828125 0.6171875 0.8476563 0.6171875 0.828125 0.6171875 0.8476563 0.6171875 0.828125 0.6171875 0.8476563 0.6171875 0.828125 0.6210938 0.828125 0.6171875 0.828125 0.6171875 0.8476563 0.6210938 0.8476563 0.625 0.8789063 0.625 0.8476563 0.625 0.8476563 0.6210938 0.828125 0.6210938 0.8476563 0.625 0.90625 0.625 0.8789063 0.6210938 0.8945313 0.6289063 0.8789063 0.625 0.8476563 0.625 0.8789063 0.625 0.8789063 0.6289063 0.9023438 0.6289063 0.8789063 0.6289063 0.9023438 0.625 0.8789063 0.625 0.90625 0.6171875 0.828125 0.6171875 0.828125 0.6171875 0.8085938 0.6210938 0.828125 0.625 0.8476563 0.625 0.828125 0.6289063 0.890625 0.6289063 0.9023438 0.6289063 0.90625 0.625 0.90625 0.6289063 0.90625 0.6289063 0.9023438 0.625 0.921875 0.6054688 0.9101563 0.625 0.9140625 0.6835938 0.1015625 0.6953125 0.1132812 0.71875 0.09375 0.5976563 0.8671875 0.625 0.9140625 0.6054688 0.9101563 0.6953125 0.1132812 0.6835938 0.1015625 0.6640625 0.109375 0.6484375 0.09375 0.6640625 0.109375 0.6835938 0.1015625 0.6484375 0.09375 0.6757813 0.046875 0.6289063 0.078125 0.6289063 0.078125 0.6445313 0.1054687 0.6484375 0.09375 0.6640625 0.109375 0.6484375 0.09375 0.6445313 0.1054687 0.6640625 0.109375 0.6679688 0.140625 0.6953125 0.1132812 0.6679688 0.140625 0.6640625 0.109375 0.6445313 0.1367187 0.6445313 0.1054687 0.6445313 0.1367187 0.6640625 0.109375 0.7148438 0.1210937 0.71875 0.09375 0.6953125 0.1132812 0.6953125 0.1132812 0.6953125 0.1445312 0.7148438 0.1210937 0.6953125 0.1445312 0.6953125 0.1132812 0.6679688 0.140625 0.71875 0.1523437 0.7148438 0.1210937 0.6953125 0.1445312 0.6679688 0.140625 0.6875 0.1796875 0.6953125 0.1445312 0.71875 0.1523437 0.6953125 0.1445312 0.6875 0.1796875 0.5820313 0.4609375 0.5429688 0.4023438 0.59375 0.3984375 0.7265625 0.171875 0.71875 0.1523437 0.703125 0.1835937 0.6875 0.1796875 0.703125 0.1835937 0.71875 0.1523437 0.5507813 0.3320313 0.59375 0.3984375 0.5429688 0.4023438 0.59375 0.3984375 0.5507813 0.3320313 0.5976563 0.28125 0.5078125 0.28125 0.5507813 0.3320313 0.5 0.3554688 0.5507813 0.3320313 0.5078125 0.28125 0.5546875 0.2304687 0.5429688 0.4023438 0.5 0.3554688 0.5507813 0.3320313 0.5546875 0.2304687 0.5976563 0.28125 0.5507813 0.3320313 0.5 0.3554688 0.5429688 0.4023438 0.4921875 0.3828125 0.4921875 0.3828125 0.4609375 0.3242188 0.5 0.3554688 0.5078125 0.28125 0.5 0.3554688 0.4609375 0.3242188 0.59375 0.1914062 0.5546875 0.2304687 0.546875 0.1210937 0.5976563 0.28125 0.5546875 0.2304687 0.59375 0.1914062 0.5078125 0.1875 0.546875 0.1210937 0.5546875 0.2304687 0.5078125 0.1875 0.5546875 0.2304687 0.5078125 0.28125 0.9140625 0.1445312 0.90625 0.125 0.8984375 0.140625 0.546875 0.1210937 0.5078125 0.1875 0.5 0.1171875 0.2734375 0.1328125 0.2148437 0.1953125 0.2695313 0.1835937 0.2148437 0.3398438 0.2695313 0.1835937 0.2148437 0.1953125 0.2148437 0.1953125 0.1679687 0.2617188 0.2148437 0.3398438 0.4257813 0.3476563 0.4140625 0.3203125 0.4609375 0.3242188 0.4609375 0.3242188 0.4570313 0.3515625 0.4257813 0.3476563 0.4609375 0.3242188 0.4921875 0.3828125 0.4570313 0.3515625 0.4609375 0.3242188 0.4570313 0.3515625 0.4921875 0.3828125 0.4609375 0.3242188 0.4257813 0.3476563 0.4570313 0.3515625 0.4609375 0.2148437 0.4609375 0.3242188 0.5078125 0.28125 0.4609375 0.2148437 0.4140625 0.3203125 0.4609375 0.3242188 0.5 0.3554688 0.5078125 0.28125 0.4609375 0.3242188 0.4609375 0.3242188 0.4921875 0.3828125 0.5 0.3554688 0.4257813 0.3476563 0.4609375 0.3242188 0.4140625 0.3203125 0.4023438 0.359375 0.4140625 0.3203125 0.3789063 0.3789063 0.4140625 0.3203125 0.4023438 0.359375 0.4257813 0.3476563 0.4140625 0.3203125 0.4609375 0.2148437 0.4023438 0.2890625 0.4023438 0.2890625 0.3789063 0.3789063 0.4140625 0.3203125 0.4023438 0.359375 0.3789063 0.3789063 0.375 0.390625 0.3632813 0.3554688 0.375 0.390625 0.3789063 0.3789063 0.3789063 0.3789063 0.3828125 0.2890625 0.3632813 0.3554688 0.3789063 0.3789063 0.4023438 0.2890625 0.3828125 0.2890625 0.375 0.390625 0.3789063 0.3789063 0.4023438 0.359375 0.375 0.390625 0.3632813 0.3554688 0.3789063 0.3789063 0.4023438 0.2226562 0.3828125 0.2890625 0.4023438 0.2890625 0.4023438 0.2226562 0.4023438 0.2890625 0.4609375 0.2148437 0.4140625 0.3203125 0.4023438 0.359375 0.3789063 0.3789063 0.4140625 0.3203125 0.4257813 0.3476563 0.4023438 0.359375 0.6484375 0.546875 0.6640625 0.4609375 0.6640625 0.5820313 0.6757813 0.53125 0.6640625 0.5820313 0.6640625 0.4609375 0.171875 0.3515625 0.2148437 0.3398438 0.1679687 0.2617188 0.1679687 0.2617188 0.2148437 0.3398438 0.171875 0.3515625 0.171875 0.3515625 0.109375 0.3671875 0.1679687 0.2617188 0.6757813 0.53125 0.6640625 0.4609375 0.7109375 0.4140625 0.3203125 0.4648438 0.3203125 0.3242188 0.2695313 0.4648438 0.359375 0.3164063 0.3632813 0.15625 0.3203125 0.3242188 0.3203125 0.3242188 0.3203125 0.4648438 0.359375 0.3164063 0.359375 0.4648438 0.359375 0.3164063 0.3203125 0.4648438 0.359375 0.4648438 0.40625 0.4648438 0.359375 0.3164063 0.40625 0.3242188 0.359375 0.3164063 0.40625 0.4648438 0.359375 0.3164063 0.40625 0.3242188 0.3632813 0.15625 0.40625 0.3242188 0.453125 0.171875 0.40625 0.1484375 0.40625 0.3242188 0.4570313 0.3125 0.453125 0.171875 0.40625 0.4648438 0.4570313 0.4648438 0.40625 0.3242188 0.4570313 0.3125 0.40625 0.3242188 0.4570313 0.4648438 0.40625 0.1484375 0.3632813 0.15625 0.40625 0.3242188 0.4570313 0.4648438 0.5195313 0.4648438 0.4570313 0.3125 0.5117188 0.3085938 0.4570313 0.3125 0.5195313 0.4648438 0.5117188 0.3085938 0.453125 0.171875 0.4570313 0.3125 0.5195313 0.4648438 0.5703125 0.4648438 0.5117188 0.3085938 0.453125 0.171875 0.5117188 0.3085938 0.5 0.1875 0.5625 0.2851563 0.5 0.1875 0.5117188 0.3085938 0.5625 0.2851563 0.5117188 0.3085938 0.5703125 0.4648438 0.5703125 0.4648438 0.6132813 0.4648438 0.5625 0.2851563 0.6054688 0.2734375 0.5625 0.2851563 0.6132813 0.4648438 0.5507813 0.1445312 0.5 0.1875 0.5625 0.2851563 0.5625 0.2851563 0.6054688 0.2734375 0.5507813 0.1445312 0.7460938 0.2148437 0.5390625 0.2617188 0.6835938 0.2695313 0.5390625 0.2617188 0.7460938 0.2148437 0.625 0.1992187 0.5976563 0.125 0.5507813 0.1445312 0.6054688 0.2734375 0.6328125 0.34375 0.6835938 0.2695313 0.5390625 0.2617188 0.5390625 0.2617188 0.4882813 0.3398438 0.6328125 0.34375 0.5703125 0.4648438 0.5195313 0.4648438 0.5117188 0.3085938 0.5117188 0.3085938 0.5625 0.2851563 0.5703125 0.4648438 0.6132813 0.4648438 0.5703125 0.4648438 0.5625 0.2851563 0.8007813 0.1875 0.625 0.1992187 0.7460938 0.2148437 0.625 0.1992187 0.8007813 0.1875 0.7382813 0.1679687 0.4570313 0.3125 0.5117188 0.3085938 0.5195313 0.4648438 0.5195313 0.4648438 0.4570313 0.4648438 0.4570313 0.3125 0.8632813 0.1640625 0.7382813 0.1679687 0.8007813 0.1875 0.5976563 0.4257813 0.7539063 0.4296875 0.6328125 0.34375 0.5976563 0.4257813 0.6328125 0.34375 0.4882813 0.3398438 0.984375 0.2617188 0.984375 0.2890625 0.9882813 0.2617188 0.9882813 0.2617188 0.9882813 0.2539063 0.984375 0.2617188 0.9882813 0.2460937 0.984375 0.2617188 0.9882813 0.2539063 0.6796875 0.296875 0.6875 0.296875 0.6835938 0.265625 0.6914063 0.2617188 0.6835938 0.265625 0.6875 0.296875 0.6835938 0.265625 0.6914063 0.2617188 0.703125 0.2382812 0.6875 0.296875 0.6796875 0.296875 0.6914063 0.2617188 0.6835938 0.265625 0.6914063 0.2617188 0.6796875 0.296875 0.6835938 0.265625 0.703125 0.2382812 0.6914063 0.2617188 0.6796875 0.296875 0.6601563 0.2773438 0.6523438 0.3007813 0.6484375 0.9492188 0.6992188 0.953125 0.6914063 0.9296875 0.6367188 0.2773438 0.6523438 0.3007813 0.6601563 0.2773438 0.6914063 0.9296875 0.6757813 0.9140625 0.6484375 0.9492188 0.6601563 0.8671875 0.6484375 0.9492188 0.6757813 0.9140625 0.5625 0.9648438 0.578125 0.890625 0.4375 0.890625 0.4375 0.890625 0.46875 0.9609375 0.5625 0.9648438 0.9335938 0.3515625 0.9375 0.3515625 0.9335938 0.3164063 0.9375 0.3164063 0.9335938 0.3164063 0.9375 0.3515625 0.9335938 0.3007813 0.9335938 0.3164063 0.9375 0.3164063 0.9375 0.2890625 0.9335938 0.3007813 0.9375 0.3007813 0.9375 0.3164063 0.9375 0.3007813 0.9335938 0.3007813 0.9375 0.3007813 0.9453125 0.3007813 0.9375 0.2890625 0.9375 0.3164063 0.9453125 0.3007813 0.9375 0.3007813 0.9765625 0.2851563 0.96875 0.2851563 0.96875 0.3007813 0.96875 0.3007813 0.9765625 0.3007813 0.9765625 0.2851563 0.984375 0.3164063 0.984375 0.3515625 0.9882813 0.3515625 0.9648438 0.2851563 0.96875 0.3007813 0.96875 0.2851563 0.96875 0.3007813 0.9648438 0.2851563 0.9648438 0.3007813 0.9570313 0.2890625 0.9648438 0.3007813 0.9648438 0.2851563 0.9570313 0.2890625 0.953125 0.3007813 0.9648438 0.3007813 0.9570313 0.2890625 0.9492188 0.265625 0.9492188 0.2890625 0.53125 0.7265625 0.6484375 0.7265625 0.5507813 0.6289063 0.6992188 0.2695313 0.703125 0.4648438 0.75 0.4648438 0.75 0.4648438 0.75 0.2851563 0.6992188 0.2695313 0.5625 0.2851563 0.6054688 0.2734375 0.6132813 0.4648438 0.5976563 0.125 0.6445313 0.1171875 0.6054688 0.2734375 0.4492188 0.4257813 0.5976563 0.4257813 0.4257813 0.5273438 0.4492188 0.4257813 0.4882813 0.3398438 0.5976563 0.4257813 0.4101563 0.6289063 0.4257813 0.5273438 0.5507813 0.6289063 0.5703125 0.5234375 0.4257813 0.5273438 0.5976563 0.4257813 0.5703125 0.5234375 0.5507813 0.6289063 0.4257813 0.5273438 0.5507813 0.6289063 0.53125 0.7265625 0.4101563 0.6289063 0.4179688 0.7265625 0.4101563 0.6289063 0.53125 0.7265625 0.8046875 0.1914062 0.8398438 0.34375 0.8007813 0.3164063 0.8046875 0.1914062 0.8476563 0.2382812 0.8398438 0.34375 0.53125 0.7265625 0.4179688 0.8046875 0.4179688 0.7265625 0.53125 0.7265625 0.5195313 0.8046875 0.4179688 0.8046875 0.578125 0.890625 0.4179688 0.8046875 0.5195313 0.8046875 0.6796875 0.296875 0.6523438 0.3007813 0.6601563 0.2773438 0.6367188 0.2773438 0.6601563 0.2773438 0.6523438 0.3007813 0.9453125 0.234375 0.9453125 0.2382812 0.9414063 0.234375 0.9492188 0.25 0.9570313 0.25 0.9492188 0.265625 0.7578125 0.9140625 0.7304688 0.9257813 0.71875 0.8984375 0.9492188 0.265625 0.9453125 0.25 0.9492188 0.25 0.9453125 0.2382812 0.9453125 0.25 0.9414063 0.2382812 0.9414063 0.2382812 0.9414063 0.234375 0.9453125 0.2382812 0.578125 0.890625 0.5195313 0.8046875 0.6054688 0.8046875 0.9570313 0.265625 0.9492188 0.265625 0.9570313 0.25 0.9570313 0.265625 0.9609375 0.265625 0.9648438 0.2851563 0.9648438 0.2851563 0.9570313 0.2890625 0.9570313 0.265625 0.9492188 0.265625 0.9570313 0.265625 0.9570313 0.2890625 0.9570313 0.2890625 0.9492188 0.2890625 0.9492188 0.265625 0.9570313 0.2890625 0.9492188 0.3007813 0.9492188 0.2890625 0.9570313 0.2890625 0.9648438 0.2851563 0.9648438 0.3007813 0.9648438 0.3007813 0.953125 0.3007813 0.9570313 0.2890625 0.9492188 0.3007813 0.9570313 0.2890625 0.953125 0.3007813 0.953125 0.3007813 0.953125 0.3164063 0.9492188 0.3007813 0.953125 0.3164063 0.953125 0.3007813 0.9648438 0.3164063 0.9648438 0.3007813 0.9648438 0.3164063 0.953125 0.3007813 0.96875 0.3164063 0.96875 0.3515625 0.9648438 0.3164063 0.9648438 0.3164063 0.96875 0.3007813 0.96875 0.3164063 0.9648438 0.3164063 0.9609375 0.3515625 0.953125 0.3164063 0.9609375 0.3515625 0.9648438 0.3164063 0.96875 0.3515625 0.9648438 0.3007813 0.96875 0.3007813 0.9648438 0.3164063 0.9492188 0.3164063 0.9492188 0.3007813 0.953125 0.3164063 0.953125 0.3164063 0.9570313 0.3515625 0.9492188 0.3164063 0.9570313 0.3515625 0.953125 0.3164063 0.9609375 0.3515625 0.9492188 0.3007813 0.9492188 0.3164063 0.9453125 0.3164063 0.9492188 0.3515625 0.9453125 0.3164063 0.9492188 0.3164063 0.9492188 0.3164063 0.9570313 0.3515625 0.9492188 0.3515625 0.96875 0.3007813 0.9648438 0.3007813 0.9648438 0.2851563 0.96875 0.2851563 0.9648438 0.2851563 0.9609375 0.265625 0.9648438 0.2851563 0.96875 0.2851563 0.96875 0.3007813 0.9609375 0.265625 0.96875 0.2773438 0.96875 0.2851563 0.6171875 0.1679687 0.6445313 0.171875 0.6171875 0.203125 0.6445313 0.1992187 0.6171875 0.203125 0.6445313 0.171875 0.96875 0.2773438 0.9765625 0.2773438 0.96875 0.2773438 0.6328125 0.34375 0.5976563 0.4257813 0.4882813 0.3398438 0.7460938 0.2148437 0.8007813 0.1875 0.8789063 0.25 0.9140625 0.2265625 0.8789063 0.25 0.8007813 0.1875 0.8007813 0.1875 0.8632813 0.1640625 0.9140625 0.2265625 0.6523438 0.1835937 0.6484375 0.0703125 0.6953125 0.171875 0.9140625 0.2265625 0.8632813 0.1640625 0.9453125 0.21875 0.984375 0.2109375 0.9453125 0.21875 0.8632813 0.1640625 0.359375 0.04296875 0.3632813 0.15625 0.3203125 0.07421875 0.5078125 0.28125 0.5078125 0.1875 0.4609375 0.2148437 0.5078125 0.28125 0.5 0.3554688 0.5507813 0.3320313 0.7070313 0.08203125 0.71875 0.09375 0.6835938 0.1015625 0.6953125 0.1132812 0.6835938 0.1015625 0.71875 0.09375 0.6953125 0.1445312 0.6679688 0.140625 0.6953125 0.1132812 0.6953125 0.1445312 0.6875 0.1796875 0.6679688 0.140625 0.703125 0.1835937 0.6835938 0.2109375 0.6875 0.1796875 0.6835938 0.2109375 0.703125 0.1835937 0.6953125 0.2109375 0.9882813 0.2460937 0.9882813 0.2539063 0.984375 0.2617188 0.984375 0.2617188 0.984375 0.2617188 0.9882813 0.2460937 0.9882813 0.2617188 0.984375 0.2617188 0.9882813 0.2539063 0.9375 0.265625 0.9375 0.2890625 0.9335938 0.2617188 0.9921875 0.2890625 0.984375 0.2890625 0.9882813 0.2617188 0.984375 0.2617188 0.9882813 0.2617188 0.984375 0.2890625 0.9335938 0.2890625 0.9335938 0.2617188 0.9375 0.2890625 0.9375 0.2890625 0.9375 0.265625 0.9375 0.2890625 0.9375 0.2890625 0.9375 0.2890625 0.9335938 0.3007813 0.9335938 0.3007813 0.9335938 0.2890625 0.9375 0.2890625 0.9921875 0.2890625 0.9921875 0.3007813 0.984375 0.2890625 0.9335938 0.2890625 0.9335938 0.3007813 0.9335938 0.3007813 0.9921875 0.3007813 0.9921875 0.3164063 0.9882813 0.3007813 0.9335938 0.3164063 0.9335938 0.3007813 0.9335938 0.3007813 0.9882813 0.3007813 0.984375 0.2890625 0.9921875 0.3007813 0.9882813 0.3164063 0.9882813 0.3007813 0.9921875 0.3164063 0.984375 0.2890625 0.9882813 0.3007813 0.984375 0.3007813 0.9882813 0.3164063 0.984375 0.3007813 0.9882813 0.3007813 0.9921875 0.3164063 0.9921875 0.3515625 0.9882813 0.3164063 0.9882813 0.3164063 0.984375 0.3164063 0.984375 0.3007813 0.9882813 0.3164063 0.9882813 0.3515625 0.984375 0.3164063 0.9882813 0.3515625 0.9882813 0.3164063 0.9921875 0.3515625 0.08984375 0.9726563 0.09765625 0.9726563 0.0859375 0.9921875 0.1992187 0.9726563 0.1953125 0.9921875 0.1914062 0.9726563 0.984375 0.3515625 0.984375 0.3164063 0.9882813 0.3515625 0.09375 0.9921875 0.0859375 0.9921875 0.09765625 0.9726563 0.1914062 0.9921875 0.1914062 0.9726563 0.1953125 0.9921875 0.1015625 0.9921875 0.09375 0.9921875 0.1015625 0.9726563 0.09765625 0.9726563 0.1015625 0.9726563 0.09375 0.9921875 0.9335938 0.3515625 0.9335938 0.3164063 0.9335938 0.3515625 0.9335938 0.3164063 0.9335938 0.3515625 0.9335938 0.3164063 0.9335938 0.3164063 0.9335938 0.3007813 0.9335938 0.3164063 0.984375 0.2890625 0.9804688 0.2734375 0.984375 0.2617188 0.984375 0.2890625 0.9804688 0.2851563 0.9804688 0.2734375 0.984375 0.2890625 0.984375 0.3007813 0.9804688 0.2851563 0.9453125 0.25 0.9492188 0.265625 0.9453125 0.265625 0.9375 0.3007813 0.9335938 0.3007813 0.9375 0.2890625 0.9492188 0.3515625 0.9453125 0.3515625 0.9453125 0.3164063 0.6289063 0.078125 0.6445313 0.1054687 0.6210938 0.1015625 0.6289063 0.8945313 0.625 0.9140625 0.6289063 0.90625 0.625 0.921875 0.6289063 0.90625 0.625 0.9140625 0.625 0.9140625 0.6289063 0.90625 0.6289063 0.90625 0.6289063 0.90625 0.625 0.921875 0.625 0.9140625 0.6289063 0.8945313 0.6289063 0.90625 0.6289063 0.90625 0.6289063 0.90625 0.6289063 0.890625 0.6289063 0.8945313 0.6289063 0.890625 0.6289063 0.90625 0.6289063 0.9023438 0.625 0.90625 0.6289063 0.90625 0.625 0.9140625 0.625 0.90625 0.6289063 0.9023438 0.6289063 0.90625 0.625 0.90625 0.625 0.8789063 0.6289063 0.9023438 0.625 0.9140625 0.6210938 0.9023438 0.625 0.90625 0.625 0.90625 0.6210938 0.8945313 0.625 0.8789063 0.6210938 0.8945313 0.625 0.90625 0.6210938 0.9023438 0.6210938 0.9023438 0.625 0.9140625 0.625 0.921875 0.625 0.921875 0.6210938 0.90625 0.6210938 0.9023438 0.6210938 0.9023438 0.6210938 0.90625 0.6171875 0.890625 0.6171875 0.890625 0.6210938 0.8945313 0.6210938 0.9023438 0.6171875 0.8867188 0.6210938 0.90625 0.6171875 0.890625 0.6171875 0.8867188 0.6171875 0.890625 0.6210938 0.90625 0.625 0.921875 0.6171875 0.890625 0.6210938 0.90625 0.6171875 0.890625 0.6171875 0.8632813 0.6171875 0.8867188 0.6171875 0.8632813 0.6171875 0.890625 0.6171875 0.8632813 0.625 0.921875 0.6210938 0.8789063 0.6171875 0.890625 0.6171875 0.8632813 0.6171875 0.890625 0.6210938 0.8789063 0.6171875 0.8632813 0.6210938 0.8789063 0.6171875 0.8671875 0.6171875 0.8671875 0.6171875 0.84375 0.6171875 0.8632813 0.6171875 0.8632813 0.6171875 0.8632813 0.6171875 0.84375 0.6171875 0.84375 0.6171875 0.8632813 0.6171875 0.84375 0.6171875 0.84375 0.6171875 0.8476563 0.6171875 0.8632813 0.6171875 0.84375 0.6171875 0.828125 0.6171875 0.84375 0.6132813 0.828125 0.6171875 0.84375 0.6171875 0.828125 0.6171875 0.84375 0.6132813 0.828125 0.6171875 0.8476563 0.6171875 0.8671875 0.6171875 0.8632813 0.6171875 0.8476563 0.6171875 0.828125 0.6171875 0.8476563 0.6132813 0.828125 0.6171875 0.8476563 0.6171875 0.8476563 0.6171875 0.8671875 0.6171875 0.8476563 0.6171875 0.8476563 0.6171875 0.828125 0.6171875 0.828125 0.6132813 0.828125 0.6171875 0.8085938 0.6171875 0.828125 0.6171875 0.8476563 0.6171875 0.828125 0.6171875 0.8476563 0.6171875 0.828125 0.6171875 0.8476563 0.6171875 0.8085938 0.6171875 0.8085938 0.6171875 0.828125 0.6171875 0.828125 0.6171875 0.828125 0.6171875 0.8085938 0.6171875 0.828125 0.6171875 0.8085938 0.625 0.8085938 0.625 0.8085938 0.6210938 0.828125 0.6171875 0.828125 0.6171875 0.8476563 0.6171875 0.828125 0.6210938 0.828125 0.625 0.828125 0.625 0.8476563 0.6210938 0.828125 0.6210938 0.828125 0.625 0.8085938 0.625 0.828125 0.6210938 0.828125 0.6210938 0.8476563 0.6171875 0.8476563 0.6210938 0.8476563 0.6210938 0.828125 0.625 0.8476563 0.6289063 0.8789063 0.625 0.8789063 0.625 0.8476563 0.625 0.8476563 0.6289063 0.8476563 0.6289063 0.8789063 0.6210938 0.8476563 0.625 0.8476563 0.625 0.8789063 0.6289063 0.8476563 0.625 0.8476563 0.6289063 0.828125 0.625 0.828125 0.6289063 0.828125 0.625 0.8476563 0.6289063 0.828125 0.6328125 0.84375 0.6289063 0.8476563 0.6328125 0.84375 0.6289063 0.828125 0.6328125 0.828125 0.6289063 0.828125 0.625 0.828125 0.6289063 0.8085938 0.6289063 0.8085938 0.6328125 0.828125 0.6289063 0.828125 0.6328125 0.828125 0.6328125 0.8085938 0.6328125 0.828125 0.6328125 0.828125 0.6289063 0.8085938 0.6328125 0.8085938 0.6328125 0.828125 0.6328125 0.828125 0.6328125 0.84375 0.6328125 0.828125 0.6289063 0.8085938 0.6289063 0.828125 0.6328125 0.828125 0.6328125 0.8085938 0.6289063 0.8085938 0.6328125 0.84375 0.6328125 0.828125 0.6328125 0.84375 0.6289063 0.828125 0.6328125 0.84375 0.6328125 0.828125 0.6328125 0.8085938 0.6328125 0.828125 0.6328125 0.8085938 0.6289063 0.7265625 0.6289063 0.8085938 0.6328125 0.8085938 0.6289063 0.7265625 0.6328125 0.8085938 0.6289063 0.7265625 0.6328125 0.8085938 0.6289063 0.7265625 0.6328125 0.8085938 0.6289063 0.7265625 0.6289063 0.8085938 0.6289063 0.7265625 0.6289063 0.7265625 0.6328125 0.8085938 0.6289063 0.8085938 0.625 0.7265625 0.6289063 0.7265625 0.6289063 0.8085938 0.625 0.7265625 0.625 0.7265625 0.625 0.8085938 0.6289063 0.8085938 0.625 0.8085938 0.625 0.7265625 0.625 0.8085938 0.625 0.8085938 0.625 0.7265625 0.625 0.8085938 0.6289063 0.8085938 0.625 0.828125 0.625 0.8085938 0.625 0.828125 0.625 0.8085938 0.6210938 0.7265625 0.625 0.7265625 0.625 0.8085938 0.6171875 0.8085938 0.6171875 0.8085938 0.6210938 0.7265625 0.6210938 0.7265625 0.625 0.8085938 0.6171875 0.8085938 0.6171875 0.7265625 0.6210938 0.7265625 0.6171875 0.8085938 0.6171875 0.7265625 0.6171875 0.7265625 0.6171875 0.8085938 0.6171875 0.8085938 0.6171875 0.8085938 0.6171875 0.7265625 0.6171875 0.7265625 0.6171875 0.8085938 0.6210938 0.7265625 0.6171875 0.8085938 0.6171875 0.8085938 0.6132813 0.828125 0.6171875 0.8085938 0.6210938 0.7265625 0.6171875 0.8085938 0.6171875 0.8085938 0.6132813 0.828125 0.6171875 0.8085938 0.6210938 0.7265625 0.6171875 0.8085938 0.6210938 0.7265625 0.6171875 0.8085938 0.6210938 0.7265625 0.6171875 0.8085938 0.6171875 0.8085938 0.6171875 0.828125 0.6171875 0.8085938 0.6171875 0.8085938 0.6171875 0.828125 0.6171875 0.828125 0.6171875 0.828125 0.6171875 0.8085938 0.6132813 0.828125 0.625 0.8085938 0.6171875 0.8085938 0.6171875 0.828125 0.6171875 0.828125 0.6210938 0.828125 0.625 0.8085938 0.6171875 0.828125 0.6171875 0.84375 0.6210938 0.828125 0.6171875 0.84375 0.6171875 0.828125 0.6171875 0.828125 0.6289063 0.8085938 0.625 0.8085938 0.6210938 0.828125 0.6210938 0.828125 0.6289063 0.828125 0.6289063 0.8085938 0.6210938 0.828125 0.6210938 0.8398438 0.6289063 0.828125 0.6210938 0.8398438 0.6210938 0.828125 0.6171875 0.84375 0.6171875 0.84375 0.6171875 0.8671875 0.6210938 0.8398438 0.6210938 0.8671875 0.6210938 0.8398438 0.6171875 0.8671875 0.6289063 0.8398438 0.6289063 0.828125 0.6210938 0.8398438 0.6210938 0.8398438 0.6210938 0.8671875 0.6289063 0.8398438 0.6289063 0.84375 0.6289063 0.8398438 0.6289063 0.8632813 0.6289063 0.8398438 0.6289063 0.84375 0.6289063 0.828125 0.625 0.8671875 0.6289063 0.8398438 0.6210938 0.8671875 0.625 0.8671875 0.6289063 0.8632813 0.6289063 0.8398438 0.6289063 0.8632813 0.6328125 0.8867188 0.6328125 0.8789063 0.6328125 0.8789063 0.6328125 0.8632813 0.6289063 0.8632813 0.6328125 0.8867188 0.6289063 0.8632813 0.625 0.8671875 0.6328125 0.84375 0.6289063 0.8632813 0.6328125 0.8632813 0.6289063 0.8632813 0.6328125 0.84375 0.6289063 0.84375 0.6328125 0.8789063 0.6328125 0.8828125 0.6328125 0.8632813 0.6328125 0.8671875 0.6328125 0.8632813 0.6328125 0.8828125 0.6328125 0.8632813 0.6328125 0.8671875 0.6328125 0.84375 0.6328125 0.8828125 0.6289063 0.890625 0.6328125 0.8671875 0.6289063 0.875 0.6328125 0.8671875 0.6289063 0.890625 0.6328125 0.8671875 0.6289063 0.875 0.6328125 0.84375 0.6328125 0.84375 0.6328125 0.84375 0.6328125 0.8671875 0.6289063 0.875 0.6289063 0.8789063 0.6289063 0.8476563 0.6289063 0.8476563 0.6328125 0.84375 0.6289063 0.875 0.6289063 0.890625 0.6289063 0.9023438 0.6289063 0.875 0.6289063 0.8789063 0.6289063 0.875 0.6289063 0.9023438 0.6328125 0.890625 0.6328125 0.8789063 0.6328125 0.8867188 0.6289063 0.828125 0.6289063 0.84375 0.6328125 0.84375 0.6289063 0.828125 0.6289063 0.828125 0.6289063 0.84375 0.6289063 0.8085938 0.6289063 0.8085938 0.6289063 0.828125 0.6289063 0.828125 0.6289063 0.828125 0.6289063 0.8085938 0.6289063 0.8085938 0.625 0.7265625 0.625 0.8085938 0.6289063 0.8085938 0.6289063 0.8085938 0.625 0.7265625 0.6289063 0.7265625 0.625 0.7265625 0.6289063 0.8085938 0.625 0.7265625 0.625 0.8085938 0.625 0.7265625 0.6289063 0.8085938 0.6289063 0.7265625 0.6289063 0.7265625 0.6210938 0.7265625 0.6171875 0.8085938 0.625 0.7265625 0.625 0.8085938 0.625 0.7265625 0.6171875 0.8085938 0.6289063 0.9023438 0.625 0.8789063 0.6289063 0.8789063 0.625 0.8789063 0.6171875 0.8476563 0.6210938 0.8476563 0.625 0.8789063 0.6171875 0.8710938 0.6171875 0.8476563 0.6171875 0.8476563 0.6171875 0.8476563 0.6171875 0.8710938 0.6171875 0.8710938 0.6171875 0.8671875 0.6171875 0.8476563 0.6210938 0.8945313 0.6171875 0.8828125 0.6171875 0.8710938 0.6171875 0.8671875 0.6171875 0.8710938 0.6171875 0.8828125 0.6171875 0.8710938 0.625 0.8789063 0.6210938 0.8945313 0.6171875 0.8828125 0.6171875 0.8867188 0.6171875 0.8671875 0.6171875 0.8867188 0.6171875 0.8828125 0.6171875 0.890625 0.6210938 0.8945313 0.6171875 0.890625 0.6171875 0.8828125 0.6171875 0.8671875 0.6171875 0.8867188 0.6171875 0.8632813 0.6210938 0.8671875 0.6171875 0.8671875 0.6210938 0.8789063 0.6328125 0.8828125 0.6289063 0.8945313 0.6289063 0.890625 0.625 0.5 0.375 0.5 0.625 0.75 0.375 0.75 0.625 0.75 0.375 0.5 0.7695313 0.421875 0.8828125 0.421875 0.8515625 0.359375 0.7695313 0.421875 0.8515625 0.359375 0.7695313 0.359375 0.984375 0.46875 0.921875 0.4726563 0.984375 0.4765625 0.7695313 0.359375 0.65625 0.3554688 0.7695313 0.421875 0.984375 0.4609375 0.921875 0.4609375 0.984375 0.46875 0.6289063 0.453125 0.7695313 0.421875 0.65625 0.3554688 0.921875 0.4726563 0.984375 0.46875 0.921875 0.4609375 0.65625 0.3554688 0.5273438 0.359375 0.6289063 0.453125 0.5273438 0.359375 0.65625 0.3554688 0.4960938 0.1992187 0.6992188 0.2070312 0.4960938 0.1992187 0.65625 0.3554688 0.65625 0.3554688 0.7695313 0.359375 0.6992188 0.2070312 0.4023438 0.3554688 0.4960938 0.1992187 0.2929688 0.375 0.4960938 0.1992187 0.4023438 0.3554688 0.5273438 0.359375 0.2382812 0.1992187 0.2929688 0.375 0.4960938 0.1992187 0.4960938 0.1992187 0.2382812 0.09375 0.2382812 0.1992187 0.2382812 0.09375 0.4960938 0.1992187 0.5 0.09375 0.6953125 0.09375 0.5 0.09375 0.4960938 0.1992187 0.4960938 0.1992187 0.6992188 0.2070312 0.6953125 0.09375 0.5 0.09375 0.6953125 0.09375 0.6914063 0.01171875 0.6953125 0.09375 0.6992188 0.2070312 0.8867188 0.09375 0.8789063 0.01171875 0.6914063 0.01171875 0.6953125 0.09375 0.6953125 0.09375 0.8867188 0.09375 0.8789063 0.01171875 0.8867188 0.09375 0.875 0.203125 0.9335938 0.2070312 0.875 0.203125 0.8867188 0.09375 0.6992188 0.2070312 0.9335938 0.2070312 0.9570313 0.09765625 0.8867188 0.09375 0.9492188 0.01171875 0.8867188 0.09375 0.9570313 0.09765625 0.9492188 0.01171875 0.8789063 0.01171875 0.8867188 0.09375 0.9570313 0.09765625 0.9765625 0.01171875 0.9492188 0.01171875 0.6445313 0.9960938 0.8867188 0.90625 0.8867188 0.9960938 0.8867188 0.9960938 0.875 0.90625 0.875 0.9960938 0.875 0.90625 0.8867188 0.9960938 0.8867188 0.90625 0.6171875 0.8515625 0.46875 0.8398438 0.7695313 0.8398438 0.8867188 0.90625 0.6445313 0.9960938 0.6445313 0.90625 0.9101563 0.8164063 0.7695313 0.8398438 0.46875 0.8398438 0.65625 0.90625 0.6445313 0.90625 0.6445313 0.9960938 0.6445313 0.9960938 0.65625 0.9960938 0.65625 0.90625 0.46875 0.8398438 0.3671875 0.8164063 0.9101563 0.8164063 0.6640625 0.90625 0.65625 0.90625 0.65625 0.9960938 0.9570313 0.09765625 0.8867188 0.09375 0.9492188 0.01171875 0.8789063 0.01171875 0.9492188 0.01171875 0.8867188 0.09375 0.65625 0.9960938 0.6640625 0.9960938 0.6640625 0.90625 0.9570313 0.09765625 0.9492188 0.01171875 0.9765625 0.01171875 0.96875 0.2070312 0.9335938 0.2070312 0.9570313 0.09765625 0.96875 0.2070312 0.9570313 0.09765625 0.9882813 0.1054687 0.9765625 0.01171875 0.9882813 0.1054687 0.9570313 0.09765625 0.8867188 0.09375 0.9570313 0.09765625 0.9335938 0.2070312 0.9882813 0.1054687 0.9570313 0.09765625 0.96875 0.2070312 0.9882813 0.1054687 0.9765625 0.01171875 0.9570313 0.09765625 0.9335938 0.2070312 0.96875 0.2070312 0.90625 0.359375 0.90625 0.359375 0.8515625 0.359375 0.9335938 0.2070312 0.875 0.203125 0.9335938 0.2070312 0.8515625 0.359375 0.9335938 0.2070312 0.875 0.203125 0.8867188 0.09375 0.8515625 0.359375 0.7695313 0.359375 0.875 0.203125 0.6992188 0.2070312 0.875 0.203125 0.7695313 0.359375 0.875 0.203125 0.6992188 0.2070312 0.6953125 0.09375 0.6953125 0.09375 0.8867188 0.09375 0.875 0.203125 0.8867188 0.09375 0.6953125 0.09375 0.8789063 0.01171875 0.5 0.09375 0.6953125 0.09375 0.6992188 0.2070312 0.6953125 0.09375 0.5 0.09375 0.4960938 0.01171875 0.6914063 0.01171875 0.8789063 0.01171875 0.6953125 0.09375 0.6953125 0.09375 0.4960938 0.01171875 0.6914063 0.01171875 0.7382813 0.9960938 0.7070313 0.90625 0.7070313 0.9960938 0.6796875 0.90625 0.7070313 0.9960938 0.7070313 0.90625 0.7070313 0.9960938 0.6796875 0.90625 0.6796875 0.9960938 0.2382812 0.09375 0.4960938 0.01171875 0.5 0.09375 0.2382812 0.01171875 0.4960938 0.01171875 0.2382812 0.09375 0.3671875 0.8164063 0.2851563 0.75 0.9492188 0.75 0.6796875 0.90625 0.6640625 0.90625 0.6640625 0.9960938 0.9375 0.6796875 0.9492188 0.75 0.2851563 0.75 0.6640625 0.9960938 0.6796875 0.9960938 0.6796875 0.90625 0.2851563 0.75 0.3203125 0.6796875 0.9375 0.6796875 0.2695313 0.5898438 0.9375 0.6796875 0.3203125 0.6796875 0.9375 0.6796875 0.2695313 0.5898438 0.984375 0.5898438 0.8320313 0.90625 0.8007813 0.90625 0.8320313 0.9960938 0.8320313 0.9960938 0.859375 0.90625 0.8320313 0.90625 0.6914063 0.01171875 0.4960938 0.01171875 0.5 0.09375 0.8320313 0.9960938 0.859375 0.9960938 0.859375 0.90625 0.2382812 0.09375 0.5 0.09375 0.4960938 0.01171875 0.4960938 0.01171875 0.2382812 0.01171875 0.2382812 0.09375 0.8007813 0.9960938 0.8320313 0.9960938 0.8007813 0.90625 0.7929688 0.9960938 0.8007813 0.9960938 0.7929688 0.90625 0.8007813 0.90625 0.7929688 0.90625 0.8007813 0.9960938 0.2382812 0.01171875 0.1289062 0.01171875 0.125 0.09375 0.125 0.09375 0.2382812 0.09375 0.2382812 0.01171875 0.2382812 0.09375 0.125 0.09375 0.125 0.1992187 0.04296875 0.203125 0.125 0.1992187 0.125 0.09375 0.125 0.09375 0.0390625 0.1015625 0.04296875 0.203125 0.125 0.09375 0.0546875 0.01171875 0.0390625 0.1015625 0.0546875 0.01171875 0.125 0.09375 0.1289062 0.01171875 0.01953125 0.01171875 0.0390625 0.1015625 0.0546875 0.01171875 0.78125 0.9960938 0.7929688 0.9960938 0.78125 0.90625 0.78125 0.90625 0.7695313 0.90625 0.78125 0.9960938 0.7695313 0.9960938 0.78125 0.9960938 0.7695313 0.90625 0.0390625 0.1015625 0.01953125 0.01171875 0.00390625 0.1132812 0.00390625 0.1132812 0.01953125 0.01171875 0.0390625 0.1015625 0.0546875 0.01171875 0.0390625 0.1015625 0.01953125 0.01171875 0.7695313 0.90625 0.7578125 0.9960938 0.7695313 0.9960938 0.7695313 0.90625 0.7578125 0.90625 0.7578125 0.9960938 0.75 0.9960938 0.7578125 0.9960938 0.7578125 0.90625 0.125 0.09375 0.0546875 0.01171875 0.1289062 0.01171875 0.0546875 0.01171875 0.125 0.09375 0.0390625 0.1015625 0.125 0.09375 0.1289062 0.01171875 0.2382812 0.01171875 0.2382812 0.01171875 0.2382812 0.09375 0.125 0.09375 0.125 0.09375 0.125 0.1992187 0.04296875 0.203125 0.04296875 0.203125 0.0390625 0.1015625 0.125 0.09375 0.125 0.1992187 0.125 0.09375 0.2382812 0.09375 0.1171875 0.3828125 0.125 0.1992187 0.2304687 0.3710938 0.1171875 0.3828125 0.04296875 0.203125 0.125 0.1992187 0.125 0.1992187 0.2382812 0.09375 0.2382812 0.1992187 0.2382812 0.1992187 0.2304687 0.3710938 0.125 0.1992187 0.2382812 0.1992187 0.2929688 0.375 0.2304687 0.3710938 0.1953125 0.4570313 0.2304687 0.3710938 0.2929688 0.375 0.2304687 0.3710938 0.1953125 0.4570313 0.1171875 0.3828125 0.1953125 0.4570313 0.2929688 0.375 0.3320313 0.4609375 0.1171875 0.3828125 0.1953125 0.4570313 0.1171875 0.4453125 0.1953125 0.4570313 0.3320313 0.4609375 0.1953125 0.484375 0.1953125 0.484375 0.1171875 0.4453125 0.1953125 0.4570313 0.1171875 0.4453125 0.1953125 0.484375 0.1953125 0.4570313 0.1953125 0.4570313 0.1171875 0.3828125 0.1171875 0.4453125 0.1171875 0.4453125 0.04296875 0.3515625 0.1171875 0.3828125 0.04296875 0.3515625 0.1171875 0.4453125 0.1171875 0.3828125 0.1171875 0.3828125 0.04296875 0.203125 0.04296875 0.3515625 0.04296875 0.203125 0.1171875 0.3828125 0.04296875 0.3515625 0.04296875 0.3515625 0.0078125 0.203125 0.04296875 0.203125 0.0078125 0.203125 0.04296875 0.3515625 0.04296875 0.203125 0.0078125 0.203125 0.04296875 0.203125 0.0390625 0.1015625 0.0390625 0.1015625 0.00390625 0.1132812 0.0078125 0.203125 0.0390625 0.1015625 0.0078125 0.203125 0.00390625 0.1132812 0.0390625 0.1015625 0.04296875 0.203125 0.0078125 0.203125 0.125 0.1992187 0.04296875 0.203125 0.1171875 0.3828125 0.125 0.1992187 0.1171875 0.3828125 0.2304687 0.3710938 0.1953125 0.4570313 0.2304687 0.3710938 0.1171875 0.3828125 0.2929688 0.375 0.2382812 0.1992187 0.2304687 0.3710938 0.125 0.1992187 0.2304687 0.3710938 0.2382812 0.1992187 0.2304687 0.3710938 0.1953125 0.4570313 0.2929688 0.375 0.3320313 0.4609375 0.1953125 0.4570313 0.1953125 0.484375 0.3320313 0.4609375 0.2929688 0.375 0.1953125 0.4570313 0.1953125 0.484375 0.3242188 0.4882813 0.3320313 0.4609375 0.3320313 0.4609375 0.4453125 0.4257813 0.4726563 0.4023438 0.4726563 0.4023438 0.4023438 0.3554688 0.3320313 0.4609375 0.2929688 0.375 0.3320313 0.4609375 0.4023438 0.3554688 0.4453125 0.4257813 0.3320313 0.4609375 0.3242188 0.4882813 0.3242188 0.4882813 0.3320313 0.4609375 0.4453125 0.4257813 0.3242188 0.4882813 0.1953125 0.484375 0.3320313 0.4609375 0.4726563 0.4023438 0.4453125 0.4257813 0.3320313 0.4609375 0.4453125 0.4257813 0.4726563 0.4023438 0.4726563 0.4726563 0.4726563 0.4726563 0.4726563 0.4023438 0.4453125 0.4257813 0.515625 0.4726563 0.4726563 0.4726563 0.4726563 0.4023438 0.921875 0.4492188 0.984375 0.4492188 0.984375 0.453125 0.4726563 0.4726563 0.515625 0.4726563 0.4726563 0.4023438 0.984375 0.453125 0.984375 0.4492188 0.921875 0.4492188 0.921875 0.4453125 0.921875 0.4492188 0.984375 0.4492188 0.984375 0.4492188 0.921875 0.4492188 0.921875 0.4453125 0.8046875 0.4453125 0.921875 0.4453125 0.921875 0.4492188 0.921875 0.4492188 0.8046875 0.4492188 0.8046875 0.4453125 0.8046875 0.4492188 0.921875 0.4492188 0.921875 0.4609375 0.984375 0.453125 0.921875 0.4609375 0.921875 0.4492188 0.921875 0.4726563 0.921875 0.4609375 0.984375 0.46875 0.921875 0.4726563 0.8046875 0.4609375 0.921875 0.4609375 0.984375 0.4609375 0.984375 0.46875 0.921875 0.4609375 0.8046875 0.4492188 0.921875 0.4609375 0.8046875 0.4609375 0.921875 0.4609375 0.984375 0.453125 0.984375 0.4609375 0.7695313 0.421875 0.6289063 0.453125 0.65625 0.3554688 0.5273438 0.359375 0.65625 0.3554688 0.6289063 0.453125 0.4726563 0.4023438 0.6289063 0.453125 0.515625 0.4726563 0.6289063 0.453125 0.4726563 0.4023438 0.5273438 0.359375 0.65625 0.3554688 0.5273438 0.359375 0.4960938 0.1992187 0.4023438 0.3554688 0.4960938 0.1992187 0.5273438 0.359375 0.5273438 0.359375 0.4726563 0.4023438 0.4023438 0.3554688 0.4960938 0.1992187 0.4023438 0.3554688 0.2382812 0.1992187 0.3320313 0.4609375 0.4023438 0.3554688 0.4726563 0.4023438 0.4023438 0.3554688 0.3320313 0.4609375 0.2929688 0.375 0.2929688 0.375 0.2382812 0.1992187 0.4023438 0.3554688 0.4960938 0.1992187 0.6992188 0.2070312 0.65625 0.3554688 0.2382812 0.1992187 0.5 0.09375 0.4960938 0.1992187 0.6992188 0.2070312 0.4960938 0.1992187 0.5 0.09375 0.7695313 0.421875 0.65625 0.3554688 0.7695313 0.359375 0.7695313 0.359375 0.65625 0.3554688 0.6992188 0.2070312 0.7578125 0.453125 0.8046875 0.4609375 0.7578125 0.4609375 0.8046875 0.4609375 0.7578125 0.453125 0.8046875 0.4492188 0.8046875 0.4609375 0.921875 0.4726563 0.8046875 0.4726563 0.8046875 0.4726563 0.7578125 0.4609375 0.8046875 0.4609375 0.921875 0.4804688 0.8046875 0.4726563 0.921875 0.4726563 0.8046875 0.4804688 0.7578125 0.4726563 0.8046875 0.4726563 0.8046875 0.4726563 0.921875 0.4804688 0.8046875 0.4804688 0.7578125 0.4609375 0.8046875 0.4726563 0.7578125 0.4726563 0.8046875 0.4804688 0.921875 0.4804688 0.921875 0.484375 0.984375 0.4765625 0.921875 0.484375 0.921875 0.4804688 0.921875 0.4804688 0.921875 0.4726563 0.984375 0.4765625 0.8515625 0.359375 0.90625 0.359375 0.8828125 0.421875 0.8828125 0.421875 0.7695313 0.421875 0.8515625 0.359375 0.9335938 0.3671875 0.8828125 0.421875 0.90625 0.359375 0.8828125 0.421875 0.9335938 0.3671875 0.9296875 0.421875 0.984375 0.46875 0.984375 0.4765625 0.921875 0.4726563 0.921875 0.484375 0.984375 0.4765625 0.984375 0.4804688 0.8828125 0.421875 0.9296875 0.421875 0.9335938 0.3671875 0.921875 0.484375 0.984375 0.4804688 0.984375 0.4765625 0.96875 0.2070312 0.90625 0.359375 0.9335938 0.3671875 0.9335938 0.3671875 0.90625 0.359375 0.96875 0.2070312 0.8828125 0.421875 0.9335938 0.3671875 0.90625 0.359375 0.90625 0.359375 0.8515625 0.359375 0.8828125 0.421875 0.8515625 0.359375 0.90625 0.359375 0.9335938 0.2070312 0.96875 0.2070312 0.9335938 0.2070312 0.90625 0.359375 0.921875 0.484375 0.8046875 0.484375 0.8046875 0.4804688 0.8046875 0.484375 0.921875 0.484375 0.921875 0.4804688 0.984375 0.4765625 0.921875 0.4804688 0.921875 0.484375 0.921875 0.4726563 0.8046875 0.4804688 0.921875 0.4804688 0.921875 0.4804688 0.984375 0.4765625 0.921875 0.4726563 0.8046875 0.484375 0.921875 0.4804688 0.8046875 0.4804688 0.8046875 0.4804688 0.921875 0.4726563 0.8046875 0.4726563 0.8046875 0.4726563 0.7578125 0.4726563 0.8046875 0.4804688 0.8046875 0.4804688 0.7578125 0.4804688 0.8046875 0.484375 0.7578125 0.4804688 0.8046875 0.4804688 0.7578125 0.4726563 0.7578125 0.4726563 0.6757813 0.4648438 0.7578125 0.4804688 0.7578125 0.484375 0.7578125 0.4804688 0.6757813 0.4648438 0.7578125 0.484375 0.8046875 0.484375 0.7578125 0.4804688 0.6757813 0.4648438 0.7578125 0.4804688 0.7578125 0.484375 0.8046875 0.484375 0.7578125 0.484375 0.7578125 0.4804688 0.6757813 0.4648438 0.7578125 0.4726563 0.7578125 0.4804688 0.8046875 0.4804688 0.7578125 0.4804688 0.7578125 0.4726563 0.7578125 0.4804688 0.8046875 0.4804688 0.8046875 0.484375 0.6757813 0.4648438 0.7578125 0.4492188 0.7578125 0.453125 0.7578125 0.453125 0.7578125 0.4609375 0.6757813 0.4648438 0.7578125 0.4726563 0.6757813 0.4648438 0.7578125 0.4609375 0.7578125 0.4726563 0.7578125 0.4609375 0.6757813 0.4648438 0.7578125 0.453125 0.6757813 0.4648438 0.7578125 0.4609375 0.6757813 0.4648438 0.7578125 0.453125 0.7578125 0.4492188 0.7578125 0.4492188 0.8046875 0.4453125 0.8046875 0.4492188 0.7578125 0.4492188 0.8046875 0.4492188 0.8046875 0.4453125 0.8046875 0.4492188 0.7578125 0.453125 0.7578125 0.4492188 0.8046875 0.4492188 0.7578125 0.4492188 0.7578125 0.453125 0.921875 0.4453125 0.8046875 0.4453125 0.8046875 0.4492188 0.8046875 0.4492188 0.7578125 0.453125 0.8046875 0.4609375 0.8046875 0.4609375 0.921875 0.4492188 0.8046875 0.4492188 0.921875 0.4453125 0.8046875 0.4492188 0.921875 0.4492188 0.7578125 0.4609375 0.8046875 0.4609375 0.7578125 0.453125 0.8046875 0.4609375 0.7578125 0.4609375 0.8046875 0.4726563 0.8046875 0.4726563 0.921875 0.4609375 0.8046875 0.4609375 0.921875 0.4492188 0.8046875 0.4609375 0.921875 0.4609375 0.7578125 0.4726563 0.8046875 0.4726563 0.7578125 0.4609375 0.921875 0.4609375 0.8046875 0.4726563 0.921875 0.4726563 0.7695313 0.359375 0.8515625 0.359375 0.7695313 0.421875 0.921875 0.4492188 0.921875 0.4609375 0.984375 0.453125 0.5273438 0.359375 0.4726563 0.4023438 0.515625 0.4726563 0.515625 0.4726563 0.6289063 0.453125 0.5273438 0.359375 0.984375 0.4609375 0.984375 0.453125 0.921875 0.4609375 0.4726563 0.4023438 0.5273438 0.359375 0.4023438 0.3554688 0.5 0.09375 0.2382812 0.1992187 0.2382812 0.09375 0.7382813 0.9960938 0.75 0.9960938 0.75 0.90625 0.7578125 0.90625 0.75 0.90625 0.75 0.9960938 0.8085938 0.5234375 0.9179688 0.5507813 0.3359375 0.5507813 0.2695313 0.5898438 0.3359375 0.5507813 0.9179688 0.5507813 0.3359375 0.5507813 0.4453125 0.5234375 0.8085938 0.5234375 0.75 0.90625 0.7382813 0.90625 0.7382813 0.9960938 0.6171875 0.5117188 0.8085938 0.5234375 0.4453125 0.5234375 0.7929688 0.90625 0.78125 0.90625 0.7929688 0.9960938 0.125 0.1992187 0.2382812 0.1992187 0.2382812 0.09375 0.9179688 0.5507813 0.984375 0.5898438 0.2695313 0.5898438 0.7070313 0.90625 0.7382813 0.9960938 0.7382813 0.90625 0.9492188 0.75 0.9101563 0.8164063 0.3671875 0.8164063 0.875 0.90625 0.859375 0.90625 0.859375 0.9960938 0.9335938 0.2070312 0.96875 0.2070312 0.9570313 0.09765625 0.859375 0.9960938 0.875 0.9960938 0.875 0.90625 0.8515625 0.359375 0.9335938 0.2070312 0.875 0.203125 0.875 0.203125 0.7695313 0.359375 0.8515625 0.359375 0.875 0.203125 0.6992188 0.2070312 0.7695313 0.359375 0.9296875 0.421875 0.8828125 0.421875 0.9335938 0.3671875 0.9296875 0.421875 0.9335938 0.3671875 0.8828125 0.421875 0.984375 0.4804688 0.921875 0.484375 0.984375 0.4765625 0.984375 0.4804688 0.984375 0.4765625 0.921875 0.484375 0.90625 0.359375 0.8515625 0.359375 0.8828125 0.421875 0.90625 0.359375 0.8828125 0.421875 0.9335938 0.3671875 0.921875 0.4804688 0.921875 0.484375 0.984375 0.4765625 0.984375 0.4765625 0.921875 0.4726563 0.921875 0.4804688 0.984375 0.4765625 0.984375 0.46875 0.921875 0.4726563 0.7695313 0.421875 0.8828125 0.421875 0.8515625 0.359375 0.8515625 0.359375 0.7695313 0.359375 0.7695313 0.421875 0.8515625 0.359375 0.875 0.203125 0.7695313 0.359375 0.90625 0.359375 0.9335938 0.2070312 0.8515625 0.359375 0.875 0.203125 0.8515625 0.359375 0.9335938 0.2070312 0.6953125 0.09375 0.875 0.203125 0.8867188 0.09375 0.875 0.203125 0.6953125 0.09375 0.6992188 0.2070312 0.6992188 0.2070312 0.7695313 0.359375 0.875 0.203125 0.9335938 0.2070312 0.8867188 0.09375 0.875 0.203125 0.8867188 0.09375 0.9335938 0.2070312 0.9570313 0.09765625 0.9570313 0.09765625 0.9492188 0.01171875 0.8867188 0.09375 0.8867188 0.09375 0.8789063 0.01171875 0.6953125 0.09375 0.8789063 0.01171875 0.8867188 0.09375 0.9492188 0.01171875 0.6914063 0.01171875 0.6953125 0.09375 0.8789063 0.01171875 0.6640625 0.9960938 0.6796875 0.90625 0.6796875 0.9960938 0.6796875 0.90625 0.6640625 0.9960938 0.6640625 0.90625 0.65625 0.9960938 0.6640625 0.90625 0.6640625 0.9960938 0.7070313 0.9960938 0.6796875 0.90625 0.7070313 0.90625 0.7070313 0.9960938 0.6796875 0.9960938 0.6796875 0.90625 0.2851563 0.75 0.9375 0.6796875 0.3203125 0.6796875 0.9375 0.6796875 0.2851563 0.75 0.9492188 0.75 0.3671875 0.8164063 0.9492188 0.75 0.2851563 0.75 0.859375 0.9960938 0.8320313 0.9960938 0.859375 0.90625 0.859375 0.90625 0.875 0.90625 0.859375 0.9960938 0.8320313 0.90625 0.859375 0.90625 0.8320313 0.9960938 0.9492188 0.75 0.3671875 0.8164063 0.9101563 0.8164063 0.875 0.90625 0.8867188 0.90625 0.8867188 0.9960938 0.9101563 0.8164063 0.46875 0.8398438 0.7695313 0.8398438 0.46875 0.8398438 0.9101563 0.8164063 0.3671875 0.8164063 0.875 0.9960938 0.859375 0.9960938 0.875 0.90625 0.875 0.90625 0.8867188 0.9960938 0.875 0.9960938 0.8867188 0.09375 0.6953125 0.09375 0.8789063 0.01171875 0.6914063 0.01171875 0.8789063 0.01171875 0.6953125 0.09375 0.8789063 0.01171875 0.9492188 0.01171875 0.8867188 0.09375 0.8867188 0.09375 0.9335938 0.2070312 0.875 0.203125 0.8867188 0.09375 0.9570313 0.09765625 0.9335938 0.2070312 0.875 0.203125 0.6992188 0.2070312 0.8867188 0.09375 0.9570313 0.09765625 0.8867188 0.09375 0.9492188 0.01171875 0.6953125 0.09375 0.8867188 0.09375 0.6992188 0.2070312 0.6992188 0.2070312 0.4960938 0.1992187 0.6953125 0.09375 0.65625 0.3554688 0.4960938 0.1992187 0.6992188 0.2070312 0.6992188 0.2070312 0.7695313 0.359375 0.65625 0.3554688 0.6992188 0.2070312 0.875 0.203125 0.7695313 0.359375 0.7695313 0.359375 0.8515625 0.359375 0.7695313 0.421875 0.8515625 0.359375 0.7695313 0.359375 0.875 0.203125 0.7695313 0.421875 0.65625 0.3554688 0.7695313 0.359375 0.8828125 0.421875 0.7695313 0.421875 0.8515625 0.359375 0.7695313 0.421875 0.6289063 0.453125 0.65625 0.3554688 0.984375 0.46875 0.921875 0.4609375 0.984375 0.4609375 0.984375 0.46875 0.984375 0.4765625 0.921875 0.4726563 0.921875 0.4726563 0.921875 0.4609375 0.984375 0.46875 0.921875 0.4726563 0.921875 0.4804688 0.8046875 0.4804688 0.921875 0.4804688 0.921875 0.4726563 0.984375 0.4765625 0.921875 0.4609375 0.921875 0.4726563 0.8046875 0.4726563 0.8046875 0.4804688 0.8046875 0.4726563 0.921875 0.4726563 0.8046875 0.4726563 0.8046875 0.4609375 0.921875 0.4609375 0.8046875 0.4726563 0.7578125 0.4609375 0.8046875 0.4609375 0.8046875 0.4804688 0.7578125 0.4726563 0.8046875 0.4726563 0.7578125 0.4609375 0.8046875 0.4726563 0.7578125 0.4726563 0.7578125 0.4609375 0.7578125 0.4726563 0.6757813 0.4648438 0.6757813 0.4648438 0.7578125 0.453125 0.7578125 0.4609375 0.8046875 0.4609375 0.7578125 0.4609375 0.7578125 0.453125 0.7578125 0.453125 0.6757813 0.4648438 0.7578125 0.4492188 0.7578125 0.453125 0.8046875 0.4492188 0.8046875 0.4609375 0.7578125 0.4492188 0.8046875 0.4492188 0.7578125 0.453125 0.7578125 0.453125 0.7578125 0.4492188 0.6757813 0.4648438 0.7578125 0.4492188 0.7578125 0.453125 0.8046875 0.4492188 0.8046875 0.4492188 0.7578125 0.4492188 0.8046875 0.4453125 0.8046875 0.4492188 0.8046875 0.4453125 0.7578125 0.4492188 0.8046875 0.4492188 0.8046875 0.4453125 0.921875 0.4453125 0.8046875 0.4453125 0.8046875 0.4492188 0.921875 0.4492188 0.921875 0.4492188 0.921875 0.4453125 0.8046875 0.4453125 0.8046875 0.4492188 0.921875 0.4453125 0.921875 0.4492188 0.984375 0.4492188 0.921875 0.4492188 0.921875 0.4453125 0.921875 0.4453125 0.921875 0.4492188 0.984375 0.4492188 0.984375 0.453125 0.984375 0.4492188 0.921875 0.4492188 0.4726563 0.4726563 0.515625 0.4726563 0.4726563 0.4023438 0.515625 0.4726563 0.4726563 0.4726563 0.4726563 0.4023438 0.984375 0.4492188 0.984375 0.453125 0.921875 0.4492188 0.4453125 0.4257813 0.4726563 0.4023438 0.4726563 0.4726563 0.4726563 0.4726563 0.4726563 0.4023438 0.4453125 0.4257813 0.6289063 0.453125 0.4726563 0.4023438 0.515625 0.4726563 0.6289063 0.453125 0.5273438 0.359375 0.4726563 0.4023438 0.3320313 0.4609375 0.4453125 0.4257813 0.4726563 0.4023438 0.4726563 0.4023438 0.4023438 0.3554688 0.3320313 0.4609375 0.4023438 0.3554688 0.4726563 0.4023438 0.5273438 0.359375 0.5273438 0.359375 0.6289063 0.453125 0.65625 0.3554688 0.65625 0.3554688 0.4960938 0.1992187 0.5273438 0.359375 0.4023438 0.3554688 0.5273438 0.359375 0.4960938 0.1992187 0.2382812 0.1992187 0.4960938 0.1992187 0.5 0.09375 0.4960938 0.1992187 0.2382812 0.1992187 0.4023438 0.3554688 0.6992188 0.2070312 0.5 0.09375 0.4960938 0.1992187 0.4960938 0.1992187 0.65625 0.3554688 0.6992188 0.2070312 0.5 0.09375 0.2382812 0.09375 0.2382812 0.1992187 0.5 0.09375 0.2382812 0.01171875 0.2382812 0.09375 0.5 0.09375 0.6992188 0.2070312 0.6953125 0.09375 0.6953125 0.09375 0.4960938 0.01171875 0.5 0.09375 0.2382812 0.01171875 0.5 0.09375 0.4960938 0.01171875 0.125 0.09375 0.2382812 0.09375 0.2382812 0.01171875 0.2382812 0.01171875 0.1289062 0.01171875 0.125 0.09375 0.75 0.9960938 0.7382813 0.9960938 0.75 0.90625 0.7382813 0.90625 0.75 0.90625 0.7382813 0.9960938 0.7382813 0.9960938 0.7070313 0.9960938 0.7382813 0.90625 0.7070313 0.90625 0.7382813 0.90625 0.7070313 0.9960938 0.3203125 0.6796875 0.984375 0.5898438 0.2695313 0.5898438 0.9179688 0.5507813 0.2695313 0.5898438 0.984375 0.5898438 0.2695313 0.5898438 0.9179688 0.5507813 0.3359375 0.5507813 0.8085938 0.5234375 0.3359375 0.5507813 0.9179688 0.5507813 0.7929688 0.90625 0.7929688 0.9960938 0.78125 0.90625 0.8007813 0.90625 0.8007813 0.9960938 0.7929688 0.90625 0.7929688 0.9960938 0.7929688 0.90625 0.8007813 0.9960938 0.2382812 0.01171875 0.125 0.09375 0.1289062 0.01171875 0.0546875 0.01171875 0.1289062 0.01171875 0.125 0.09375 0.78125 0.9960938 0.78125 0.90625 0.7929688 0.9960938 0.125 0.09375 0.2382812 0.09375 0.125 0.1992187 0.125 0.09375 0.2382812 0.01171875 0.2382812 0.09375 0.125 0.1992187 0.04296875 0.203125 0.125 0.09375 0.125 0.09375 0.0390625 0.1015625 0.0546875 0.01171875 0.0390625 0.1015625 0.125 0.09375 0.04296875 0.203125 0.04296875 0.203125 0.0078125 0.203125 0.0390625 0.1015625 0.00390625 0.1132812 0.0390625 0.1015625 0.0078125 0.203125 0.0390625 0.1015625 0.00390625 0.1132812 0.01953125 0.01171875 0.01953125 0.01171875 0.0546875 0.01171875 0.0390625 0.1015625 0.01953125 0.01171875 0.00390625 0.1132812 0.0390625 0.1015625 0.0390625 0.1015625 0.0546875 0.01171875 0.01953125 0.01171875 0.7695313 0.9960938 0.7578125 0.9960938 0.7695313 0.90625 0.7695313 0.9960938 0.7695313 0.90625 0.78125 0.9960938 0.7578125 0.90625 0.7695313 0.90625 0.7578125 0.9960938 0.6171875 0.5117188 0.4453125 0.5234375 0.8085938 0.5234375 0.78125 0.90625 0.78125 0.9960938 0.7695313 0.90625 0.7578125 0.9960938 0.75 0.9960938 0.7578125 0.90625 0.75 0.90625 0.7578125 0.90625 0.75 0.9960938 0.3359375 0.5507813 0.8085938 0.5234375 0.4453125 0.5234375 0.125 0.09375 0.0546875 0.01171875 0.0390625 0.1015625 0.0546875 0.01171875 0.125 0.09375 0.1289062 0.01171875 0.0078125 0.203125 0.04296875 0.203125 0.0390625 0.1015625 0.125 0.09375 0.0390625 0.1015625 0.04296875 0.203125 0.0078125 0.203125 0.0390625 0.1015625 0.00390625 0.1132812 0.125 0.1992187 0.04296875 0.203125 0.1171875 0.3828125 0.04296875 0.3515625 0.1171875 0.3828125 0.04296875 0.203125 0.04296875 0.203125 0.0078125 0.203125 0.04296875 0.3515625 0.04296875 0.203125 0.125 0.1992187 0.125 0.09375 0.2382812 0.1992187 0.125 0.1992187 0.2304687 0.3710938 0.125 0.1992187 0.2382812 0.1992187 0.2382812 0.09375 0.1171875 0.3828125 0.2304687 0.3710938 0.125 0.1992187 0.2382812 0.09375 0.125 0.09375 0.125 0.1992187 0.2304687 0.3710938 0.2929688 0.375 0.2382812 0.1992187 0.2304687 0.3710938 0.1953125 0.4570313 0.2929688 0.375 0.2304687 0.3710938 0.1171875 0.3828125 0.1953125 0.4570313 0.1953125 0.4570313 0.1171875 0.3828125 0.1171875 0.4453125 0.3320313 0.4609375 0.2929688 0.375 0.1953125 0.4570313 0.3320313 0.4609375 0.1953125 0.4570313 0.1953125 0.484375 0.1171875 0.4453125 0.1953125 0.484375 0.1953125 0.4570313 0.04296875 0.3515625 0.1171875 0.4453125 0.1171875 0.3828125 0.1953125 0.484375 0.1171875 0.4453125 0.1953125 0.4570313 0.1171875 0.4453125 0.04296875 0.3515625 0.1171875 0.3828125 0.1171875 0.3828125 0.1953125 0.4570313 0.1171875 0.4453125 0.04296875 0.203125 0.1171875 0.3828125 0.04296875 0.3515625 0.04296875 0.203125 0.125 0.1992187 0.1171875 0.3828125 0.1171875 0.3828125 0.2304687 0.3710938 0.1953125 0.4570313 0.2304687 0.3710938 0.1171875 0.3828125 0.125 0.1992187 0.125 0.1992187 0.2382812 0.1992187 0.2304687 0.3710938 0.2929688 0.375 0.2304687 0.3710938 0.2382812 0.1992187 0.2929688 0.375 0.1953125 0.4570313 0.2304687 0.3710938 0.2382812 0.1992187 0.4960938 0.1992187 0.2929688 0.375 0.4023438 0.3554688 0.2929688 0.375 0.4960938 0.1992187 0.4023438 0.3554688 0.3320313 0.4609375 0.2929688 0.375 0.1953125 0.4570313 0.2929688 0.375 0.3320313 0.4609375 0.4726563 0.4023438 0.4453125 0.4257813 0.3320313 0.4609375 0.3242188 0.4882813 0.3320313 0.4609375 0.4453125 0.4257813 0.3320313 0.4609375 0.4023438 0.3554688 0.4726563 0.4023438 0.1953125 0.4570313 0.3320313 0.4609375 0.1953125 0.484375 0.3242188 0.4882813 0.1953125 0.484375 0.3320313 0.4609375 0.4453125 0.4257813 0.3320313 0.4609375 0.3242188 0.4882813 0.1953125 0.484375 0.3242188 0.4882813 0.3320313 0.4609375 0.4023438 0.3554688 0.4960938 0.1992187 0.5273438 0.359375 0.5273438 0.359375 0.4726563 0.4023438 0.4023438 0.3554688 0.5273438 0.359375 0.65625 0.3554688 0.6289063 0.453125 0.6289063 0.453125 0.515625 0.4726563 0.5273438 0.359375 0.4726563 0.4023438 0.5273438 0.359375 0.515625 0.4726563 0.65625 0.3554688 0.5273438 0.359375 0.4960938 0.1992187 0.2382812 0.09375 0.5 0.09375 0.2382812 0.1992187 0.2382812 0.1992187 0.125 0.1992187 0.2382812 0.09375 0.4960938 0.1992187 0.2382812 0.1992187 0.5 0.09375 0.5 0.09375 0.6953125 0.09375 0.4960938 0.1992187 0.6953125 0.09375 0.5 0.09375 0.6914063 0.01171875 0.4960938 0.01171875 0.6914063 0.01171875 0.5 0.09375 0.5 0.09375 0.2382812 0.01171875 0.4960938 0.01171875 0.5 0.09375 0.2382812 0.09375 0.2382812 0.01171875 0.4023438 0.3554688 0.2382812 0.1992187 0.2929688 0.375 0.2929688 0.375 0.3320313 0.4609375 0.4023438 0.3554688 0.04296875 0.203125 0.04296875 0.3515625 0.0078125 0.203125 0.8320313 0.9960938 0.8007813 0.9960938 0.8320313 0.90625 0.8007813 0.90625 0.8320313 0.90625 0.8007813 0.9960938 0.984375 0.5898438 0.3203125 0.6796875 0.9375 0.6796875 0.7695313 0.359375 0.6992188 0.2070312 0.65625 0.3554688 0.7695313 0.421875 0.65625 0.3554688 0.6289063 0.453125 0.65625 0.3554688 0.7695313 0.421875 0.7695313 0.359375 0.921875 0.4609375 0.984375 0.46875 0.984375 0.4609375 0.984375 0.4609375 0.984375 0.453125 0.921875 0.4609375 0.921875 0.4492188 0.921875 0.4609375 0.984375 0.453125 0.921875 0.4609375 0.921875 0.4492188 0.8046875 0.4492188 0.8046875 0.4492188 0.8046875 0.4609375 0.921875 0.4609375 0.921875 0.4609375 0.921875 0.4726563 0.984375 0.46875 0.921875 0.4726563 0.921875 0.4609375 0.8046875 0.4609375 0.921875 0.4726563 0.8046875 0.4609375 0.8046875 0.4726563 0.7578125 0.4609375 0.8046875 0.4726563 0.8046875 0.4609375 0.8046875 0.4609375 0.8046875 0.4492188 0.7578125 0.453125 0.8046875 0.4609375 0.7578125 0.453125 0.7578125 0.4609375 0.6757813 0.4648438 0.7578125 0.4609375 0.7578125 0.453125 0.8046875 0.4726563 0.7578125 0.4609375 0.7578125 0.4726563 0.6757813 0.4648438 0.7578125 0.4726563 0.7578125 0.4609375 0.6757813 0.4648438 0.7578125 0.4804688 0.7578125 0.4726563 0.7578125 0.4726563 0.8046875 0.4804688 0.8046875 0.4726563 0.8046875 0.4804688 0.7578125 0.4726563 0.7578125 0.4804688 0.921875 0.4804688 0.8046875 0.4804688 0.921875 0.484375 0.921875 0.4804688 0.8046875 0.4726563 0.8046875 0.4804688 0.8046875 0.4804688 0.7578125 0.4804688 0.8046875 0.484375 0.8046875 0.484375 0.921875 0.484375 0.8046875 0.4804688 0.921875 0.484375 0.8046875 0.484375 0.921875 0.4804688 0.8046875 0.4804688 0.921875 0.4804688 0.8046875 0.484375 0.7578125 0.484375 0.8046875 0.484375 0.7578125 0.4804688 0.8046875 0.484375 0.7578125 0.4804688 0.8046875 0.4804688 0.7578125 0.484375 0.7578125 0.4804688 0.8046875 0.484375 0.7578125 0.4804688 0.7578125 0.484375 0.6757813 0.4648438 0.7578125 0.4804688 0.6757813 0.4648438 0.7578125 0.484375 0.7578125 0.4726563 0.8046875 0.4804688 0.7578125 0.4804688 0.7578125 0.4804688 0.6757813 0.4648438 0.7578125 0.4726563 0.8046875 0.4726563 0.921875 0.4804688 0.921875 0.4726563 0.984375 0.453125 0.984375 0.4609375 0.921875 0.4609375 0.921875 0.4609375 0.921875 0.4492188 0.984375 0.453125 0.921875 0.4492188 0.8046875 0.4609375 0.8046875 0.4492188 0.921875 0.4492188 0.921875 0.4609375 0.8046875 0.4609375 0.921875 0.4804688 0.984375 0.4765625 0.921875 0.484375 0.9335938 0.2070312 0.90625 0.359375 0.8515625 0.359375 0.8515625 0.359375 0.875 0.203125 0.9335938 0.2070312 0.8828125 0.421875 0.8515625 0.359375 0.90625 0.359375 0.90625 0.359375 0.9335938 0.3671875 0.8828125 0.421875 0.9335938 0.3671875 0.90625 0.359375 0.96875 0.2070312 0.9335938 0.2070312 0.96875 0.2070312 0.90625 0.359375 0.9335938 0.3671875 0.96875 0.2070312 0.90625 0.359375 0.9335938 0.2070312 0.90625 0.359375 0.96875 0.2070312 0.9570313 0.09765625 0.9882813 0.1054687 0.96875 0.2070312 0.96875 0.2070312 0.9335938 0.2070312 0.9570313 0.09765625 0.96875 0.2070312 0.9570313 0.09765625 0.9335938 0.2070312 0.9570313 0.09765625 0.96875 0.2070312 0.9882813 0.1054687 0.9882813 0.1054687 0.9570313 0.09765625 0.9765625 0.01171875 0.9882813 0.1054687 0.9765625 0.01171875 0.9570313 0.09765625 0.9492188 0.01171875 0.9570313 0.09765625 0.9765625 0.01171875 0.65625 0.90625 0.6445313 0.9960938 0.6445313 0.90625 0.6445313 0.9960938 0.65625 0.90625 0.65625 0.9960938 0.9492188 0.01171875 0.9765625 0.01171875 0.9570313 0.09765625 0.6445313 0.9960938 0.8867188 0.9960938 0.8867188 0.90625 0.8867188 0.90625 0.6445313 0.90625 0.6445313 0.9960938 0.6171875 0.8515625 0.7695313 0.8398438 0.46875 0.8398438 0.6640625 0.90625 0.65625 0.9960938 0.65625 0.90625 0.6914063 0.01171875 0.4960938 0.01171875 0.6953125 0.09375 0.4080727 0.8955084 0.4084765 0.8957507 0.4087996 0.8955084 0.4080727 0.8955084 0.4082342 0.8957507 0.4084765 0.8957507 0.4081535 0.8944584 0.4076689 0.8944584 0.4080727 0.8955084 0.4075074 0.8951045 0.4080727 0.8955084 0.4076689 0.8944584 0.4080727 0.8955084 0.4075074 0.8951045 0.4075881 0.8956699 0.4080727 0.8955084 0.4077497 0.8956699 0.407992 0.8956699 0.4080727 0.8955084 0.4075881 0.8956699 0.4077497 0.8956699 0.4080727 0.8955084 0.4087996 0.8955084 0.4081535 0.8944584 0.4082342 0.8957507 0.4080727 0.8955084 0.4080727 0.8956699 0.407992 0.8956699 0.4080727 0.8956699 0.4080727 0.8955084 0.4080727 0.8956699 0.407992 0.8956699 0.4080727 0.8956699 0.4077497 0.8962353 0.407992 0.8956699 0.4077497 0.8956699 0.407992 0.8956699 0.4077497 0.8962353 0.407992 0.8962353 0.4080727 0.8962353 0.4080727 0.8956699 0.407992 0.8956699 0.407992 0.8956699 0.407992 0.8962353 0.4080727 0.8962353 0.4076689 0.8967199 0.407992 0.8962353 0.4077497 0.8962353 0.4079112 0.8967199 0.4080727 0.8962353 0.407992 0.8962353 0.407992 0.8962353 0.4076689 0.8967199 0.4079112 0.8967199 0.4075881 0.897043 0.4079112 0.8967199 0.4076689 0.8967199 0.4076689 0.8967199 0.4074266 0.8966391 0.4075881 0.897043 0.4077497 0.8962353 0.4074266 0.8966391 0.4076689 0.8967199 0.4074266 0.8966391 0.4077497 0.8962353 0.4075074 0.8961545 0.4075074 0.8961545 0.4072651 0.8966391 0.4074266 0.8966391 0.4074266 0.8971237 0.4074266 0.8966391 0.4072651 0.8966391 0.4074266 0.8971237 0.4075881 0.897043 0.4074266 0.8966391 0.4072651 0.8966391 0.4073458 0.897043 0.4074266 0.8971237 0.4075881 0.8971237 0.4074266 0.8971237 0.4073458 0.897043 0.4074266 0.8971237 0.4075881 0.8971237 0.4075881 0.897043 0.42463 0.8928431 0.4245492 0.8912277 0.4255992 0.8913893 0.4249531 0.8898547 0.4255992 0.8913893 0.4245492 0.8912277 0.4075881 0.8971237 0.4078304 0.8971237 0.4077497 0.8971237 0.4077497 0.8971237 0.4075881 0.897043 0.4075881 0.8971237 0.4080727 0.8967199 0.4077497 0.8971237 0.4078304 0.8971237 0.4075881 0.897043 0.4077497 0.8971237 0.4079112 0.8967199 0.4080727 0.8967199 0.4079112 0.8967199 0.4077497 0.8971237 0.4196224 0.8884816 0.4217224 0.8883201 0.4195417 0.8891278 0.4216416 0.8891278 0.4195417 0.8891278 0.4217224 0.8883201 0.4080727 0.8962353 0.4079112 0.8967199 0.4080727 0.8967199 0.4217224 0.8883201 0.4249531 0.8898547 0.4216416 0.8891278 0.4195417 0.8891278 0.4216416 0.8891278 0.4193801 0.8905816 0.4245492 0.8912277 0.4216416 0.8891278 0.4249531 0.8898547 0.4216416 0.8891278 0.4245492 0.8912277 0.4214801 0.8909047 0.4214801 0.8909047 0.4193801 0.8905816 0.4216416 0.8891278 0.4213185 0.8926815 0.4214801 0.8909047 0.4245492 0.8912277 0.4193801 0.8905816 0.4214801 0.8909047 0.4192994 0.8921162 0.4213185 0.8926815 0.4192994 0.8921162 0.4214801 0.8909047 0.4192994 0.8921162 0.4213185 0.8926815 0.4192186 0.8927623 0.4192186 0.8927623 0.4161494 0.8926815 0.418734 0.8920354 0.4181686 0.8919547 0.4160687 0.8929238 0.4183301 0.8905009 0.4160687 0.8929238 0.418734 0.8920354 0.4161494 0.8926815 0.4137264 0.8948623 0.4135649 0.8929238 0.4161494 0.8941354 0.4074266 0.8953469 0.4075074 0.8956699 0.4075881 0.8956699 0.4074266 0.8961545 0.4075881 0.8956699 0.4075074 0.8956699 0.4160687 0.8929238 0.4161494 0.8941354 0.4135649 0.8929238 0.4135649 0.8929238 0.4125957 0.8897739 0.4160687 0.8929238 0.4075074 0.8953469 0.4071843 0.8955892 0.4073458 0.8956699 0.4135649 0.8929238 0.4134033 0.89357 0.4125957 0.8897739 0.4074266 0.8953469 0.4073458 0.8952661 0.4075074 0.8953469 0.4071843 0.8955892 0.4075074 0.8953469 0.4073458 0.8952661 0.406942 0.8955084 0.4066997 0.895993 0.4071843 0.8955892 0.4071843 0.8955892 0.4066997 0.895993 0.406942 0.8960738 0.406942 0.8960738 0.4073458 0.8956699 0.4071843 0.8955892 0.4071843 0.8955892 0.4073458 0.8952661 0.406942 0.8955084 0.406942 0.8955084 0.4071035 0.8948623 0.4068612 0.8953469 0.4071035 0.8948623 0.406942 0.8955084 0.4071843 0.894943 0.4071843 0.894943 0.406942 0.8955084 0.4073458 0.8952661 0.4066997 0.895993 0.406942 0.8955084 0.4066189 0.8958315 0.4068612 0.8953469 0.4066189 0.8958315 0.406942 0.8955084 0.4068612 0.8953469 0.4071035 0.8948623 0.406942 0.8953469 0.406942 0.8953469 0.4066997 0.8958315 0.4068612 0.8953469 0.4066189 0.8958315 0.4068612 0.8953469 0.4066997 0.8958315 0.4186532 0.8962353 0.4184109 0.8976083 0.4144533 0.8958315 0.4071843 0.8948623 0.406942 0.8953469 0.4071035 0.8948623 0.4144533 0.8958315 0.4113034 0.8940546 0.4146956 0.89462 0.4144533 0.8958315 0.4146956 0.89462 0.4186532 0.8962353 0.4191378 0.894943 0.4146956 0.89462 0.4136456 0.8933277 0.4191378 0.894943 0.4186532 0.8962353 0.4146956 0.89462 0.4123534 0.8929238 0.4136456 0.8933277 0.4146956 0.89462 0.4146956 0.89462 0.4113034 0.8940546 0.4123534 0.8929238 0.4089612 0.8923585 0.4097688 0.8908239 0.4123534 0.8929238 0.4106573 0.891147 0.4123534 0.8929238 0.4097688 0.8908239 0.4136456 0.8933277 0.4123534 0.8929238 0.4106573 0.891147 0.4089612 0.8923585 0.4123534 0.8929238 0.4113034 0.8940546 0.4073458 0.8943777 0.4074266 0.8944584 0.4071035 0.8948623 0.4071843 0.8948623 0.4071035 0.8948623 0.4074266 0.8944584 0.4266492 0.885251 0.416311 0.8812934 0.4241454 0.8773358 0.4073458 0.8944584 0.4073458 0.8943777 0.4071843 0.894943 0.4071035 0.8948623 0.4071843 0.894943 0.4073458 0.8943777 0.4076689 0.8944584 0.4073458 0.8944584 0.4075074 0.8951045 0.4071843 0.894943 0.4075074 0.8951045 0.4073458 0.8944584 0.4059728 0.8773358 0.4241454 0.8773358 0.416311 0.8812934 0.4088804 0.8818588 0.4107381 0.8816972 0.409365 0.8857356 0.4129188 0.8856548 0.409365 0.8857356 0.4107381 0.8816972 0.409365 0.8857356 0.4129188 0.8856548 0.4106573 0.891147 0.4106573 0.891147 0.4097688 0.8908239 0.409365 0.8857356 0.4107381 0.8816972 0.4088804 0.8818588 0.4088804 0.8799204 0.4088804 0.8799204 0.4106573 0.8795165 0.4107381 0.8816972 0.4088804 0.8799204 0.4088804 0.879678 0.4106573 0.8795165 0.4106573 0.8795165 0.4124342 0.8791934 0.4125957 0.8815357 0.4124342 0.8791934 0.4106573 0.8795165 0.4124342 0.8791127 0.4125957 0.8815357 0.4107381 0.8816972 0.4106573 0.8795165 0.4124342 0.8791127 0.4106573 0.8795165 0.4088804 0.879678 0.4094458 0.8950238 0.4092842 0.8951045 0.409365 0.8956699 0.4094458 0.8950238 0.4092842 0.8944584 0.4092842 0.8951045 0.4094458 0.8950238 0.409365 0.8956699 0.4094458 0.8956699 0.417684 0.8791127 0.4156649 0.879678 0.4124342 0.8791127 0.4124342 0.8791934 0.4124342 0.8791127 0.4156649 0.879678 0.4172802 0.8840395 0.4193801 0.8840395 0.4172802 0.8857356 0.4158264 0.8811318 0.4125957 0.8815357 0.4156649 0.879678 0.4156649 0.879678 0.4125957 0.8815357 0.4124342 0.8791934 0.4193801 0.8840395 0.4186532 0.8840395 0.4205109 0.8833933 0.4186532 0.8834741 0.4205109 0.8833933 0.4186532 0.8840395 0.4096073 0.8966391 0.4095265 0.8962353 0.4094458 0.8963969 0.4205109 0.8833933 0.4226108 0.8830702 0.4215608 0.8838779 0.4094458 0.8962353 0.4094458 0.8963969 0.4095265 0.8962353 0.4095265 0.8962353 0.409365 0.8956699 0.4094458 0.8962353 0.4095265 0.8962353 0.4094458 0.8956699 0.409365 0.8956699 0.4091227 0.8962353 0.4094458 0.8962353 0.409365 0.8956699 0.4094458 0.8962353 0.4091227 0.8962353 0.4092035 0.8964776 0.4092035 0.8964776 0.4094458 0.8963969 0.4094458 0.8962353 0.4089612 0.8964776 0.4088804 0.8967199 0.4092035 0.8964776 0.4092035 0.8966391 0.4092035 0.8964776 0.4088804 0.8967199 0.4094458 0.8963969 0.4092035 0.8964776 0.4092035 0.8966391 0.4089612 0.8964776 0.4092035 0.8964776 0.4091227 0.8962353 0.4087996 0.8962353 0.4089612 0.8964776 0.4089612 0.8962353 0.4091227 0.8962353 0.4089612 0.8962353 0.4089612 0.8964776 0.4087996 0.8962353 0.4087996 0.8967199 0.4089612 0.8964776 0.4088804 0.8967199 0.4089612 0.8964776 0.4087996 0.8967199 0.4226108 0.8880778 0.4226108 0.8873509 0.426003 0.8871086 0.4205109 0.887674 0.4215608 0.8871894 0.4226108 0.8880778 0.4087996 0.8967199 0.409042 0.8971237 0.4088804 0.8967199 0.4087996 0.8967199 0.4089612 0.8971237 0.409042 0.8971237 0.426003 0.8871086 0.4256799 0.8855741 0.4264069 0.8856548 0.4092035 0.8971237 0.409042 0.8971237 0.4089612 0.8971237 0.4256799 0.8855741 0.426003 0.8871086 0.4226108 0.8873509 0.4226108 0.8837972 0.4256799 0.8855741 0.4226108 0.8855741 0.4226108 0.8873509 0.4226108 0.8855741 0.4256799 0.8855741 0.4259223 0.8840395 0.4264069 0.8856548 0.4256799 0.8855741 0.4256799 0.8855741 0.4226108 0.8837972 0.4259223 0.8840395 0.4092035 0.8971237 0.4094458 0.897043 0.4094458 0.897043 0.4096073 0.8966391 0.4094458 0.897043 0.4094458 0.897043 0.4226108 0.8830702 0.4259223 0.8840395 0.4226108 0.8837972 0.4094458 0.897043 0.4092035 0.8969622 0.4092035 0.8971237 0.4092035 0.8969622 0.4094458 0.897043 0.4094458 0.8966391 0.4096073 0.8966391 0.4094458 0.8966391 0.4094458 0.897043 0.4092035 0.8969622 0.4088804 0.8967199 0.409042 0.8971237 0.4088804 0.8967199 0.4092035 0.8969622 0.4092035 0.8966391 0.409042 0.8971237 0.4092035 0.8971237 0.4092035 0.8969622 0.4094458 0.8966391 0.4092035 0.8966391 0.4092035 0.8969622 0.4096073 0.8966391 0.4094458 0.8963969 0.4094458 0.8966391 0.4092035 0.8966391 0.4094458 0.8966391 0.4094458 0.8963969 0.4194609 0.8870279 0.4172802 0.8871894 0.4193801 0.8855741 0.4172802 0.8857356 0.4193801 0.8855741 0.4172802 0.8871894 0.4193801 0.8855741 0.4172802 0.8857356 0.4193801 0.8840395 0.4172802 0.8871894 0.4199455 0.8870279 0.4172802 0.8877547 0.4171186 0.8825857 0.4154225 0.8836356 0.4158264 0.8811318 0.4154225 0.8836356 0.4171186 0.8825857 0.4171994 0.8832318 0.4087996 0.8956699 0.4088804 0.8956699 0.4087996 0.8956699 0.4171994 0.8832318 0.4160687 0.8833933 0.4154225 0.8836356 0.4088804 0.8956699 0.4087996 0.8956699 0.4087996 0.8962353 0.4205109 0.887674 0.4172802 0.8877547 0.4199455 0.8870279 0.4091227 0.8956699 0.4088804 0.8956699 0.4089612 0.8962353 0.4087996 0.8962353 0.4089612 0.8962353 0.4088804 0.8956699 0.4087996 0.8955084 0.4087996 0.8956699 0.4088804 0.8956699 0.4088804 0.8956699 0.4091227 0.8956699 0.4087996 0.8955084 0.4092842 0.8951045 0.4087996 0.8955084 0.4091227 0.8956699 0.4091227 0.8956699 0.409365 0.8956699 0.4092842 0.8951045 0.409365 0.8956699 0.4091227 0.8956699 0.4091227 0.8962353 0.4089612 0.8962353 0.4091227 0.8962353 0.4091227 0.8956699 0.4087188 0.8957507 0.4087996 0.8956699 0.4086381 0.8957507 0.4087996 0.8955084 0.4086381 0.8957507 0.4087996 0.8956699 0.4172802 0.8834741 0.4154225 0.8836356 0.4160687 0.8833933 0.4086381 0.8957507 0.4087188 0.8961545 0.4087188 0.8957507 0.4087996 0.8961545 0.4087188 0.8957507 0.4087188 0.8961545 0.4193801 0.8833933 0.4172802 0.8840395 0.4172802 0.8834741 0.4154225 0.8836356 0.4172802 0.8834741 0.4172802 0.8840395 0.4172802 0.8840395 0.4172802 0.8857356 0.4154225 0.8836356 0.4172802 0.8840395 0.4193801 0.8840395 0.4172802 0.8857356 0.4172802 0.8840395 0.4193801 0.8833933 0.4193801 0.8840395 0.4193801 0.8855741 0.4172802 0.8857356 0.4193801 0.8840395 0.4205109 0.8833933 0.4226108 0.8830702 0.4205109 0.8840395 0.4226108 0.8837972 0.4205109 0.8840395 0.4226108 0.8830702 0.4193801 0.8833933 0.4205109 0.8833933 0.4199455 0.8840395 0.4205109 0.8840395 0.4226108 0.8837972 0.4205109 0.8854933 0.4172802 0.8857356 0.4193801 0.8855741 0.4172802 0.8871894 0.4226108 0.8855741 0.4205109 0.8854933 0.4226108 0.8837972 0.4205109 0.8854933 0.4226108 0.8855741 0.4205109 0.8870279 0.4194609 0.8870279 0.4172802 0.8871894 0.4193801 0.8855741 0.4172802 0.8871894 0.4194609 0.8870279 0.4172802 0.8877547 0.4172802 0.8877547 0.4155841 0.8879163 0.4172802 0.8871894 0.4172802 0.8857356 0.4172802 0.8871894 0.4155841 0.8879163 0.4155841 0.8879163 0.4154225 0.8836356 0.4172802 0.8857356 0.4154225 0.8836356 0.4155841 0.8879163 0.4129188 0.8856548 0.4125957 0.8897739 0.4129188 0.8856548 0.4155841 0.8879163 0.4155841 0.8879163 0.416311 0.8881586 0.4162302 0.8886432 0.416311 0.8881586 0.4155841 0.8879163 0.4159879 0.8879163 0.4172802 0.8877547 0.4159879 0.8879163 0.4155841 0.8879163 0.4162302 0.8886432 0.4161494 0.8901777 0.4155841 0.8879163 0.4125957 0.8897739 0.4155841 0.8879163 0.4161494 0.8901777 0.4161494 0.8901777 0.4160687 0.8929238 0.4125957 0.8897739 0.4161494 0.8901777 0.4183301 0.8905009 0.4160687 0.8929238 0.4162302 0.8886432 0.4184917 0.8889663 0.4161494 0.8901777 0.4183301 0.8905009 0.4161494 0.8901777 0.4184917 0.8889663 0.4196224 0.8884816 0.4162302 0.8886432 0.416311 0.8881586 0.4162302 0.8886432 0.4196224 0.8884816 0.4184917 0.8889663 0.4080727 0.8961545 0.4082342 0.8957507 0.4081535 0.8957507 0.4080727 0.8956699 0.4081535 0.8957507 0.4082342 0.8957507 0.4194609 0.887674 0.4172802 0.8877547 0.4194609 0.8870279 0.4082342 0.8957507 0.4080727 0.8961545 0.4082342 0.8961545 0.4194609 0.887674 0.4199455 0.8870279 0.4205109 0.887674 0.4080727 0.8963161 0.4082342 0.8961545 0.4080727 0.8961545 0.4082342 0.8961545 0.4084765 0.8957507 0.4082342 0.8957507 0.4082342 0.8963161 0.4083958 0.8961545 0.4082342 0.8961545 0.4084765 0.8957507 0.4082342 0.8961545 0.4083958 0.8961545 0.4082342 0.8961545 0.4080727 0.8963161 0.4082342 0.8963161 0.4082342 0.8963161 0.407992 0.8968815 0.4081535 0.8968815 0.407992 0.8968815 0.4082342 0.8963161 0.4080727 0.8963161 0.4083958 0.8961545 0.4082342 0.8963161 0.4083958 0.8963969 0.4081535 0.8968815 0.4083958 0.8963969 0.4082342 0.8963161 0.4083958 0.8961545 0.4083958 0.8963969 0.4087188 0.8961545 0.4087188 0.8963969 0.4087188 0.8961545 0.4083958 0.8963969 0.4083958 0.8963969 0.4081535 0.8968815 0.4084765 0.8968815 0.4083958 0.8963969 0.4084765 0.8968815 0.4087188 0.8963969 0.4087188 0.8968815 0.4087188 0.8963969 0.4084765 0.8968815 0.4084765 0.8968815 0.4083958 0.8972045 0.4087188 0.8968815 0.4083958 0.8972045 0.4084765 0.8968815 0.4081535 0.8968815 0.4086381 0.8973661 0.4087188 0.8968815 0.4083958 0.8972045 0.4083958 0.8972853 0.4083958 0.8972045 0.4082342 0.8972853 0.4081535 0.8968815 0.4082342 0.8972853 0.4083958 0.8972045 0.4083958 0.8972045 0.4083958 0.8972853 0.4086381 0.8973661 0.4086381 0.8972853 0.4086381 0.8973661 0.4083958 0.8972853 0.4259223 0.8840395 0.4264069 0.8856548 0.4256799 0.8855741 0.4083958 0.8972853 0.4082342 0.8972853 0.4081535 0.8972853 0.426003 0.8871086 0.4256799 0.8855741 0.4264069 0.8856548 0.4256799 0.8855741 0.426003 0.8871086 0.4226108 0.8873509 0.4226108 0.8880778 0.4226108 0.8873509 0.426003 0.8871086 0.407992 0.8968815 0.4081535 0.8972853 0.4082342 0.8972853 0.4226108 0.8873509 0.4226108 0.8855741 0.4256799 0.8855741 0.4226108 0.8873509 0.4205109 0.8870279 0.4226108 0.8855741 0.4205109 0.8870279 0.4226108 0.8873509 0.4205109 0.887674 0.4226108 0.8880778 0.4205109 0.887674 0.4226108 0.8873509 0.4226108 0.8837972 0.4256799 0.8855741 0.4226108 0.8855741 0.4256799 0.8855741 0.4226108 0.8837972 0.4259223 0.8840395 0.4086381 0.8972853 0.4088804 0.8968815 0.4086381 0.8973661 0.4226108 0.8830702 0.4259223 0.8840395 0.4226108 0.8837972 0.4087188 0.8968815 0.4086381 0.8973661 0.4088804 0.8968815 0.4082342 0.8972853 0.4081535 0.8968815 0.407992 0.8968815 0.4087188 0.8963969 0.4087188 0.8968815 0.4087996 0.8963969 0.4088804 0.8968815 0.4087996 0.8963969 0.4087188 0.8968815 0.4087996 0.8963969 0.4087996 0.8961545 0.4087188 0.8963969 0.4087188 0.8961545 0.4087188 0.8963969 0.4087996 0.8961545 0.4084765 0.8957507 0.4083958 0.8961545 0.4086381 0.8957507 0.4087188 0.8961545 0.4086381 0.8957507 0.4083958 0.8961545 0.4086381 0.8957507 0.4087996 0.8955084 0.4084765 0.8957507 0.4154225 0.8836356 0.4129188 0.8856548 0.4125957 0.8815357 0.4125957 0.8815357 0.4158264 0.8811318 0.4154225 0.8836356 0.4092035 0.8944584 0.4087188 0.8944584 0.4092842 0.8951045 0.4087996 0.8955084 0.4092842 0.8951045 0.4087188 0.8944584 0.4092035 0.8944584 0.4092842 0.8951045 0.4092842 0.8944584 0.4087188 0.8944584 0.4081535 0.8944584 0.4087996 0.8955084 0.4107381 0.8816972 0.4125957 0.8815357 0.4129188 0.8856548 0.4125957 0.8897739 0.4106573 0.891147 0.4129188 0.8856548 0.4106573 0.891147 0.4125957 0.8897739 0.4125957 0.8943777 0.4136456 0.8933277 0.4159879 0.8927623 0.4191378 0.894943 0.413161 0.8938123 0.4125957 0.8943777 0.4125957 0.8897739 0.4160687 0.8933277 0.4199455 0.894943 0.4159879 0.8927623 0.4195417 0.8943777 0.4159879 0.8927623 0.4199455 0.894943 0.4195417 0.8943777 0.4191378 0.894943 0.4159879 0.8927623 0.413161 0.8938123 0.4125957 0.8897739 0.4134033 0.89357 0.4199455 0.894943 0.420107 0.8964776 0.4195417 0.8943777 0.4191378 0.894943 0.4195417 0.8943777 0.420107 0.8964776 0.4199455 0.894943 0.4202685 0.8965584 0.420107 0.8964776 0.420107 0.8964776 0.4195417 0.8965584 0.4191378 0.894943 0.420107 0.8964776 0.4198647 0.8965584 0.4195417 0.8965584 0.4198647 0.8965584 0.420107 0.8964776 0.4202685 0.8965584 0.4202685 0.8965584 0.4198647 0.8975276 0.4198647 0.8965584 0.4193801 0.8975276 0.4198647 0.8965584 0.4198647 0.8975276 0.4193801 0.8975276 0.4195417 0.8965584 0.4198647 0.8965584 0.4195417 0.8965584 0.4193801 0.8975276 0.4186532 0.8962353 0.4184109 0.8976083 0.4186532 0.8962353 0.4193801 0.8975276 0.4066189 0.8961545 0.4066189 0.8962353 0.4066189 0.8958315 0.4066189 0.8958315 0.4066997 0.8958315 0.4066189 0.8961545 0.4066997 0.895993 0.4066189 0.8958315 0.4066189 0.8962353 0.4066189 0.8962353 0.4068612 0.8963969 0.406942 0.8960738 0.4066189 0.8962353 0.406942 0.8960738 0.4066997 0.895993 0.4071843 0.8961545 0.406942 0.8960738 0.4068612 0.8963969 0.4186532 0.8962353 0.4191378 0.894943 0.4195417 0.8965584 0.4071843 0.8961545 0.4073458 0.8956699 0.406942 0.8960738 0.4075074 0.8951045 0.4071843 0.894943 0.4074266 0.8953469 0.4073458 0.8952661 0.4074266 0.8953469 0.4071843 0.894943 0.4074266 0.8953469 0.4075881 0.8956699 0.4075074 0.8951045 0.4212378 0.8934084 0.4192186 0.8927623 0.4213185 0.8926815 0.4072651 0.8966391 0.4075074 0.8961545 0.4074266 0.8961545 0.4075881 0.8956699 0.4074266 0.8961545 0.4075074 0.8961545 0.4212378 0.8934084 0.4213185 0.8926815 0.42463 0.8928431 0.4245492 0.8912277 0.42463 0.8928431 0.4213185 0.8926815 0.4077497 0.8956699 0.4075074 0.8961545 0.4077497 0.8962353 0.4075074 0.8961545 0.4077497 0.8956699 0.4075881 0.8956699</float_array>
          <technique_common>
            <accessor source="#Mario_008-mesh-map-0-array" count="11562" stride="2">
              <param name="S" type="float"/>
              <param name="T" type="float"/>
            </accessor>
          </technique_common>
        </source>
        <source id="Mario_008-mesh-colors-v_color_0" name="v_color_0">
          <float_array id="Mario_008-mesh-colors-v_color_0-array" count="46248">0.6196079 0.6196079 0.6196079 1 0.7647059 0.7647059 0.7647059 1 0.509804 0.509804 0.509804 1 0.6196079 0.6196079 0.6196079 1 0.509804 0.509804 0.509804 1 0.509804 0.509804 0.509804 1 0.7647059 0.7647059 0.7647059 1 0.6196079 0.6196079 0.6196079 1 0.8509804 0.8509804 0.8509804 1 0.9098039 0.9098039 0.9098039 1 0.8509804 0.8509804 0.8509804 1 0.6196079 0.6196079 0.6196079 1 0.6196079 0.6196079 0.6196079 1 0.7176471 0.7176471 0.7176471 1 0.9098039 0.9098039 0.9098039 1 0.7176471 0.7176471 0.7176471 1 0.6196079 0.6196079 0.6196079 1 0.509804 0.509804 0.509804 1 0.509804 0.509804 0.509804 1 0.509804 0.509804 0.509804 1 0.6196079 0.6196079 0.6196079 1 0.8509804 0.8509804 0.8509804 1 0.9098039 0.9098039 0.9098039 1 0.8980392 0.8980392 0.8980392 1 0.9098039 0.9098039 0.9098039 1 0.9450981 0.9450981 0.9450981 1 0.9529412 0.9529412 0.9529412 1 0.9529412 0.9529412 0.9529412 1 0.8980392 0.8980392 0.8980392 1 0.9098039 0.9098039 0.9098039 1 0.9450981 0.9450981 0.9450981 1 0.9098039 0.9098039 0.9098039 1 0.7176471 0.7176471 0.7176471 1 0.854902 0.854902 0.854902 1 0.8980392 0.8980392 0.8980392 1 0.7921569 0.7921569 0.7921569 1 0.8980392 0.8980392 0.8980392 1 0.854902 0.854902 0.854902 1 0.8509804 0.8509804 0.8509804 1 0.854902 0.854902 0.854902 1 0.7921569 0.7921569 0.7921569 1 0.8980392 0.8980392 0.8980392 1 0.8980392 0.8980392 0.8980392 1 0.9529412 0.9529412 0.9529412 1 0.854902 0.854902 0.854902 1 0.9294118 0.9294118 0.9294118 1 0.854902 0.854902 0.854902 1 0.9529412 0.9529412 0.9529412 1 0.854902 0.854902 0.854902 1 0.9294118 0.9294118 0.9294118 1 0.7686275 0.7686275 0.7686275 1 0.854902 0.854902 0.854902 1 0.627451 0.627451 0.627451 1 0.7921569 0.7921569 0.7921569 1 0.854902 0.854902 0.854902 1 0.7686275 0.7686275 0.7686275 1 0.627451 0.627451 0.627451 1 0.7686275 0.7686275 0.7686275 1 0.827451 0.827451 0.827451 1 0.6196079 0.6196079 0.6196079 1 0.6196079 0.6196079 0.6196079 1 0.627451 0.627451 0.627451 1 0.7686275 0.7686275 0.7686275 1 0.827451 0.827451 0.827451 1 0.7686275 0.7686275 0.7686275 1 0.9294118 0.9294118 0.9294118 1 0.827451 0.827451 0.827451 1 0.9372549 0.9372549 0.9372549 1 0.7372549 0.7372549 0.7372549 1 0.7372549 0.7372549 0.7372549 1 0.509804 0.509804 0.509804 1 0.827451 0.827451 0.827451 1 0.827451 0.827451 0.827451 1 0.9294118 0.9294118 0.9294118 1 0.9372549 0.9372549 0.9372549 1 0.509804 0.509804 0.509804 1 0.6196079 0.6196079 0.6196079 1 0.827451 0.827451 0.827451 1 0.9372549 0.9372549 0.9372549 1 0.9450981 0.9450981 0.9450981 1 0.7568628 0.7568628 0.7568628 1 0.9372549 0.9372549 0.9372549 1 0.9529412 0.9529412 0.9529412 1 0.9450981 0.9450981 0.9450981 1 0.7568628 0.7568628 0.7568628 1 0.7372549 0.7372549 0.7372549 1 0.9372549 0.9372549 0.9372549 1 0.9529412 0.9529412 0.9529412 1 0.9372549 0.9372549 0.9372549 1 0.9294118 0.9294118 0.9294118 1 0.7176471 0.7176471 0.7176471 1 0.7568628 0.7568628 0.7568628 1 0.9450981 0.9450981 0.9450981 1 0.7176471 0.7176471 0.7176471 1 0.509804 0.509804 0.509804 1 0.7568628 0.7568628 0.7568628 1 0.7568628 0.7568628 0.7568628 1 0.509804 0.509804 0.509804 1 0.7372549 0.7372549 0.7372549 1 0.509804 0.509804 0.509804 1 0.7568628 0.7568628 0.7568628 1 0.509804 0.509804 0.509804 1 0.509804 0.509804 0.509804 1 0.7372549 0.7372549 0.7372549 1 0.509804 0.509804 0.509804 1 0.509804 0.509804 0.509804 1 0.509804 0.509804 0.509804 1 0.509804 0.509804 0.509804 1 0.509804 0.509804 0.509804 1 0.509804 0.509804 0.509804 1 0.509804 0.509804 0.509804 1 0.509804 0.509804 0.509804 1 0.509804 0.509804 0.509804 1 0.509804 0.509804 0.509804 1 0.509804 0.509804 0.509804 1 0.509804 0.509804 0.509804 1 0.509804 0.509804 0.509804 1 0.6196079 0.6196079 0.6196079 1 0.509804 0.509804 0.509804 1 0.509804 0.509804 0.509804 1 0.509804 0.509804 0.509804 1 0.509804 0.509804 0.509804 1 0.6196079 0.6196079 0.6196079 1 0.509804 0.509804 0.509804 1 0.509804 0.509804 0.509804 1 0.509804 0.509804 0.509804 1 0.509804 0.509804 0.509804 1 0.6039216 0.6039216 0.6039216 1 0.509804 0.509804 0.509804 1 0.627451 0.627451 0.627451 1 0.509804 0.509804 0.509804 1 0.6039216 0.6039216 0.6039216 1 0.627451 0.627451 0.627451 1 0.6196079 0.6196079 0.6196079 1 0.509804 0.509804 0.509804 1 0.6039216 0.6039216 0.6039216 1 0.7921569 0.7921569 0.7921569 1 0.627451 0.627451 0.627451 1 0.6039216 0.6039216 0.6039216 1 0.509804 0.509804 0.509804 1 0.6156863 0.6156863 0.6156863 1 0.6156863 0.6156863 0.6156863 1 0.7686275 0.7686275 0.7686275 1 0.6039216 0.6039216 0.6039216 1 0.7921569 0.7921569 0.7921569 1 0.6039216 0.6039216 0.6039216 1 0.7686275 0.7686275 0.7686275 1 0.6156863 0.6156863 0.6156863 1 0.5647059 0.5647059 0.5647059 1 0.7686275 0.7686275 0.7686275 1 0.8196079 0.8196079 0.8196079 1 0.854902 0.854902 0.854902 1 0.7686275 0.7686275 0.7686275 1 0.7921569 0.7921569 0.7921569 1 0.7686275 0.7686275 0.7686275 1 0.854902 0.854902 0.854902 1 0.8196079 0.8196079 0.8196079 1 0.7686275 0.7686275 0.7686275 1 0.5647059 0.5647059 0.5647059 1 0.8431373 0.8431373 0.8431373 1 0.8039216 0.8039216 0.8039216 1 0.8196079 0.8196079 0.8196079 1 0.8431373 0.8431373 0.8431373 1 0.8196079 0.8196079 0.8196079 1 0.7372549 0.7372549 0.7372549 1 0.854902 0.854902 0.854902 1 0.8196079 0.8196079 0.8196079 1 0.8039216 0.8039216 0.8039216 1 0.5647059 0.5647059 0.5647059 1 0.7372549 0.7372549 0.7372549 1 0.8196079 0.8196079 0.8196079 1 0.7372549 0.7372549 0.7372549 1 0.5647059 0.5647059 0.5647059 1 0.6588236 0.6588236 0.6588236 1 0.6588236 0.6588236 0.6588236 1 0.8745098 0.8745098 0.8745098 1 0.7372549 0.7372549 0.7372549 1 0.8431373 0.8431373 0.8431373 1 0.7372549 0.7372549 0.7372549 1 0.8745098 0.8745098 0.8745098 1 0.509804 0.509804 0.509804 1 0.6588236 0.6588236 0.6588236 1 0.5647059 0.5647059 0.5647059 1 0.6509804 0.6509804 0.6509804 1 0.8784314 0.8784314 0.8784314 1 0.6588236 0.6588236 0.6588236 1 0.6588236 0.6588236 0.6588236 1 0.509804 0.509804 0.509804 1 0.6509804 0.6509804 0.6509804 1 0.8745098 0.8745098 0.8745098 1 0.6588236 0.6588236 0.6588236 1 0.8784314 0.8784314 0.8784314 1 0.509804 0.509804 0.509804 1 0.509804 0.509804 0.509804 1 0.509804 0.509804 0.509804 1 0.509804 0.509804 0.509804 1 0.6509804 0.6509804 0.6509804 1 0.509804 0.509804 0.509804 1 0.509804 0.509804 0.509804 1 0.5647059 0.5647059 0.5647059 1 0.5686275 0.5686275 0.5686275 1 0.5686275 0.5686275 0.5686275 1 0.509804 0.509804 0.509804 1 0.509804 0.509804 0.509804 1 0.5176471 0.5176471 0.5176471 1 0.509804 0.509804 0.509804 1 0.509804 0.509804 0.509804 1 0.509804 0.509804 0.509804 1 0.6941177 0.6941177 0.6941177 1 0.5176471 0.5176471 0.5176471 1 0.509804 0.509804 0.509804 1 0.6156863 0.6156863 0.6156863 1 0.6941177 0.6941177 0.6941177 1 0.509804 0.509804 0.509804 1 0.5686275 0.5686275 0.5686275 1 0.6156863 0.6156863 0.6156863 1 0.5176471 0.5176471 0.5176471 1 0.7254902 0.7254902 0.7254902 1 0.509804 0.509804 0.509804 1 0.7254902 0.7254902 0.7254902 1 0.5176471 0.5176471 0.5176471 1 0.6941177 0.6941177 0.6941177 1 0.6941177 0.6941177 0.6941177 1 0.509804 0.509804 0.509804 1 0.7254902 0.7254902 0.7254902 1 0.8666667 0.8666667 0.8666667 1 0.7254902 0.7254902 0.7254902 1 0.8666667 0.8666667 0.8666667 1 0.7254902 0.7254902 0.7254902 1 0.8666667 0.8666667 0.8666667 1 0.6941177 0.6941177 0.6941177 1 0.6941177 0.6941177 0.6941177 1 0.8666667 0.8666667 0.8666667 1 0.7254902 0.7254902 0.7254902 1 0.8666667 0.8666667 0.8666667 1 0.8980392 0.8980392 0.8980392 1 0.8666667 0.8666667 0.8666667 1 0.8980392 0.8980392 0.8980392 1 0.8666667 0.8666667 0.8666667 1 0.827451 0.827451 0.827451 1 0.6941177 0.6941177 0.6941177 1 0.827451 0.827451 0.827451 1 0.8666667 0.8666667 0.8666667 1 0.827451 0.827451 0.827451 1 0.7803922 0.7803922 0.7803922 1 0.7803922 0.7803922 0.7803922 1 0.7803922 0.7803922 0.7803922 1 0.8392157 0.8392157 0.8392157 1 0.827451 0.827451 0.827451 1 0.6941177 0.6941177 0.6941177 1 0.7803922 0.7803922 0.7803922 1 0.827451 0.827451 0.827451 1 0.8980392 0.8980392 0.8980392 1 0.827451 0.827451 0.827451 1 0.8392157 0.8392157 0.8392157 1 0.8392157 0.8392157 0.8392157 1 0.7803922 0.7803922 0.7803922 1 0.8705883 0.8705883 0.8705883 1 0.8705883 0.8705883 0.8705883 1 0.9294118 0.9294118 0.9294118 1 0.8392157 0.8392157 0.8392157 1 0.8980392 0.8980392 0.8980392 1 0.8392157 0.8392157 0.8392157 1 0.9294118 0.9294118 0.9294118 1 0.9294118 0.9294118 0.9294118 1 0.8705883 0.8705883 0.8705883 1 0.8745098 0.8745098 0.8745098 1 0.8862745 0.8862745 0.8862745 1 0.9294118 0.9294118 0.9294118 1 0.8784314 0.8784314 0.8784314 1 0.9294118 0.9294118 0.9294118 1 0.8862745 0.8862745 0.8862745 1 0.8980392 0.8980392 0.8980392 1 0.8745098 0.8745098 0.8745098 1 0.8784314 0.8784314 0.8784314 1 0.9294118 0.9294118 0.9294118 1 0.8784314 0.8784314 0.8784314 1 0.6509804 0.6509804 0.6509804 1 0.8862745 0.8862745 0.8862745 1 0.6941177 0.6941177 0.6941177 1 0.8862745 0.8862745 0.8862745 1 0.6509804 0.6509804 0.6509804 1 0.8862745 0.8862745 0.8862745 1 0.6941177 0.6941177 0.6941177 1 0.8666667 0.8666667 0.8666667 1 0.8862745 0.8862745 0.8862745 1 0.8666667 0.8666667 0.8666667 1 0.8980392 0.8980392 0.8980392 1 0.7921569 0.7921569 0.7921569 1 0.8745098 0.8745098 0.8745098 1 0.8705883 0.8705883 0.8705883 1 0.7921569 0.7921569 0.7921569 1 0.8705883 0.8705883 0.8705883 1 0.7803922 0.7803922 0.7803922 1 0.7215687 0.7215687 0.7215687 1 0.7921569 0.7921569 0.7921569 1 0.7411765 0.7411765 0.7411765 1 0.7803922 0.7803922 0.7803922 1 0.7411765 0.7411765 0.7411765 1 0.7921569 0.7921569 0.7921569 1 0.8745098 0.8745098 0.8745098 1 0.7921569 0.7921569 0.7921569 1 0.8431373 0.8431373 0.8431373 1 0.7411765 0.7411765 0.7411765 1 0.8431373 0.8431373 0.8431373 1 0.7921569 0.7921569 0.7921569 1 0.7921569 0.7921569 0.7921569 1 0.7215687 0.7215687 0.7215687 1 0.7411765 0.7411765 0.7411765 1 0.7411765 0.7411765 0.7411765 1 0.7960785 0.7960785 0.7960785 1 0.8431373 0.8431373 0.8431373 1 0.7960785 0.7960785 0.7960785 1 0.7960785 0.7960785 0.7960785 1 0.8039216 0.8039216 0.8039216 1 0.8039216 0.8039216 0.8039216 1 0.8431373 0.8431373 0.8431373 1 0.7960785 0.7960785 0.7960785 1 0.7647059 0.7647059 0.7647059 1 0.8039216 0.8039216 0.8039216 1 0.7960785 0.7960785 0.7960785 1 0.7960785 0.7960785 0.7960785 1 0.7960785 0.7960785 0.7960785 1 0.7647059 0.7647059 0.7647059 1 0.7803922 0.7803922 0.7803922 1 0.7647059 0.7647059 0.7647059 1 0.7960785 0.7960785 0.7960785 1 0.7960785 0.7960785 0.7960785 1 0.7960785 0.7960785 0.7960785 1 0.7803922 0.7803922 0.7803922 1 0.8235294 0.8235294 0.8235294 1 0.7803922 0.7803922 0.7803922 1 0.7960785 0.7960785 0.7960785 1 0.7960785 0.7960785 0.7960785 1 0.7960785 0.7960785 0.7960785 1 0.8235294 0.8235294 0.8235294 1 0.7960785 0.7960785 0.7960785 1 0.8235294 0.8235294 0.8235294 1 0.7960785 0.7960785 0.7960785 1 0.7960785 0.7960785 0.7960785 1 0.8901961 0.8901961 0.8901961 1 0.8235294 0.8235294 0.8235294 1 0.8901961 0.8901961 0.8901961 1 0.7960785 0.7960785 0.7960785 1 0.7686275 0.7686275 0.7686275 1 0.7411765 0.7411765 0.7411765 1 0.7686275 0.7686275 0.7686275 1 0.7960785 0.7960785 0.7960785 1 0.7411765 0.7411765 0.7411765 1 0.7215687 0.7215687 0.7215687 1 0.7607843 0.7607843 0.7607843 1 0.7607843 0.7607843 0.7607843 1 0.7686275 0.7686275 0.7686275 1 0.7411765 0.7411765 0.7411765 1 0.6470589 0.6470589 0.6470589 1 0.7607843 0.7607843 0.7607843 1 0.7215687 0.7215687 0.7215687 1 0.7607843 0.7607843 0.7607843 1 0.6470589 0.6470589 0.6470589 1 0.6705883 0.6705883 0.6705883 1 0.7411765 0.7411765 0.7411765 1 0.6705883 0.6705883 0.6705883 1 0.6470589 0.6470589 0.6470589 1 0.6470589 0.6470589 0.6470589 1 0.7450981 0.7450981 0.7450981 1 0.7411765 0.7411765 0.7411765 1 0.6470589 0.6470589 0.6470589 1 0.7019608 0.7019608 0.7019608 1 0.7450981 0.7450981 0.7450981 1 0.7215687 0.7215687 0.7215687 1 0.7450981 0.7450981 0.7450981 1 0.7019608 0.7019608 0.7019608 1 0.7686275 0.7686275 0.7686275 1 0.7411765 0.7411765 0.7411765 1 0.7450981 0.7450981 0.7450981 1 0.7450981 0.7450981 0.7450981 1 0.7215687 0.7215687 0.7215687 1 0.7686275 0.7686275 0.7686275 1 0.7411765 0.7411765 0.7411765 1 0.7686275 0.7686275 0.7686275 1 0.6156863 0.6156863 0.6156863 1 0.7411765 0.7411765 0.7411765 1 0.7686275 0.7686275 0.7686275 1 0.7215687 0.7215687 0.7215687 1 0.7411765 0.7411765 0.7411765 1 0.7803922 0.7803922 0.7803922 1 0.7686275 0.7686275 0.7686275 1 0.6156863 0.6156863 0.6156863 1 0.7686275 0.7686275 0.7686275 1 0.7803922 0.7803922 0.7803922 1 0.7411765 0.7411765 0.7411765 1 0.6156863 0.6156863 0.6156863 1 0.5686275 0.5686275 0.5686275 1 0.5686275 0.5686275 0.5686275 1 0.6705883 0.6705883 0.6705883 1 0.7411765 0.7411765 0.7411765 1 0.6705883 0.6705883 0.6705883 1 0.7764706 0.7764706 0.7764706 1 0.7607843 0.7607843 0.7607843 1 0.7764706 0.7764706 0.7764706 1 0.6705883 0.6705883 0.6705883 1 0.5411765 0.5411765 0.5411765 1 0.509804 0.509804 0.509804 1 0.5411765 0.5411765 0.5411765 1 0.6705883 0.6705883 0.6705883 1 0.6705883 0.6705883 0.6705883 1 0.5686275 0.5686275 0.5686275 1 0.509804 0.509804 0.509804 1 0.509804 0.509804 0.509804 1 0.509804 0.509804 0.509804 1 0.5411765 0.5411765 0.5411765 1 0.509804 0.509804 0.509804 1 0.509804 0.509804 0.509804 1 0.5686275 0.5686275 0.5686275 1 0.509804 0.509804 0.509804 1 0.509804 0.509804 0.509804 1 0.509804 0.509804 0.509804 1 0.509804 0.509804 0.509804 1 0.509804 0.509804 0.509804 1 0.509804 0.509804 0.509804 1 0.509804 0.509804 0.509804 1 0.509804 0.509804 0.509804 1 0.509804 0.509804 0.509804 1 0.509804 0.509804 0.509804 1 0.509804 0.509804 0.509804 1 0.509804 0.509804 0.509804 1 0.509804 0.509804 0.509804 1 0.509804 0.509804 0.509804 1 0.509804 0.509804 0.509804 1 0.509804 0.509804 0.509804 1 0.509804 0.509804 0.509804 1 0.509804 0.509804 0.509804 1 0.509804 0.509804 0.509804 1 0.509804 0.509804 0.509804 1 0.6078432 0.6078432 0.6078432 1 0.509804 0.509804 0.509804 1 0.509804 0.509804 0.509804 1 0.509804 0.509804 0.509804 1 0.509804 0.509804 0.509804 1 0.6078432 0.6078432 0.6078432 1 0.509804 0.509804 0.509804 1 0.509804 0.509804 0.509804 1 0.509804 0.509804 0.509804 1 0.509804 0.509804 0.509804 1 0.509804 0.509804 0.509804 1 0.509804 0.509804 0.509804 1 0.509804 0.509804 0.509804 1 0.509804 0.509804 0.509804 1 0.509804 0.509804 0.509804 1 0.509804 0.509804 0.509804 1 0.509804 0.509804 0.509804 1 0.5215687 0.5215687 0.5215687 1 0.509804 0.509804 0.509804 1 0.509804 0.509804 0.509804 1 0.509804 0.509804 0.509804 1 0.509804 0.509804 0.509804 1 0.509804 0.509804 0.509804 1 0.509804 0.509804 0.509804 1 0.5215687 0.5215687 0.5215687 1 0.5215687 0.5215687 0.5215687 1 0.509804 0.509804 0.509804 1 0.509804 0.509804 0.509804 1 0.509804 0.509804 0.509804 1 0.5215687 0.5215687 0.5215687 1 0.7137255 0.7137255 0.7137255 1 0.509804 0.509804 0.509804 1 0.7137255 0.7137255 0.7137255 1 0.5215687 0.5215687 0.5215687 1 0.7137255 0.7137255 0.7137255 1 0.509804 0.509804 0.509804 1 0.7372549 0.7372549 0.7372549 1 0.7137255 0.7137255 0.7137255 1 0.7764706 0.7764706 0.7764706 1 0.509804 0.509804 0.509804 1 0.7764706 0.7764706 0.7764706 1 0.7137255 0.7137255 0.7137255 1 0.882353 0.882353 0.882353 1 0.7372549 0.7372549 0.7372549 1 0.882353 0.882353 0.882353 1 0.7137255 0.7137255 0.7137255 1 0.509804 0.509804 0.509804 1 0.7372549 0.7372549 0.7372549 1 0.509804 0.509804 0.509804 1 0.882353 0.882353 0.882353 1 0.7372549 0.7372549 0.7372549 1 0.8901961 0.8901961 0.8901961 1 0.509804 0.509804 0.509804 1 0.8901961 0.8901961 0.8901961 1 0.7372549 0.7372549 0.7372549 1 0.7411765 0.7411765 0.7411765 1 0.7960785 0.7960785 0.7960785 1 0.509804 0.509804 0.509804 1 0.509804 0.509804 0.509804 1 0.509804 0.509804 0.509804 1 0.7411765 0.7411765 0.7411765 1 0.8901961 0.8901961 0.8901961 1 0.509804 0.509804 0.509804 1 0.7960785 0.7960785 0.7960785 1 0.509804 0.509804 0.509804 1 0.509804 0.509804 0.509804 1 0.509804 0.509804 0.509804 1 0.7960785 0.7960785 0.7960785 1 0.7411765 0.7411765 0.7411765 1 0.9490196 0.9490196 0.9490196 1 0.9490196 0.9490196 0.9490196 1 0.9647059 0.9647059 0.9647059 1 0.7960785 0.7960785 0.7960785 1 0.9411765 0.9411765 0.9411765 1 0.7960785 0.7960785 0.7960785 1 0.9647059 0.9647059 0.9647059 1 0.7960785 0.7960785 0.7960785 1 0.9411765 0.9411765 0.9411765 1 0.8901961 0.8901961 0.8901961 1 0.9647059 0.9647059 0.9647059 1 0.9529412 0.9529412 0.9529412 1 0.9411765 0.9411765 0.9411765 1 0.882353 0.882353 0.882353 1 0.8901961 0.8901961 0.8901961 1 0.9411765 0.9411765 0.9411765 1 0.9254902 0.9254902 0.9254902 1 0.9411765 0.9411765 0.9411765 1 0.9529412 0.9529412 0.9529412 1 0.9411765 0.9411765 0.9411765 1 0.9254902 0.9254902 0.9254902 1 0.882353 0.882353 0.882353 1 0.9529412 0.9529412 0.9529412 1 0.7294118 0.7294118 0.7294118 1 0.9254902 0.9254902 0.9254902 1 0.7764706 0.7764706 0.7764706 1 0.882353 0.882353 0.882353 1 0.9254902 0.9254902 0.9254902 1 0.7764706 0.7764706 0.7764706 1 0.9254902 0.9254902 0.9254902 1 0.7294118 0.7294118 0.7294118 1 0.7294118 0.7294118 0.7294118 1 0.509804 0.509804 0.509804 1 0.7764706 0.7764706 0.7764706 1 0.5529412 0.5529412 0.5529412 1 0.509804 0.509804 0.509804 1 0.7294118 0.7294118 0.7294118 1 0.509804 0.509804 0.509804 1 0.7294118 0.7294118 0.7294118 1 0.509804 0.509804 0.509804 1 0.7294118 0.7294118 0.7294118 1 0.9529412 0.9529412 0.9529412 1 0.5529412 0.5529412 0.5529412 1 0.5529412 0.5529412 0.5529412 1 0.8901961 0.8901961 0.8901961 1 0.5137255 0.5137255 0.5137255 1 0.8901961 0.8901961 0.8901961 1 0.5529412 0.5529412 0.5529412 1 0.9529412 0.9529412 0.9529412 1 0.509804 0.509804 0.509804 1 0.5529412 0.5529412 0.5529412 1 0.5137255 0.5137255 0.5137255 1 0.509804 0.509804 0.509804 1 0.5137255 0.5137255 0.5137255 1 0.509804 0.509804 0.509804 1 0.509804 0.509804 0.509804 1 0.509804 0.509804 0.509804 1 0.5137255 0.5137255 0.5137255 1 0.8235294 0.8235294 0.8235294 1 0.5137255 0.5137255 0.5137255 1 0.8901961 0.8901961 0.8901961 1 0.5137255 0.5137255 0.5137255 1 0.8235294 0.8235294 0.8235294 1 0.509804 0.509804 0.509804 1 0.7058824 0.7058824 0.7058824 1 0.509804 0.509804 0.509804 1 0.8235294 0.8235294 0.8235294 1 0.8235294 0.8235294 0.8235294 1 0.9019608 0.9019608 0.9019608 1 0.7058824 0.7058824 0.7058824 1 0.9019608 0.9019608 0.9019608 1 0.8235294 0.8235294 0.8235294 1 0.9490196 0.9490196 0.9490196 1 0.8901961 0.8901961 0.8901961 1 0.9490196 0.9490196 0.9490196 1 0.8235294 0.8235294 0.8235294 1 0.7411765 0.7411765 0.7411765 1 0.6862745 0.6862745 0.6862745 1 0.9019608 0.9019608 0.9019608 1 0.9019608 0.9019608 0.9019608 1 0.9490196 0.9490196 0.9490196 1 0.7411765 0.7411765 0.7411765 1 0.8705883 0.8705883 0.8705883 1 0.7058824 0.7058824 0.7058824 1 0.9019608 0.9019608 0.9019608 1 0.8705883 0.8705883 0.8705883 1 0.9019608 0.9019608 0.9019608 1 0.6862745 0.6862745 0.6862745 1 0.6862745 0.6862745 0.6862745 1 0.6078432 0.6078432 0.6078432 1 0.8705883 0.8705883 0.8705883 1 0.6078432 0.6078432 0.6078432 1 0.6862745 0.6862745 0.6862745 1 0.509804 0.509804 0.509804 1 0.6862745 0.6862745 0.6862745 1 0.7411765 0.7411765 0.7411765 1 0.509804 0.509804 0.509804 1 0.509804 0.509804 0.509804 1 0.509804 0.509804 0.509804 1 0.6862745 0.6862745 0.6862745 1 0.7647059 0.7647059 0.7647059 1 0.8705883 0.8705883 0.8705883 1 0.6078432 0.6078432 0.6078432 1 0.7647059 0.7647059 0.7647059 1 0.7803922 0.7803922 0.7803922 1 0.8705883 0.8705883 0.8705883 1 0.7058824 0.7058824 0.7058824 1 0.8705883 0.8705883 0.8705883 1 0.7803922 0.7803922 0.7803922 1 0.509804 0.509804 0.509804 1 0.7058824 0.7058824 0.7058824 1 0.509804 0.509804 0.509804 1 0.7803922 0.7803922 0.7803922 1 0.509804 0.509804 0.509804 1 0.7058824 0.7058824 0.7058824 1 0.509804 0.509804 0.509804 1 0.6509804 0.6509804 0.6509804 1 0.509804 0.509804 0.509804 1 0.509804 0.509804 0.509804 1 0.7803922 0.7803922 0.7803922 1 0.6509804 0.6509804 0.6509804 1 0.509804 0.509804 0.509804 1 0.5411765 0.5411765 0.5411765 1 0.509804 0.509804 0.509804 1 0.509804 0.509804 0.509804 1 0.509804 0.509804 0.509804 1 0.5411765 0.5411765 0.5411765 1 0.509804 0.509804 0.509804 1 0.509804 0.509804 0.509804 1 0.6509804 0.6509804 0.6509804 1 0.5411765 0.5411765 0.5411765 1 0.509804 0.509804 0.509804 1 0.509804 0.509804 0.509804 1 0.509804 0.509804 0.509804 1 0.509804 0.509804 0.509804 1 0.509804 0.509804 0.509804 1 0.509804 0.509804 0.509804 1 0.509804 0.509804 0.509804 1 0.509804 0.509804 0.509804 1 0.509804 0.509804 0.509804 1 0.5294118 0.5294118 0.5294118 1 0.509804 0.509804 0.509804 1 0.509804 0.509804 0.509804 1 0.509804 0.509804 0.509804 1 0.509804 0.509804 0.509804 1 0.5294118 0.5294118 0.5294118 1 0.509804 0.509804 0.509804 1 0.5568628 0.5568628 0.5568628 1 0.6509804 0.6509804 0.6509804 1 0.5568628 0.5568628 0.5568628 1 0.509804 0.509804 0.509804 1 0.5568628 0.5568628 0.5568628 1 0.9098039 0.9098039 0.9098039 1 0.5294118 0.5294118 0.5294118 1 0.9098039 0.9098039 0.9098039 1 0.5568628 0.5568628 0.5568628 1 0.9098039 0.9098039 0.9098039 1 0.6509804 0.6509804 0.6509804 1 0.9098039 0.9098039 0.9098039 1 0.5568628 0.5568628 0.5568628 1 0.9098039 0.9098039 0.9098039 1 0.6509804 0.6509804 0.6509804 1 0.7803922 0.7803922 0.7803922 1 0.7803922 0.7803922 0.7803922 1 0.8235294 0.8235294 0.8235294 1 0.9098039 0.9098039 0.9098039 1 0.9176471 0.9176471 0.9176471 1 0.9098039 0.9098039 0.9098039 1 0.8235294 0.8235294 0.8235294 1 0.9098039 0.9098039 0.9098039 1 0.9176471 0.9176471 0.9176471 1 0.9098039 0.9098039 0.9098039 1 0.9058824 0.9058824 0.9058824 1 0.9176471 0.9176471 0.9176471 1 0.9176471 0.9176471 0.9176471 1 0.9058824 0.9058824 0.9058824 1 0.9372549 0.9372549 0.9372549 1 0.9176471 0.9176471 0.9176471 1 0.9176471 0.9176471 0.9176471 1 0.8235294 0.8235294 0.8235294 1 0.8901961 0.8901961 0.8901961 1 0.8901961 0.8901961 0.8901961 1 0.9176471 0.9176471 0.9176471 1 0.9176471 0.9176471 0.9176471 1 0.9098039 0.9098039 0.9098039 1 0.9176471 0.9176471 0.9176471 1 0.9372549 0.9372549 0.9372549 1 0.9176471 0.9176471 0.9176471 1 0.8901961 0.8901961 0.8901961 1 0.7333334 0.7333334 0.7333334 1 0.9176471 0.9176471 0.9176471 1 0.7333334 0.7333334 0.7333334 1 0.9058824 0.9058824 0.9058824 1 0.8 0.8 0.8 1 0.7333334 0.7333334 0.7333334 1 0.8901961 0.8901961 0.8901961 1 0.8 0.8 0.8 1 0.7764706 0.7764706 0.7764706 1 0.7333334 0.7333334 0.7333334 1 0.6941177 0.6941177 0.6941177 1 0.9058824 0.9058824 0.9058824 1 0.7333334 0.7333334 0.7333334 1 0.5647059 0.5647059 0.5647059 1 0.7333334 0.7333334 0.7333334 1 0.7764706 0.7764706 0.7764706 1 0.7333334 0.7333334 0.7333334 1 0.5647059 0.5647059 0.5647059 1 0.6941177 0.6941177 0.6941177 1 0.6941177 0.6941177 0.6941177 1 0.8862745 0.8862745 0.8862745 1 0.9058824 0.9058824 0.9058824 1 0.8862745 0.8862745 0.8862745 1 0.6941177 0.6941177 0.6941177 1 0.7294118 0.7294118 0.7294118 1 0.5921569 0.5921569 0.5921569 1 0.7294118 0.7294118 0.7294118 1 0.6941177 0.6941177 0.6941177 1 0.509804 0.509804 0.509804 1 0.6941177 0.6941177 0.6941177 1 0.5647059 0.5647059 0.5647059 1 0.6941177 0.6941177 0.6941177 1 0.509804 0.509804 0.509804 1 0.5921569 0.5921569 0.5921569 1 0.9607843 0.9607843 0.9607843 1 0.8862745 0.8862745 0.8862745 1 0.9294118 0.9294118 0.9294118 1 0.8862745 0.8862745 0.8862745 1 0.9607843 0.9607843 0.9607843 1 0.9058824 0.9058824 0.9058824 1 0.8627451 0.8627451 0.8627451 1 0.9294118 0.9294118 0.9294118 1 0.8862745 0.8862745 0.8862745 1 0.8862745 0.8862745 0.8862745 1 0.7294118 0.7294118 0.7294118 1 0.8627451 0.8627451 0.8627451 1 0.7176471 0.7176471 0.7176471 1 0.8627451 0.8627451 0.8627451 1 0.7294118 0.7294118 0.7294118 1 0.7176471 0.7176471 0.7176471 1 0.8862745 0.8862745 0.8862745 1 0.8627451 0.8627451 0.8627451 1 0.9294118 0.9294118 0.9294118 1 0.8627451 0.8627451 0.8627451 1 0.8862745 0.8862745 0.8862745 1 0.8862745 0.8862745 0.8862745 1 0.7176471 0.7176471 0.7176471 1 0.7607843 0.7607843 0.7607843 1 0.7607843 0.7607843 0.7607843 1 0.6039216 0.6039216 0.6039216 1 0.8862745 0.8862745 0.8862745 1 0.8666667 0.8666667 0.8666667 1 0.8862745 0.8862745 0.8862745 1 0.6039216 0.6039216 0.6039216 1 0.8862745 0.8862745 0.8862745 1 0.8666667 0.8666667 0.8666667 1 0.9294118 0.9294118 0.9294118 1 0.6039216 0.6039216 0.6039216 1 0.509804 0.509804 0.509804 1 0.5294118 0.5294118 0.5294118 1 0.6039216 0.6039216 0.6039216 1 0.7607843 0.7607843 0.7607843 1 0.509804 0.509804 0.509804 1 0.5294118 0.5294118 0.5294118 1 0.8862745 0.8862745 0.8862745 1 0.6039216 0.6039216 0.6039216 1 0.8666667 0.8666667 0.8666667 1 0.6039216 0.6039216 0.6039216 1 0.8862745 0.8862745 0.8862745 1 0.8862745 0.8862745 0.8862745 1 0.5294118 0.5294118 0.5294118 1 0.9098039 0.9098039 0.9098039 1 0.8862745 0.8862745 0.8862745 1 0.9607843 0.9607843 0.9607843 1 0.8666667 0.8666667 0.8666667 1 0.9607843 0.9607843 0.9607843 1 0.8862745 0.8862745 0.8862745 1 0.9372549 0.9372549 0.9372549 1 0.9098039 0.9098039 0.9098039 1 0.9372549 0.9372549 0.9372549 1 0.8862745 0.8862745 0.8862745 1 0.9294118 0.9294118 0.9294118 1 0.8666667 0.8666667 0.8666667 1 0.9607843 0.9607843 0.9607843 1 0.5450981 0.5450981 0.5450981 1 0.509804 0.509804 0.509804 1 0.7607843 0.7607843 0.7607843 1 0.5450981 0.5450981 0.5450981 1 0.7607843 0.7607843 0.7607843 1 0.7176471 0.7176471 0.7176471 1 0.509804 0.509804 0.509804 1 0.5450981 0.5450981 0.5450981 1 0.509804 0.509804 0.509804 1 0.5921569 0.5921569 0.5921569 1 0.509804 0.509804 0.509804 1 0.5450981 0.5450981 0.5450981 1 0.5450981 0.5450981 0.5450981 1 0.7176471 0.7176471 0.7176471 1 0.5921569 0.5921569 0.5921569 1 0.7294118 0.7294118 0.7294118 1 0.5921569 0.5921569 0.5921569 1 0.7176471 0.7176471 0.7176471 1 0.9372549 0.9372549 0.9372549 1 0.9058824 0.9058824 0.9058824 1 0.9607843 0.9607843 0.9607843 1 0.509804 0.509804 0.509804 1 0.5921569 0.5921569 0.5921569 1 0.509804 0.509804 0.509804 1 0.509804 0.509804 0.509804 1 0.509804 0.509804 0.509804 1 0.509804 0.509804 0.509804 1 0.5647059 0.5647059 0.5647059 1 0.509804 0.509804 0.509804 1 0.509804 0.509804 0.509804 1 0.7764706 0.7764706 0.7764706 1 0.5411765 0.5411765 0.5411765 1 0.5647059 0.5647059 0.5647059 1 0.509804 0.509804 0.509804 1 0.5647059 0.5647059 0.5647059 1 0.5411765 0.5411765 0.5411765 1 0.8901961 0.8901961 0.8901961 1 0.7686275 0.7686275 0.7686275 1 0.8 0.8 0.8 1 0.7764706 0.7764706 0.7764706 1 0.8 0.8 0.8 1 0.7686275 0.7686275 0.7686275 1 0.5411765 0.5411765 0.5411765 1 0.509804 0.509804 0.509804 1 0.509804 0.509804 0.509804 1 0.509804 0.509804 0.509804 1 0.509804 0.509804 0.509804 1 0.509804 0.509804 0.509804 1 0.509804 0.509804 0.509804 1 0.5411765 0.5411765 0.5411765 1 0.509804 0.509804 0.509804 1 0.9490196 0.9490196 0.9490196 1 0.8901961 0.8901961 0.8901961 1 0.9647059 0.9647059 0.9647059 1 0.9529412 0.9529412 0.9529412 1 0.9647059 0.9647059 0.9647059 1 0.8901961 0.8901961 0.8901961 1 0.509804 0.509804 0.509804 1 0.509804 0.509804 0.509804 1 0.509804 0.509804 0.509804 1 0.509804 0.509804 0.509804 1 0.509804 0.509804 0.509804 1 0.509804 0.509804 0.509804 1 0.509804 0.509804 0.509804 1 0.509804 0.509804 0.509804 1 0.509804 0.509804 0.509804 1 0.6078432 0.6078432 0.6078432 1 0.509804 0.509804 0.509804 1 0.7647059 0.7647059 0.7647059 1 0.509804 0.509804 0.509804 1 0.509804 0.509804 0.509804 1 0.509804 0.509804 0.509804 1 0.509804 0.509804 0.509804 1 0.509804 0.509804 0.509804 1 0.509804 0.509804 0.509804 1 0.509804 0.509804 0.509804 1 0.509804 0.509804 0.509804 1 0.509804 0.509804 0.509804 1 0.5686275 0.5686275 0.5686275 1 0.6156863 0.6156863 0.6156863 1 0.509804 0.509804 0.509804 1 0.509804 0.509804 0.509804 1 0.509804 0.509804 0.509804 1 0.509804 0.509804 0.509804 1 0.509804 0.509804 0.509804 1 0.6156863 0.6156863 0.6156863 1 0.509804 0.509804 0.509804 1 0.7686275 0.7686275 0.7686275 1 0.7607843 0.7607843 0.7607843 1 0.7764706 0.7764706 0.7764706 1 0.7411765 0.7411765 0.7411765 1 0.7803922 0.7803922 0.7803922 1 0.7803922 0.7803922 0.7803922 1 0.7803922 0.7803922 0.7803922 1 0.6941177 0.6941177 0.6941177 1 0.6156863 0.6156863 0.6156863 1 0.6509804 0.6509804 0.6509804 1 0.509804 0.509804 0.509804 1 0.6941177 0.6941177 0.6941177 1 0.6156863 0.6156863 0.6156863 1 0.5686275 0.5686275 0.5686275 1 0.5647059 0.5647059 0.5647059 1 0.8039216 0.8039216 0.8039216 1 0.7647059 0.7647059 0.7647059 1 0.854902 0.854902 0.854902 1 0.8509804 0.8509804 0.8509804 1 0.854902 0.854902 0.854902 1 0.7647059 0.7647059 0.7647059 1 0.5254902 0.5254902 0.5254902 1 0.7450981 0.7450981 0.7450981 1 0.6156863 0.6156863 0.6156863 1 0.8431373 0.8431373 0.8431373 1 0.6156863 0.6156863 0.6156863 1 0.7450981 0.7450981 0.7450981 1 0.7450981 0.7450981 0.7450981 1 0.8745098 0.8745098 0.8745098 1 0.8431373 0.8431373 0.8431373 1 0.882353 0.882353 0.882353 1 0.8431373 0.8431373 0.8431373 1 0.8745098 0.8745098 0.8745098 1 0.8745098 0.8745098 0.8745098 1 0.8431373 0.8431373 0.8431373 1 0.882353 0.882353 0.882353 1 0.8431373 0.8431373 0.8431373 1 0.882353 0.882353 0.882353 1 0.8431373 0.8431373 0.8431373 1 0.8431373 0.8431373 0.8431373 1 0.6156863 0.6156863 0.6156863 1 0.8431373 0.8431373 0.8431373 1 0.7529412 0.7529412 0.7529412 1 0.8431373 0.8431373 0.8431373 1 0.6156863 0.6156863 0.6156863 1 0.6156863 0.6156863 0.6156863 1 0.5019608 0.5019608 0.5019608 1 0.7529412 0.7529412 0.7529412 1 0.6 0.6 0.6 1 0.7529412 0.7529412 0.7529412 1 0.5019608 0.5019608 0.5019608 1 0.5019608 0.5019608 0.5019608 1 0.4196078 0.4196078 0.4196078 1 0.6 0.6 0.6 1 0.5882353 0.5882353 0.5882353 1 0.6 0.6 0.6 1 0.4196078 0.4196078 0.4196078 1 0.4196078 0.4196078 0.4196078 1 0.5960785 0.5960785 0.5960785 1 0.5882353 0.5882353 0.5882353 1 0.7686275 0.7686275 0.7686275 1 0.5882353 0.5882353 0.5882353 1 0.5960785 0.5960785 0.5960785 1 0.5960785 0.5960785 0.5960785 1 0.5019608 0.5019608 0.5019608 1 0.7686275 0.7686275 0.7686275 1 0.6156863 0.6156863 0.6156863 1 0.7686275 0.7686275 0.7686275 1 0.5019608 0.5019608 0.5019608 1 0.5647059 0.5647059 0.5647059 1 0.8196079 0.8196079 0.8196079 1 0.4784314 0.4784314 0.4784314 1 0.8 0.8 0.8 1 0.4784314 0.4784314 0.4784314 1 0.8196079 0.8196079 0.8196079 1 0.8196079 0.8196079 0.8196079 1 0.8509804 0.8509804 0.8509804 1 0.8 0.8 0.8 1 0.7254902 0.7254902 0.7254902 1 0.8 0.8 0.8 1 0.8509804 0.8509804 0.8509804 1 0.8509804 0.8509804 0.8509804 1 0.7137255 0.7137255 0.7137255 1 0.7254902 0.7254902 0.7254902 1 0.6078432 0.6078432 0.6078432 1 0.7254902 0.7254902 0.7254902 1 0.7137255 0.7137255 0.7137255 1 0.7137255 0.7137255 0.7137255 1 0.5450981 0.5450981 0.5450981 1 0.6078432 0.6078432 0.6078432 1 0.4666666 0.4666666 0.4666666 1 0.6078432 0.6078432 0.6078432 1 0.5450981 0.5450981 0.5450981 1 0.5450981 0.5450981 0.5450981 1 0.6078432 0.6078432 0.6078432 1 0.4666666 0.4666666 0.4666666 1 0.4901961 0.4901961 0.4901961 1 0.4666666 0.4666666 0.4666666 1 0.6078432 0.6078432 0.6078432 1 0.6078432 0.6078432 0.6078432 1 0.4196078 0.4196078 0.4196078 1 0.4901961 0.4901961 0.4901961 1 0.5254902 0.5254902 0.5254902 1 0.4901961 0.4901961 0.4901961 1 0.4196078 0.4196078 0.4196078 1 0.6313726 0.6313726 0.6313726 1 0.7058824 0.7058824 0.7058824 1 0.8039216 0.8039216 0.8039216 1 0.8784314 0.8784314 0.8784314 1 0.8039216 0.8039216 0.8039216 1 0.7058824 0.7058824 0.7058824 1 0.7058824 0.7058824 0.7058824 1 0.8745098 0.8745098 0.8745098 1 0.8784314 0.8784314 0.8784314 1 0.8941177 0.8941177 0.8941177 1 0.8784314 0.8784314 0.8784314 1 0.8745098 0.8745098 0.8745098 1 0.8745098 0.8745098 0.8745098 1 0.8705883 0.8705883 0.8705883 1 0.8941177 0.8941177 0.8941177 1 0.8784314 0.8784314 0.8784314 1 0.8941177 0.8941177 0.8941177 1 0.8705883 0.8705883 0.8705883 1 0.8705883 0.8705883 0.8705883 1 0.8431373 0.8431373 0.8431373 1 0.8784314 0.8784314 0.8784314 1 0.8039216 0.8039216 0.8039216 1 0.8784314 0.8784314 0.8784314 1 0.8431373 0.8431373 0.8431373 1 0.8431373 0.8431373 0.8431373 1 0.7686275 0.7686275 0.7686275 1 0.8039216 0.8039216 0.8039216 1 0.6941177 0.6941177 0.6941177 1 0.8039216 0.8039216 0.8039216 1 0.7686275 0.7686275 0.7686275 1 0.7686275 0.7686275 0.7686275 1 0.4196078 0.4196078 0.4196078 1 0.6941177 0.6941177 0.6941177 1 0.5921569 0.5921569 0.5921569 1 0.6941177 0.6941177 0.6941177 1 0.4196078 0.4196078 0.4196078 1 0.5686275 0.5686275 0.5686275 1 0.7450981 0.7450981 0.7450981 1 0.5647059 0.5647059 0.5647059 1 0.8196079 0.8196079 0.8196079 1 0.5647059 0.5647059 0.5647059 1 0.7450981 0.7450981 0.7450981 1 0.7450981 0.7450981 0.7450981 1 0.7686275 0.7686275 0.7686275 1 0.8196079 0.8196079 0.8196079 1 0.8705883 0.8705883 0.8705883 1 0.8196079 0.8196079 0.8196079 1 0.7686275 0.7686275 0.7686275 1 0.7686275 0.7686275 0.7686275 1 0.8039216 0.8039216 0.8039216 1 0.8705883 0.8705883 0.8705883 1 0.8509804 0.8509804 0.8509804 1 0.8705883 0.8705883 0.8705883 1 0.8039216 0.8039216 0.8039216 1 0.8039216 0.8039216 0.8039216 1 0.8 0.8 0.8 1 0.8509804 0.8509804 0.8509804 1 0.7294118 0.7294118 0.7294118 1 0.8509804 0.8509804 0.8509804 1 0.8 0.8 0.8 1 0.8 0.8 0.8 1 0.4745098 0.4745098 0.4745098 1 0.7294118 0.7294118 0.7294118 1 0.4196078 0.4196078 0.4196078 1 0.7294118 0.7294118 0.7294118 1 0.4745098 0.4745098 0.4745098 1 0.8431373 0.8431373 0.8431373 1 0.7333334 0.7333334 0.7333334 1 0.6156863 0.6156863 0.6156863 1 0.5294118 0.5294118 0.5294118 1 0.6156863 0.6156863 0.6156863 1 0.7333334 0.7333334 0.7333334 1 0.7333334 0.7333334 0.7333334 1 0.5450981 0.5450981 0.5450981 1 0.5294118 0.5294118 0.5294118 1 0.4196078 0.4196078 0.4196078 1 0.5294118 0.5294118 0.5294118 1 0.5450981 0.5450981 0.5450981 1 0.5450981 0.5450981 0.5450981 1 0.5686275 0.5686275 0.5686275 1 0.4196078 0.4196078 0.4196078 1 0.5568628 0.5568628 0.5568628 1 0.4196078 0.4196078 0.4196078 1 0.5686275 0.5686275 0.5686275 1 0.5686275 0.5686275 0.5686275 1 0.8156863 0.8156863 0.8156863 1 0.5568628 0.5568628 0.5568628 1 0.7450981 0.7450981 0.7450981 1 0.5568628 0.5568628 0.5568628 1 0.8156863 0.8156863 0.8156863 1 0.8156863 0.8156863 0.8156863 1 0.8745098 0.8745098 0.8745098 1 0.7450981 0.7450981 0.7450981 1 0.8039216 0.8039216 0.8039216 1 0.7058824 0.7058824 0.7058824 1 0.8784314 0.8784314 0.8784314 1 0.8784314 0.8784314 0.8784314 1 0.8784314 0.8784314 0.8784314 1 0.7058824 0.7058824 0.7058824 1 0.7058824 0.7058824 0.7058824 1 0.8039216 0.8039216 0.8039216 1 0.8784314 0.8784314 0.8784314 1 0.8941177 0.8941177 0.8941177 1 0.8784314 0.8784314 0.8784314 1 0.8039216 0.8039216 0.8039216 1 0.8039216 0.8039216 0.8039216 1 0.8784314 0.8784314 0.8784314 1 0.8941177 0.8941177 0.8941177 1 0.8039216 0.8039216 0.8039216 1 0.8941177 0.8941177 0.8941177 1 0.8784314 0.8784314 0.8784314 1 0.8784314 0.8784314 0.8784314 1 0.7333334 0.7333334 0.7333334 1 0.8039216 0.8039216 0.8039216 1 0.6313726 0.6313726 0.6313726 1 0.8039216 0.8039216 0.8039216 1 0.7333334 0.7333334 0.7333334 1 0.7333334 0.7333334 0.7333334 1 0.5686275 0.5686275 0.5686275 1 0.6313726 0.6313726 0.6313726 1 0.8 0.8 0.8 1 0.7254902 0.7254902 0.7254902 1 0.4784314 0.4784314 0.4784314 1 0.4196078 0.4196078 0.4196078 1 0.4784314 0.4784314 0.4784314 1 0.7254902 0.7254902 0.7254902 1 0.7254902 0.7254902 0.7254902 1 0.6078432 0.6078432 0.6078432 1 0.4196078 0.4196078 0.4196078 1 0.4901961 0.4901961 0.4901961 1 0.4196078 0.4196078 0.4196078 1 0.6078432 0.6078432 0.6078432 1 0.6078432 0.6078432 0.6078432 1 0.4666666 0.4666666 0.4666666 1 0.4901961 0.4901961 0.4901961 1 0.5254902 0.5254902 0.5254902 1 0.4901961 0.4901961 0.4901961 1 0.4666666 0.4666666 0.4666666 1 0.4666666 0.4666666 0.4666666 1 0.4901961 0.4901961 0.4901961 1 0.5254902 0.5254902 0.5254902 1 0.6 0.6 0.6 1 0.5882353 0.5882353 0.5882353 1 0.7529412 0.7529412 0.7529412 1 0.8039216 0.8039216 0.8039216 1 0.7529412 0.7529412 0.7529412 1 0.5882353 0.5882353 0.5882353 1 0.5882353 0.5882353 0.5882353 1 0.7686275 0.7686275 0.7686275 1 0.8039216 0.8039216 0.8039216 1 0.882353 0.882353 0.882353 1 0.8039216 0.8039216 0.8039216 1 0.7686275 0.7686275 0.7686275 1 0.7686275 0.7686275 0.7686275 1 0.8431373 0.8431373 0.8431373 1 0.882353 0.882353 0.882353 1 0.8431373 0.8431373 0.8431373 1 0.882353 0.882353 0.882353 1 0.8431373 0.8431373 0.8431373 1 0.8431373 0.8431373 0.8431373 1 0.6156863 0.6156863 0.6156863 1 0.8431373 0.8431373 0.8431373 1 0.7058824 0.7058824 0.7058824 1 0.6313726 0.6313726 0.6313726 1 0.8039216 0.8039216 0.8039216 1 0.7333334 0.7333334 0.7333334 1 0.8039216 0.8039216 0.8039216 1 0.6313726 0.6313726 0.6313726 1 0.6313726 0.6313726 0.6313726 1 0.5686275 0.5686275 0.5686275 1 0.7333334 0.7333334 0.7333334 1 0.8039216 0.8039216 0.8039216 1 0.7333334 0.7333334 0.7333334 1 0.5686275 0.5686275 0.5686275 1 0.5686275 0.5686275 0.5686275 1 0.7333334 0.7333334 0.7333334 1 0.8039216 0.8039216 0.8039216 1 0.8784314 0.8784314 0.8784314 1 0.8039216 0.8039216 0.8039216 1 0.7333334 0.7333334 0.7333334 1 0.7450981 0.7450981 0.7450981 1 0.5686275 0.5686275 0.5686275 1 0.7686275 0.7686275 0.7686275 1 0.7450981 0.7450981 0.7450981 1 0.7686275 0.7686275 0.7686275 1 0.5686275 0.5686275 0.5686275 1 0.5686275 0.5686275 0.5686275 1 0.5647059 0.5647059 0.5647059 1 0.7450981 0.7450981 0.7450981 1 0.8039216 0.8039216 0.8039216 1 0.7450981 0.7450981 0.7450981 1 0.5647059 0.5647059 0.5647059 1 0.5647059 0.5647059 0.5647059 1 0.4745098 0.4745098 0.4745098 1 0.8039216 0.8039216 0.8039216 1 0.8 0.8 0.8 1 0.8039216 0.8039216 0.8039216 1 0.4745098 0.4745098 0.4745098 1 0.8705883 0.8705883 0.8705883 1 0.8745098 0.8745098 0.8745098 1 0.8431373 0.8431373 0.8431373 1 0.8156863 0.8156863 0.8156863 1 0.8431373 0.8431373 0.8431373 1 0.8745098 0.8745098 0.8745098 1 0.8745098 0.8745098 0.8745098 1 0.7058824 0.7058824 0.7058824 1 0.8156863 0.8156863 0.8156863 1 0.5921569 0.5921569 0.5921569 1 0.8156863 0.8156863 0.8156863 1 0.7058824 0.7058824 0.7058824 1 0.8431373 0.8431373 0.8431373 1 0.8156863 0.8156863 0.8156863 1 0.7686275 0.7686275 0.7686275 1 0.6941177 0.6941177 0.6941177 1 0.7686275 0.7686275 0.7686275 1 0.8156863 0.8156863 0.8156863 1 0.8156863 0.8156863 0.8156863 1 0.5921569 0.5921569 0.5921569 1 0.6941177 0.6941177 0.6941177 1 0.4196078 0.4196078 0.4196078 1 0.6941177 0.6941177 0.6941177 1 0.5921569 0.5921569 0.5921569 1 0.4196078 0.4196078 0.4196078 1 0.6078432 0.6078432 0.6078432 1 0.7294118 0.7294118 0.7294118 1 0.7137255 0.7137255 0.7137255 1 0.7294118 0.7294118 0.7294118 1 0.6078432 0.6078432 0.6078432 1 0.6078432 0.6078432 0.6078432 1 0.5450981 0.5450981 0.5450981 1 0.7137255 0.7137255 0.7137255 1 0.6941177 0.6941177 0.6941177 1 0.5921569 0.5921569 0.5921569 1 0.8039216 0.8039216 0.8039216 1 0.7058824 0.7058824 0.7058824 1 0.8039216 0.8039216 0.8039216 1 0.5921569 0.5921569 0.5921569 1 0.8039216 0.8039216 0.8039216 1 0.7333334 0.7333334 0.7333334 1 0.8784314 0.8784314 0.8784314 1 0.8039216 0.8039216 0.8039216 1 0.8784314 0.8784314 0.8784314 1 0.7333334 0.7333334 0.7333334 1 0.8039216 0.8039216 0.8039216 1 0.882353 0.882353 0.882353 1 0.7529412 0.7529412 0.7529412 1 0.8431373 0.8431373 0.8431373 1 0.7529412 0.7529412 0.7529412 1 0.882353 0.882353 0.882353 1 0.4196078 0.4196078 0.4196078 1 0.5568628 0.5568628 0.5568628 1 0.5254902 0.5254902 0.5254902 1 0.7450981 0.7450981 0.7450981 1 0.5254902 0.5254902 0.5254902 1 0.5568628 0.5568628 0.5568628 1 0.5686275 0.5686275 0.5686275 1 0.5450981 0.5450981 0.5450981 1 0.8156863 0.8156863 0.8156863 1 0.7333334 0.7333334 0.7333334 1 0.8156863 0.8156863 0.8156863 1 0.5450981 0.5450981 0.5450981 1 0.8156863 0.8156863 0.8156863 1 0.7333334 0.7333334 0.7333334 1 0.8745098 0.8745098 0.8745098 1 0.8431373 0.8431373 0.8431373 1 0.8745098 0.8745098 0.8745098 1 0.7333334 0.7333334 0.7333334 1 0.6156863 0.6156863 0.6156863 1 0.8431373 0.8431373 0.8431373 1 0.7686275 0.7686275 0.7686275 1 0.8784314 0.8784314 0.8784314 1 0.8941177 0.8941177 0.8941177 1 0.8784314 0.8784314 0.8784314 1 0.8941177 0.8941177 0.8941177 1 0.8039216 0.8039216 0.8039216 1 0.8784314 0.8784314 0.8784314 1 0.4196078 0.4196078 0.4196078 1 0.4901961 0.4901961 0.4901961 1 0.5254902 0.5254902 0.5254902 1 0.5019608 0.5019608 0.5019608 1 0.5960785 0.5960785 0.5960785 1 0.4196078 0.4196078 0.4196078 1 0.6941177 0.6941177 0.6941177 1 0.4196078 0.4196078 0.4196078 1 0.7686275 0.7686275 0.7686275 1 0.7137255 0.7137255 0.7137255 1 0.8509804 0.8509804 0.8509804 1 0.7294118 0.7294118 0.7294118 1 0.7450981 0.7450981 0.7450981 1 0.8039216 0.8039216 0.8039216 1 0.7686275 0.7686275 0.7686275 1 0.8705883 0.8705883 0.8705883 1 0.8509804 0.8509804 0.8509804 1 0.8196079 0.8196079 0.8196079 1 0.4196078 0.4196078 0.4196078 1 0.5294118 0.5294118 0.5294118 1 0.5568628 0.5568628 0.5568628 1 0.5921569 0.5921569 0.5921569 1 0.5568628 0.5568628 0.5568628 1 0.5294118 0.5294118 0.5294118 1 0.5294118 0.5294118 0.5294118 1 0.5294118 0.5294118 0.5294118 1 0.5921569 0.5921569 0.5921569 1 0.5686275 0.5686275 0.5686275 1 0.5921569 0.5921569 0.5921569 1 0.5294118 0.5294118 0.5294118 1 0.5294118 0.5294118 0.5294118 1 0.5215687 0.5215687 0.5215687 1 0.5686275 0.5686275 0.5686275 1 0.7176471 0.7176471 0.7176471 1 0.5686275 0.5686275 0.5686275 1 0.5215687 0.5215687 0.5215687 1 0.5215687 0.5215687 0.5215687 1 0.6901961 0.6901961 0.6901961 1 0.7176471 0.7176471 0.7176471 1 0.8196079 0.8196079 0.8196079 1 0.7176471 0.7176471 0.7176471 1 0.6901961 0.6901961 0.6901961 1 0.6901961 0.6901961 0.6901961 1 0.7215687 0.7215687 0.7215687 1 0.8196079 0.8196079 0.8196079 1 0.8392157 0.8392157 0.8392157 1 0.8196079 0.8196079 0.8196079 1 0.7215687 0.7215687 0.7215687 1 0.7215687 0.7215687 0.7215687 1 0.7803922 0.7803922 0.7803922 1 0.8392157 0.8392157 0.8392157 1 0.882353 0.882353 0.882353 1 0.8392157 0.8392157 0.8392157 1 0.7803922 0.7803922 0.7803922 1 0.7803922 0.7803922 0.7803922 1 0.7960785 0.7960785 0.7960785 1 0.882353 0.882353 0.882353 1 0.8901961 0.8901961 0.8901961 1 0.882353 0.882353 0.882353 1 0.7960785 0.7960785 0.7960785 1 0.7960785 0.7960785 0.7960785 1 0.7647059 0.7647059 0.7647059 1 0.8901961 0.8901961 0.8901961 1 0.854902 0.854902 0.854902 1 0.8901961 0.8901961 0.8901961 1 0.7647059 0.7647059 0.7647059 1 0.7647059 0.7647059 0.7647059 1 0.6392157 0.6392157 0.6392157 1 0.854902 0.854902 0.854902 1 0.7607843 0.7607843 0.7607843 1 0.854902 0.854902 0.854902 1 0.6392157 0.6392157 0.6392157 1 0.6392157 0.6392157 0.6392157 1 0.5411765 0.5411765 0.5411765 1 0.7607843 0.7607843 0.7607843 1 0.6470589 0.6470589 0.6470589 1 0.7607843 0.7607843 0.7607843 1 0.5411765 0.5411765 0.5411765 1 0.5411765 0.5411765 0.5411765 1 0.4901961 0.4901961 0.4901961 1 0.6470589 0.6470589 0.6470589 1 0.5568628 0.5568628 0.5568628 1 0.6470589 0.6470589 0.6470589 1 0.4901961 0.4901961 0.4901961 1 0.4901961 0.4901961 0.4901961 1 0.4901961 0.4901961 0.4901961 1 0.5568628 0.5568628 0.5568628 1 0.5137255 0.5137255 0.5137255 1 0.5568628 0.5568628 0.5568628 1 0.4901961 0.4901961 0.4901961 1 0.4901961 0.4901961 0.4901961 1 0.5568628 0.5568628 0.5568628 1 0.5137255 0.5137255 0.5137255 1 0.682353 0.682353 0.682353 1 0.5137255 0.5137255 0.5137255 1 0.5568628 0.5568628 0.5568628 1 0.5568628 0.5568628 0.5568628 1 0.7490196 0.7490196 0.7490196 1 0.682353 0.682353 0.682353 1 0.8156863 0.8156863 0.8156863 1 0.682353 0.682353 0.682353 1 0.7490196 0.7490196 0.7490196 1 0.7490196 0.7490196 0.7490196 1 0.882353 0.882353 0.882353 1 0.8156863 0.8156863 0.8156863 1 0.9019608 0.9019608 0.9019608 1 0.8156863 0.8156863 0.8156863 1 0.882353 0.882353 0.882353 1 0.882353 0.882353 0.882353 1 0.9294118 0.9294118 0.9294118 1 0.9019608 0.9019608 0.9019608 1 0.9372549 0.9372549 0.9372549 1 0.9019608 0.9019608 0.9019608 1 0.9294118 0.9294118 0.9294118 1 0.9294118 0.9294118 0.9294118 1 0.9411765 0.9411765 0.9411765 1 0.9372549 0.9372549 0.9372549 1 0.9176471 0.9176471 0.9176471 1 0.9372549 0.9372549 0.9372549 1 0.9411765 0.9411765 0.9411765 1 0.9411765 0.9411765 0.9411765 1 0.9450981 0.9450981 0.9450981 1 0.9176471 0.9176471 0.9176471 1 0.9294118 0.9294118 0.9294118 1 0.9176471 0.9176471 0.9176471 1 0.9450981 0.9450981 0.9450981 1 0.9450981 0.9450981 0.9450981 1 0.9294118 0.9294118 0.9294118 1 0.9294118 0.9294118 0.9294118 1 0.8980392 0.8980392 0.8980392 1 0.9294118 0.9294118 0.9294118 1 0.9294118 0.9294118 0.9294118 1 0.9294118 0.9294118 0.9294118 1 0.9019608 0.9019608 0.9019608 1 0.8980392 0.8980392 0.8980392 1 0.882353 0.882353 0.882353 1 0.8980392 0.8980392 0.8980392 1 0.9019608 0.9019608 0.9019608 1 0.9019608 0.9019608 0.9019608 1 0.8980392 0.8980392 0.8980392 1 0.882353 0.882353 0.882353 1 0.9098039 0.9098039 0.9098039 1 0.882353 0.882353 0.882353 1 0.8980392 0.8980392 0.8980392 1 0.8980392 0.8980392 0.8980392 1 0.9254902 0.9254902 0.9254902 1 0.9098039 0.9098039 0.9098039 1 0.9137255 0.9137255 0.9137255 1 0.9098039 0.9098039 0.9098039 1 0.9254902 0.9254902 0.9254902 1 0.9254902 0.9254902 0.9254902 1 0.9372549 0.9372549 0.9372549 1 0.9137255 0.9137255 0.9137255 1 0.8941177 0.8941177 0.8941177 1 0.9137255 0.9137255 0.9137255 1 0.9372549 0.9372549 0.9372549 1 0.9372549 0.9372549 0.9372549 1 0.9137255 0.9137255 0.9137255 1 0.8941177 0.8941177 0.8941177 1 0.8745098 0.8745098 0.8745098 1 0.8941177 0.8941177 0.8941177 1 0.9137255 0.9137255 0.9137255 1 0.9137255 0.9137255 0.9137255 1 0.854902 0.854902 0.854902 1 0.8745098 0.8745098 0.8745098 1 0.8196079 0.8196079 0.8196079 1 0.8745098 0.8745098 0.8745098 1 0.854902 0.854902 0.854902 1 0.854902 0.854902 0.854902 1 0.7686275 0.7686275 0.7686275 1 0.8196079 0.8196079 0.8196079 1 0.7294118 0.7294118 0.7294118 1 0.8196079 0.8196079 0.8196079 1 0.7686275 0.7686275 0.7686275 1 0.7686275 0.7686275 0.7686275 1 0.6470589 0.6470589 0.6470589 1 0.7294118 0.7294118 0.7294118 1 0.7686275 0.7686275 0.7686275 1 0.7294118 0.7294118 0.7294118 1 0.6470589 0.6470589 0.6470589 1 0.6470589 0.6470589 0.6470589 1 0.682353 0.682353 0.682353 1 0.7686275 0.7686275 0.7686275 1 0.8156863 0.8156863 0.8156863 1 0.7686275 0.7686275 0.7686275 1 0.682353 0.682353 0.682353 1 0.9137255 0.9137255 0.9137255 1 0.8941177 0.8941177 0.8941177 1 0.9098039 0.9098039 0.9098039 1 0.8627451 0.8627451 0.8627451 1 0.9098039 0.9098039 0.9098039 1 0.8941177 0.8941177 0.8941177 1 0.8941177 0.8941177 0.8941177 1 0.8705883 0.8705883 0.8705883 1 0.8627451 0.8627451 0.8627451 1 0.854902 0.854902 0.854902 1 0.8627451 0.8627451 0.8627451 1 0.8705883 0.8705883 0.8705883 1 0.8705883 0.8705883 0.8705883 1 0.8745098 0.8745098 0.8745098 1 0.854902 0.854902 0.854902 1 0.827451 0.827451 0.827451 1 0.854902 0.854902 0.854902 1 0.8745098 0.8745098 0.8745098 1 0.8745098 0.8745098 0.8745098 1 0.8196079 0.8196079 0.8196079 1 0.827451 0.827451 0.827451 1 0.8078432 0.8078432 0.8078432 1 0.827451 0.827451 0.827451 1 0.8196079 0.8196079 0.8196079 1 0.8196079 0.8196079 0.8196079 1 0.7294118 0.7294118 0.7294118 1 0.8078432 0.8078432 0.8078432 1 0.8156863 0.8156863 0.8156863 1 0.8078432 0.8078432 0.8078432 1 0.7294118 0.7294118 0.7294118 1 0.7294118 0.7294118 0.7294118 1 0.7686275 0.7686275 0.7686275 1 0.8156863 0.8156863 0.8156863 1 0.8509804 0.8509804 0.8509804 1 0.8156863 0.8156863 0.8156863 1 0.7686275 0.7686275 0.7686275 1 0.7686275 0.7686275 0.7686275 1 0.8156863 0.8156863 0.8156863 1 0.8509804 0.8509804 0.8509804 1 0.9019608 0.9019608 0.9019608 1 0.8509804 0.8509804 0.8509804 1 0.8156863 0.8156863 0.8156863 1 0.882353 0.882353 0.882353 1 0.9176471 0.9176471 0.9176471 1 0.8392157 0.8392157 0.8392157 1 0.9098039 0.9098039 0.9098039 1 0.8392157 0.8392157 0.8392157 1 0.9176471 0.9176471 0.9176471 1 0.9176471 0.9176471 0.9176471 1 0.9529412 0.9529412 0.9529412 1 0.9098039 0.9098039 0.9098039 1 0.9176471 0.9176471 0.9176471 1 0.9098039 0.9098039 0.9098039 1 0.9529412 0.9529412 0.9529412 1 0.9529412 0.9529412 0.9529412 1 0.9529412 0.9529412 0.9529412 1 0.9176471 0.9176471 0.9176471 1 0.9372549 0.9372549 0.9372549 1 0.9176471 0.9176471 0.9176471 1 0.9529412 0.9529412 0.9529412 1 0.9529412 0.9529412 0.9529412 1 0.9568628 0.9568628 0.9568628 1 0.9372549 0.9372549 0.9372549 1 0.9411765 0.9411765 0.9411765 1 0.9372549 0.9372549 0.9372549 1 0.9568628 0.9568628 0.9568628 1 0.9568628 0.9568628 0.9568628 1 0.9490196 0.9490196 0.9490196 1 0.9411765 0.9411765 0.9411765 1 0.9137255 0.9137255 0.9137255 1 0.9411765 0.9411765 0.9411765 1 0.9490196 0.9490196 0.9490196 1 0.9490196 0.9490196 0.9490196 1 0.9254902 0.9254902 0.9254902 1 0.9137255 0.9137255 0.9137255 1 0.8392157 0.8392157 0.8392157 1 0.9137255 0.9137255 0.9137255 1 0.9254902 0.9254902 0.9254902 1 0.9254902 0.9254902 0.9254902 1 0.882353 0.882353 0.882353 1 0.8392157 0.8392157 0.8392157 1 0.7490196 0.7490196 0.7490196 1 0.8392157 0.8392157 0.8392157 1 0.882353 0.882353 0.882353 1 0.8392157 0.8392157 0.8392157 1 0.9450981 0.9450981 0.9450981 1 0.9137255 0.9137255 0.9137255 1 0.9686275 0.9686275 0.9686275 1 0.9137255 0.9137255 0.9137255 1 0.9450981 0.9450981 0.9450981 1 0.9450981 0.9450981 0.9450981 1 0.9764706 0.9764706 0.9764706 1 0.9686275 0.9686275 0.9686275 1 0.9843137 0.9843137 0.9843137 1 0.9686275 0.9686275 0.9686275 1 0.9764706 0.9764706 0.9764706 1 0.9764706 0.9764706 0.9764706 1 0.9568628 0.9568628 0.9568628 1 0.9843137 0.9843137 0.9843137 1 0.9764706 0.9764706 0.9764706 1 0.9843137 0.9843137 0.9843137 1 0.9568628 0.9568628 0.9568628 1 0.9568628 0.9568628 0.9568628 1 0.9529412 0.9529412 0.9529412 1 0.9764706 0.9764706 0.9764706 1 0.9490196 0.9490196 0.9490196 1 0.9764706 0.9764706 0.9764706 1 0.9529412 0.9529412 0.9529412 1 0.9529412 0.9529412 0.9529412 1 0.9294118 0.9294118 0.9294118 1 0.9490196 0.9490196 0.9490196 1 0.854902 0.854902 0.854902 1 0.9490196 0.9490196 0.9490196 1 0.9294118 0.9294118 0.9294118 1 0.9294118 0.9294118 0.9294118 1 0.9019608 0.9019608 0.9019608 1 0.854902 0.854902 0.854902 1 0.8156863 0.8156863 0.8156863 1 0.854902 0.854902 0.854902 1 0.9019608 0.9019608 0.9019608 1 0.9019608 0.9019608 0.9019608 1 0.854902 0.854902 0.854902 1 0.8156863 0.8156863 0.8156863 1 0.7568628 0.7568628 0.7568628 1 0.8156863 0.8156863 0.8156863 1 0.854902 0.854902 0.854902 1 0.8392157 0.8392157 0.8392157 1 0.9098039 0.9098039 0.9098039 1 0.8196079 0.8196079 0.8196079 1 0.8392157 0.8392157 0.8392157 1 0.8196079 0.8196079 0.8196079 1 0.9098039 0.9098039 0.9098039 1 0.9098039 0.9098039 0.9098039 1 0.9176471 0.9176471 0.9176471 1 0.8392157 0.8392157 0.8392157 1 0.8862745 0.8862745 0.8862745 1 0.8392157 0.8392157 0.8392157 1 0.9176471 0.9176471 0.9176471 1 0.9176471 0.9176471 0.9176471 1 0.9372549 0.9372549 0.9372549 1 0.8862745 0.8862745 0.8862745 1 0.8862745 0.8862745 0.8862745 1 0.8862745 0.8862745 0.8862745 1 0.9372549 0.9372549 0.9372549 1 0.9372549 0.9372549 0.9372549 1 0.9411765 0.9411765 0.9411765 1 0.8862745 0.8862745 0.8862745 1 0.8784314 0.8784314 0.8784314 1 0.8862745 0.8862745 0.8862745 1 0.9411765 0.9411765 0.9411765 1 0.9411765 0.9411765 0.9411765 1 0.9137255 0.9137255 0.9137255 1 0.8784314 0.8784314 0.8784314 1 0.7607843 0.7607843 0.7607843 1 0.8784314 0.8784314 0.8784314 1 0.9137255 0.9137255 0.9137255 1 0.9137255 0.9137255 0.9137255 1 0.8392157 0.8392157 0.8392157 1 0.7607843 0.7607843 0.7607843 1 0.6470589 0.6470589 0.6470589 1 0.7607843 0.7607843 0.7607843 1 0.8392157 0.8392157 0.8392157 1 0.8392157 0.8392157 0.8392157 1 0.7490196 0.7490196 0.7490196 1 0.6470589 0.6470589 0.6470589 1 0.5568628 0.5568628 0.5568628 1 0.6470589 0.6470589 0.6470589 1 0.7490196 0.7490196 0.7490196 1 0.9019608 0.9019608 0.9019608 1 0.9294118 0.9294118 0.9294118 1 0.8980392 0.8980392 0.8980392 1 0.9294118 0.9294118 0.9294118 1 0.8980392 0.8980392 0.8980392 1 0.9294118 0.9294118 0.9294118 1 0.9294118 0.9294118 0.9294118 1 0.9450981 0.9450981 0.9450981 1 0.9294118 0.9294118 0.9294118 1 0.9254902 0.9254902 0.9254902 1 0.9294118 0.9294118 0.9294118 1 0.9450981 0.9450981 0.9450981 1 0.9450981 0.9450981 0.9450981 1 0.9411765 0.9411765 0.9411765 1 0.9254902 0.9254902 0.9254902 1 0.9372549 0.9372549 0.9372549 1 0.9254902 0.9254902 0.9254902 1 0.9411765 0.9411765 0.9411765 1 0.9411765 0.9411765 0.9411765 1 0.9372549 0.9372549 0.9372549 1 0.9372549 0.9372549 0.9372549 1 0.9019608 0.9019608 0.9019608 1 0.9372549 0.9372549 0.9372549 1 0.9372549 0.9372549 0.9372549 1 0.9372549 0.9372549 0.9372549 1 0.882353 0.882353 0.882353 1 0.9019608 0.9019608 0.9019608 1 0.8196079 0.8196079 0.8196079 1 0.9019608 0.9019608 0.9019608 1 0.882353 0.882353 0.882353 1 0.882353 0.882353 0.882353 1 0.7529412 0.7529412 0.7529412 1 0.8196079 0.8196079 0.8196079 1 0.682353 0.682353 0.682353 1 0.8196079 0.8196079 0.8196079 1 0.7529412 0.7529412 0.7529412 1 0.7529412 0.7529412 0.7529412 1 0.5568628 0.5568628 0.5568628 1 0.682353 0.682353 0.682353 1 0.5137255 0.5137255 0.5137255 1 0.682353 0.682353 0.682353 1 0.5568628 0.5568628 0.5568628 1 0.8196079 0.8196079 0.8196079 1 0.8392157 0.8392157 0.8392157 1 0.7176471 0.7176471 0.7176471 1 0.7803922 0.7803922 0.7803922 1 0.7176471 0.7176471 0.7176471 1 0.8392157 0.8392157 0.8392157 1 0.8392157 0.8392157 0.8392157 1 0.8862745 0.8862745 0.8862745 1 0.7803922 0.7803922 0.7803922 1 0.7960785 0.7960785 0.7960785 1 0.7803922 0.7803922 0.7803922 1 0.8862745 0.8862745 0.8862745 1 0.8862745 0.8862745 0.8862745 1 0.8862745 0.8862745 0.8862745 1 0.7960785 0.7960785 0.7960785 1 0.7647059 0.7647059 0.7647059 1 0.7960785 0.7960785 0.7960785 1 0.8862745 0.8862745 0.8862745 1 0.8862745 0.8862745 0.8862745 1 0.8784314 0.8784314 0.8784314 1 0.7647059 0.7647059 0.7647059 1 0.6431373 0.6431373 0.6431373 1 0.7647059 0.7647059 0.7647059 1 0.8784314 0.8784314 0.8784314 1 0.8784314 0.8784314 0.8784314 1 0.7607843 0.7607843 0.7607843 1 0.6431373 0.6431373 0.6431373 1 0.5411765 0.5411765 0.5411765 1 0.6431373 0.6431373 0.6431373 1 0.7607843 0.7607843 0.7607843 1 0.7607843 0.7607843 0.7607843 1 0.6470589 0.6470589 0.6470589 1 0.5411765 0.5411765 0.5411765 1 0.4901961 0.4901961 0.4901961 1 0.5411765 0.5411765 0.5411765 1 0.6470589 0.6470589 0.6470589 1 0.4196078 0.4196078 0.4196078 1 0.4901961 0.4901961 0.4901961 1 0.4196078 0.4196078 0.4196078 1 0.5882353 0.5882353 0.5882353 1 0.4196078 0.4196078 0.4196078 1 0.4901961 0.4901961 0.4901961 1 0.4901961 0.4901961 0.4901961 1 0.8392157 0.8392157 0.8392157 1 0.5882353 0.5882353 0.5882353 1 0.9019608 0.9019608 0.9019608 1 0.5882353 0.5882353 0.5882353 1 0.8392157 0.8392157 0.8392157 1 0.8392157 0.8392157 0.8392157 1 0.9294118 0.9294118 0.9294118 1 0.9019608 0.9019608 0.9019608 1 0.9647059 0.9647059 0.9647059 1 0.9019608 0.9019608 0.9019608 1 0.9294118 0.9294118 0.9294118 1 0.9294118 0.9294118 0.9294118 1 0.9529412 0.9529412 0.9529412 1 0.9647059 0.9647059 0.9647059 1 0.9764706 0.9764706 0.9764706 1 0.9647059 0.9647059 0.9647059 1 0.9529412 0.9529412 0.9529412 1 0.9529412 0.9529412 0.9529412 1 0.9803922 0.9803922 0.9803922 1 0.9764706 0.9764706 0.9764706 1 0.9882353 0.9882353 0.9882353 1 0.9764706 0.9764706 0.9764706 1 0.9803922 0.9803922 0.9803922 1 0.9098039 0.9098039 0.9098039 1 0.8627451 0.8627451 0.8627451 1 0.882353 0.882353 0.882353 1 0.854902 0.854902 0.854902 1 0.882353 0.882353 0.882353 1 0.8627451 0.8627451 0.8627451 1 0.8627451 0.8627451 0.8627451 1 0.854902 0.854902 0.854902 1 0.854902 0.854902 0.854902 1 0.854902 0.854902 0.854902 1 0.854902 0.854902 0.854902 1 0.854902 0.854902 0.854902 1 0.854902 0.854902 0.854902 1 0.8196079 0.8196079 0.8196079 1 0.854902 0.854902 0.854902 1 0.854902 0.854902 0.854902 1 0.854902 0.854902 0.854902 1 0.8196079 0.8196079 0.8196079 1 0.8196079 0.8196079 0.8196079 1 0.827451 0.827451 0.827451 1 0.854902 0.854902 0.854902 1 0.8745098 0.8745098 0.8745098 1 0.854902 0.854902 0.854902 1 0.827451 0.827451 0.827451 1 0.827451 0.827451 0.827451 1 0.8156863 0.8156863 0.8156863 1 0.8745098 0.8745098 0.8745098 1 0.8509804 0.8509804 0.8509804 1 0.8745098 0.8745098 0.8745098 1 0.8156863 0.8156863 0.8156863 1 0.4196078 0.4196078 0.4196078 1 0.5882353 0.5882353 0.5882353 1 0.4196078 0.4196078 0.4196078 1 0.7176471 0.7176471 0.7176471 1 0.4196078 0.4196078 0.4196078 1 0.5882353 0.5882353 0.5882353 1 0.5882353 0.5882353 0.5882353 1 0.9019608 0.9019608 0.9019608 1 0.7176471 0.7176471 0.7176471 1 0.8509804 0.8509804 0.8509804 1 0.7176471 0.7176471 0.7176471 1 0.9019608 0.9019608 0.9019608 1 0.9019608 0.9019608 0.9019608 1 0.9490196 0.9490196 0.9490196 1 0.8509804 0.8509804 0.8509804 1 0.9372549 0.9372549 0.9372549 1 0.8509804 0.8509804 0.8509804 1 0.9490196 0.9490196 0.9490196 1 0.9490196 0.9490196 0.9490196 1 0.9843137 0.9843137 0.9843137 1 0.9372549 0.9372549 0.9372549 1 0.9803922 0.9803922 0.9803922 1 0.9372549 0.9372549 0.9372549 1 0.9843137 0.9843137 0.9843137 1 0.9843137 0.9843137 0.9843137 1 0.9882353 0.9882353 0.9882353 1 0.9803922 0.9803922 0.9803922 1 0.4196078 0.4196078 0.4196078 1 0.4196078 0.4196078 0.4196078 1 0.4901961 0.4901961 0.4901961 1 0.7411765 0.7411765 0.7411765 1 0.4901961 0.4901961 0.4901961 1 0.4196078 0.4196078 0.4196078 1 0.4196078 0.4196078 0.4196078 1 0.5803922 0.5803922 0.5803922 1 0.7411765 0.7411765 0.7411765 1 0.8352941 0.8352941 0.8352941 1 0.7411765 0.7411765 0.7411765 1 0.5803922 0.5803922 0.5803922 1 0.5803922 0.5803922 0.5803922 1 0.7529412 0.7529412 0.7529412 1 0.8352941 0.8352941 0.8352941 1 0.8509804 0.8509804 0.8509804 1 0.8352941 0.8352941 0.8352941 1 0.7529412 0.7529412 0.7529412 1 0.7529412 0.7529412 0.7529412 1 0.8 0.8 0.8 1 0.8509804 0.8509804 0.8509804 1 0.9137255 0.9137255 0.9137255 1 0.8509804 0.8509804 0.8509804 1 0.8 0.8 0.8 1 0.8 0.8 0.8 1 0.8431373 0.8431373 0.8431373 1 0.9137255 0.9137255 0.9137255 1 0.4196078 0.4196078 0.4196078 1 0.4901961 0.4901961 0.4901961 1 0.4196078 0.4196078 0.4196078 1 0.7411765 0.7411765 0.7411765 1 0.4196078 0.4196078 0.4196078 1 0.4901961 0.4901961 0.4901961 1 0.4901961 0.4901961 0.4901961 1 0.8392157 0.8392157 0.8392157 1 0.7411765 0.7411765 0.7411765 1 0.8352941 0.8352941 0.8352941 1 0.7411765 0.7411765 0.7411765 1 0.8392157 0.8392157 0.8392157 1 0.8392157 0.8392157 0.8392157 1 0.9294118 0.9294118 0.9294118 1 0.8352941 0.8352941 0.8352941 1 0.9450981 0.9450981 0.9450981 1 0.8352941 0.8352941 0.8352941 1 0.9294118 0.9294118 0.9294118 1 0.9294118 0.9294118 0.9294118 1 0.9607843 0.9607843 0.9607843 1 0.9450981 0.9450981 0.9450981 1 0.9882353 0.9882353 0.9882353 1 0.9450981 0.9450981 0.9450981 1 0.9607843 0.9607843 0.9607843 1 0.9607843 0.9607843 0.9607843 1 0.9803922 0.9803922 0.9803922 1 0.9882353 0.9882353 0.9882353 1 0.7647059 0.7647059 0.7647059 1 0.4901961 0.4901961 0.4901961 1 0.6392157 0.6392157 0.6392157 1 0.5411765 0.5411765 0.5411765 1 0.6392157 0.6392157 0.6392157 1 0.4901961 0.4901961 0.4901961 1 0.4901961 0.4901961 0.4901961 1 0.4392157 0.4392157 0.4392157 1 0.5411765 0.5411765 0.5411765 1 0.4901961 0.4901961 0.4901961 1 0.5411765 0.5411765 0.5411765 1 0.4392157 0.4392157 0.4392157 1 0.4392157 0.4392157 0.4392157 1 0.4431372 0.4431372 0.4431372 1 0.4901961 0.4901961 0.4901961 1 0.4901961 0.4901961 0.4901961 1 0.4901961 0.4901961 0.4901961 1 0.4431372 0.4431372 0.4431372 1 0.4431372 0.4431372 0.4431372 1 0.4901961 0.4901961 0.4901961 1 0.4901961 0.4901961 0.4901961 1 0.5568628 0.5568628 0.5568628 1 0.4901961 0.4901961 0.4901961 1 0.4901961 0.4901961 0.4901961 1 0.4901961 0.4901961 0.4901961 1 0.6470589 0.6470589 0.6470589 1 0.5568628 0.5568628 0.5568628 1 0.6470589 0.6470589 0.6470589 1 0.8392157 0.8392157 0.8392157 1 0.7607843 0.7607843 0.7607843 1 0.9137255 0.9137255 0.9137255 1 0.7607843 0.7607843 0.7607843 1 0.8392157 0.8392157 0.8392157 1 0.8392157 0.8392157 0.8392157 1 0.9294118 0.9294118 0.9294118 1 0.9137255 0.9137255 0.9137255 1 0.9490196 0.9490196 0.9490196 1 0.9137255 0.9137255 0.9137255 1 0.9294118 0.9294118 0.9294118 1 0.9294118 0.9294118 0.9294118 1 0.9529412 0.9529412 0.9529412 1 0.9490196 0.9490196 0.9490196 1 0.9529412 0.9529412 0.9529412 1 0.9490196 0.9490196 0.9490196 1 0.9529412 0.9529412 0.9529412 1 0.9529412 0.9529412 0.9529412 1 0.9450981 0.9450981 0.9450981 1 0.9529412 0.9529412 0.9529412 1 0.9450981 0.9450981 0.9450981 1 0.9529412 0.9529412 0.9529412 1 0.9450981 0.9450981 0.9450981 1 0.9450981 0.9450981 0.9450981 1 0.9294118 0.9294118 0.9294118 1 0.9450981 0.9450981 0.9450981 1 0.854902 0.854902 0.854902 1 0.854902 0.854902 0.854902 1 0.854902 0.854902 0.854902 1 0.8627451 0.8627451 0.8627451 1 0.854902 0.854902 0.854902 1 0.854902 0.854902 0.854902 1 0.854902 0.854902 0.854902 1 0.8745098 0.8745098 0.8745098 1 0.8627451 0.8627451 0.8627451 1 0.8941177 0.8941177 0.8941177 1 0.8627451 0.8627451 0.8627451 1 0.8745098 0.8745098 0.8745098 1 0.8745098 0.8745098 0.8745098 1 0.8745098 0.8745098 0.8745098 1 0.8941177 0.8941177 0.8941177 1 0.9137255 0.9137255 0.9137255 1 0.8941177 0.8941177 0.8941177 1 0.8745098 0.8745098 0.8745098 1 0.8745098 0.8745098 0.8745098 1 0.8509804 0.8509804 0.8509804 1 0.9137255 0.9137255 0.9137255 1 0.9019608 0.9019608 0.9019608 1 0.9137255 0.9137255 0.9137255 1 0.8509804 0.8509804 0.8509804 1 0.5568628 0.5568628 0.5568628 1 0.7529412 0.7529412 0.7529412 1 0.6470589 0.6470589 0.6470589 1 0.8392157 0.8392157 0.8392157 1 0.6470589 0.6470589 0.6470589 1 0.7529412 0.7529412 0.7529412 1 0.7529412 0.7529412 0.7529412 1 0.882353 0.882353 0.882353 1 0.8392157 0.8392157 0.8392157 1 0.9294118 0.9294118 0.9294118 1 0.8392157 0.8392157 0.8392157 1 0.882353 0.882353 0.882353 1 0.882353 0.882353 0.882353 1 0.9372549 0.9372549 0.9372549 1 0.9294118 0.9294118 0.9294118 1 0.9529412 0.9529412 0.9529412 1 0.9294118 0.9294118 0.9294118 1 0.9372549 0.9372549 0.9372549 1 0.9372549 0.9372549 0.9372549 1 0.9411765 0.9411765 0.9411765 1 0.9529412 0.9529412 0.9529412 1 0.9450981 0.9450981 0.9450981 1 0.9529412 0.9529412 0.9529412 1 0.9411765 0.9411765 0.9411765 1 0.682353 0.682353 0.682353 1 0.6470589 0.6470589 0.6470589 1 0.5137255 0.5137255 0.5137255 1 0.682353 0.682353 0.682353 1 0.5137255 0.5137255 0.5137255 1 0.6470589 0.6470589 0.6470589 1 0.6470589 0.6470589 0.6470589 1 0.7686275 0.7686275 0.7686275 1 0.682353 0.682353 0.682353 1 0.8196079 0.8196079 0.8196079 1 0.682353 0.682353 0.682353 1 0.7686275 0.7686275 0.7686275 1 0.7686275 0.7686275 0.7686275 1 0.854902 0.854902 0.854902 1 0.8196079 0.8196079 0.8196079 1 0.9019608 0.9019608 0.9019608 1 0.8196079 0.8196079 0.8196079 1 0.854902 0.854902 0.854902 1 0.854902 0.854902 0.854902 1 0.9137255 0.9137255 0.9137255 1 0.9019608 0.9019608 0.9019608 1 0.9372549 0.9372549 0.9372549 1 0.9019608 0.9019608 0.9019608 1 0.9137255 0.9137255 0.9137255 1 0.9568628 0.9568628 0.9568628 1 0.9058824 0.9058824 0.9058824 1 0.9450981 0.9450981 0.9450981 1 0.8352941 0.8352941 0.8352941 1 0.9450981 0.9450981 0.9450981 1 0.9058824 0.9058824 0.9058824 1 0.9058824 0.9058824 0.9058824 1 0.8509804 0.8509804 0.8509804 1 0.8352941 0.8352941 0.8352941 1 0.7529412 0.7529412 0.7529412 1 0.8352941 0.8352941 0.8352941 1 0.8509804 0.8509804 0.8509804 1 0.8509804 0.8509804 0.8509804 1 0.8 0.8 0.8 1 0.7529412 0.7529412 0.7529412 1 0.7607843 0.7607843 0.7607843 1 0.7529412 0.7529412 0.7529412 1 0.8 0.8 0.8 1 0.8 0.8 0.8 1 0.7764706 0.7764706 0.7764706 1 0.7607843 0.7607843 0.7607843 1 0.882353 0.882353 0.882353 1 0.7607843 0.7607843 0.7607843 1 0.7764706 0.7764706 0.7764706 1 0.972549 0.972549 0.972549 1 0.9490196 0.9490196 0.9490196 1 0.9529412 0.9529412 0.9529412 1 0.9294118 0.9294118 0.9294118 1 0.9529412 0.9529412 0.9529412 1 0.9490196 0.9490196 0.9490196 1 0.9490196 0.9490196 0.9490196 1 0.854902 0.854902 0.854902 1 0.9294118 0.9294118 0.9294118 1 0.9019608 0.9019608 0.9019608 1 0.9294118 0.9294118 0.9294118 1 0.854902 0.854902 0.854902 1 0.854902 0.854902 0.854902 1 0.8117647 0.8117647 0.8117647 1 0.9019608 0.9019608 0.9019608 1 0.854902 0.854902 0.854902 1 0.9019608 0.9019608 0.9019608 1 0.8117647 0.8117647 0.8117647 1 0.8117647 0.8117647 0.8117647 1 0.7529412 0.7529412 0.7529412 1 0.854902 0.854902 0.854902 1 0.6705883 0.6705883 0.6705883 1 0.854902 0.854902 0.854902 1 0.7529412 0.7529412 0.7529412 1 0.4901961 0.4901961 0.4901961 1 0.5725491 0.5725491 0.5725491 1 0.7882353 0.7882353 0.7882353 1 0.8313726 0.8313726 0.8313726 1 0.7882353 0.7882353 0.7882353 1 0.5725491 0.5725491 0.5725491 1 0.5725491 0.5725491 0.5725491 1 0.8941177 0.8941177 0.8941177 1 0.8313726 0.8313726 0.8313726 1 0.9294118 0.9294118 0.9294118 1 0.8313726 0.8313726 0.8313726 1 0.8941177 0.8941177 0.8941177 1 0.8941177 0.8941177 0.8941177 1 0.972549 0.972549 0.972549 1 0.9294118 0.9294118 0.9294118 1 0.9803922 0.9803922 0.9803922 1 0.9294118 0.9294118 0.9294118 1 0.972549 0.972549 0.972549 1 0.972549 0.972549 0.972549 1 0.9882353 0.9882353 0.9882353 1 0.9803922 0.9803922 0.9803922 1 0.7607843 0.7607843 0.7607843 1 0.9137255 0.9137255 0.9137255 1 0.854902 0.854902 0.854902 1 0.9411765 0.9411765 0.9411765 1 0.854902 0.854902 0.854902 1 0.9137255 0.9137255 0.9137255 1 0.9137255 0.9137255 0.9137255 1 0.9490196 0.9490196 0.9490196 1 0.9411765 0.9411765 0.9411765 1 0.9568628 0.9568628 0.9568628 1 0.9411765 0.9411765 0.9411765 1 0.9490196 0.9490196 0.9490196 1 0.9490196 0.9490196 0.9490196 1 0.9529412 0.9529412 0.9529412 1 0.9568628 0.9568628 0.9568628 1 0.9529412 0.9529412 0.9529412 1 0.9568628 0.9568628 0.9568628 1 0.9529412 0.9529412 0.9529412 1 0.9529412 0.9529412 0.9529412 1 0.9450981 0.9450981 0.9450981 1 0.9529412 0.9529412 0.9529412 1 0.4901961 0.4901961 0.4901961 1 0.7882353 0.7882353 0.7882353 1 0.5725491 0.5725491 0.5725491 1 0.8352941 0.8352941 0.8352941 1 0.5725491 0.5725491 0.5725491 1 0.7882353 0.7882353 0.7882353 1 0.7882353 0.7882353 0.7882353 1 0.9294118 0.9294118 0.9294118 1 0.8352941 0.8352941 0.8352941 1 0.8941177 0.8941177 0.8941177 1 0.8352941 0.8352941 0.8352941 1 0.9294118 0.9294118 0.9294118 1 0.9294118 0.9294118 0.9294118 1 0.972549 0.972549 0.972549 1 0.8941177 0.8941177 0.8941177 1 0.9372549 0.9372549 0.9372549 1 0.8941177 0.8941177 0.8941177 1 0.972549 0.972549 0.972549 1 0.972549 0.972549 0.972549 1 0.9372549 0.9372549 0.9372549 1 0.9372549 0.9372549 0.9372549 1 0.4196078 0.4196078 0.4196078 1 0.4196078 0.4196078 0.4196078 1 0.4901961 0.4901961 0.4901961 1 0.5882353 0.5882353 0.5882353 1 0.4901961 0.4901961 0.4901961 1 0.4196078 0.4196078 0.4196078 1 0.4196078 0.4196078 0.4196078 1 0.4196078 0.4196078 0.4196078 1 0.5882353 0.5882353 0.5882353 1 0.7176471 0.7176471 0.7176471 1 0.5882353 0.5882353 0.5882353 1 0.4196078 0.4196078 0.4196078 1 0.4196078 0.4196078 0.4196078 1 0.4901961 0.4901961 0.4901961 1 0.7176471 0.7176471 0.7176471 1 0.8509804 0.8509804 0.8509804 1 0.7176471 0.7176471 0.7176471 1 0.4901961 0.4901961 0.4901961 1 0.4901961 0.4901961 0.4901961 1 0.7882353 0.7882353 0.7882353 1 0.8509804 0.8509804 0.8509804 1 0.8117647 0.8117647 0.8117647 1 0.8627451 0.8627451 0.8627451 1 0.8431373 0.8431373 0.8431373 1 0.9137255 0.9137255 0.9137255 1 0.8431373 0.8431373 0.8431373 1 0.8627451 0.8627451 0.8627451 1 0.8627451 0.8627451 0.8627451 1 0.9137255 0.9137255 0.9137255 1 0.9137255 0.9137255 0.9137255 1 0.9568628 0.9568628 0.9568628 1 0.9137255 0.9137255 0.9137255 1 0.9137255 0.9137255 0.9137255 1 0.9137255 0.9137255 0.9137255 1 0.9529412 0.9529412 0.9529412 1 0.9568628 0.9568628 0.9568628 1 0.9803922 0.9803922 0.9803922 1 0.9568628 0.9568628 0.9568628 1 0.9529412 0.9529412 0.9529412 1 0.9529412 0.9529412 0.9529412 1 0.9843137 0.9843137 0.9843137 1 0.9803922 0.9803922 0.9803922 1 0.882353 0.882353 0.882353 1 0.9254902 0.9254902 0.9254902 1 0.9294118 0.9294118 0.9294118 1 0.9490196 0.9490196 0.9490196 1 0.9294118 0.9294118 0.9294118 1 0.9254902 0.9254902 0.9254902 1 0.9254902 0.9254902 0.9254902 1 0.9490196 0.9490196 0.9490196 1 0.9490196 0.9490196 0.9490196 1 0.9490196 0.9490196 0.9490196 1 0.9490196 0.9490196 0.9490196 1 0.9490196 0.9490196 0.9490196 1 0.9490196 0.9490196 0.9490196 1 0.9568628 0.9568628 0.9568628 1 0.9490196 0.9490196 0.9490196 1 0.9529412 0.9529412 0.9529412 1 0.9490196 0.9490196 0.9490196 1 0.9568628 0.9568628 0.9568628 1 0.9568628 0.9568628 0.9568628 1 0.9529412 0.9529412 0.9529412 1 0.9529412 0.9529412 0.9529412 1 0.8392157 0.8392157 0.8392157 1 0.8980392 0.8980392 0.8980392 1 0.9294118 0.9294118 0.9294118 1 0.9686275 0.9686275 0.9686275 1 0.9294118 0.9294118 0.9294118 1 0.8980392 0.8980392 0.8980392 1 0.8980392 0.8980392 0.8980392 1 0.9764706 0.9764706 0.9764706 1 0.9686275 0.9686275 0.9686275 1 0.9764706 0.9764706 0.9764706 1 0.9686275 0.9686275 0.9686275 1 0.9764706 0.9764706 0.9764706 1 0.9764706 0.9764706 0.9764706 1 0.9843137 0.9843137 0.9843137 1 0.9764706 0.9764706 0.9764706 1 0.9882353 0.9882353 0.9882353 1 0.9764706 0.9764706 0.9764706 1 0.9843137 0.9843137 0.9843137 1 0.9843137 0.9843137 0.9843137 1 0.9803922 0.9803922 0.9803922 1 0.9882353 0.9882353 0.9882353 1 0.5882353 0.5882353 0.5882353 1 0.5215687 0.5215687 0.5215687 1 0.6745098 0.6745098 0.6745098 1 0.5882353 0.5882353 0.5882353 1 0.6745098 0.6745098 0.6745098 1 0.5215687 0.5215687 0.5215687 1 0.5215687 0.5215687 0.5215687 1 0.5254902 0.5254902 0.5254902 1 0.5882353 0.5882353 0.5882353 1 0.5647059 0.5647059 0.5647059 1 0.5882353 0.5882353 0.5882353 1 0.5254902 0.5254902 0.5254902 1 0.5254902 0.5254902 0.5254902 1 0.5372549 0.5372549 0.5372549 1 0.5647059 0.5647059 0.5647059 1 0.5372549 0.5372549 0.5372549 1 0.5647059 0.5647059 0.5647059 1 0.5372549 0.5372549 0.5372549 1 0.5372549 0.5372549 0.5372549 1 0.4627451 0.4627451 0.4627451 1 0.5372549 0.5372549 0.5372549 1 0.8431373 0.8431373 0.8431373 1 0.9098039 0.9098039 0.9098039 1 0.8627451 0.8627451 0.8627451 1 0.9137255 0.9137255 0.9137255 1 0.8627451 0.8627451 0.8627451 1 0.9098039 0.9098039 0.9098039 1 0.9098039 0.9098039 0.9098039 1 0.9568628 0.9568628 0.9568628 1 0.9137255 0.9137255 0.9137255 1 0.9490196 0.9490196 0.9490196 1 0.9137255 0.9137255 0.9137255 1 0.9568628 0.9568628 0.9568628 1 0.9568628 0.9568628 0.9568628 1 0.9843137 0.9843137 0.9843137 1 0.9490196 0.9490196 0.9490196 1 0.9882353 0.9882353 0.9882353 1 0.9490196 0.9490196 0.9490196 1 0.9843137 0.9843137 0.9843137 1 0.854902 0.854902 0.854902 1 0.8627451 0.8627451 0.8627451 1 0.882353 0.882353 0.882353 1 0.9098039 0.9098039 0.9098039 1 0.882353 0.882353 0.882353 1 0.8627451 0.8627451 0.8627451 1 0.8627451 0.8627451 0.8627451 1 0.8941177 0.8941177 0.8941177 1 0.9098039 0.9098039 0.9098039 1 0.9137255 0.9137255 0.9137255 1 0.9098039 0.9098039 0.9098039 1 0.8941177 0.8941177 0.8941177 1 0.8941177 0.8941177 0.8941177 1 0.9372549 0.9372549 0.9372549 1 0.9137255 0.9137255 0.9137255 1 0.9176471 0.9176471 0.9176471 1 0.9137255 0.9137255 0.9137255 1 0.9372549 0.9372549 0.9372549 1 0.9294118 0.9294118 0.9294118 1 0.9372549 0.9372549 0.9372549 1 0.9450981 0.9450981 0.9450981 1 0.9529412 0.9529412 0.9529412 1 0.9450981 0.9450981 0.9450981 1 0.9372549 0.9372549 0.9372549 1 0.9372549 0.9372549 0.9372549 1 0.9568628 0.9568628 0.9568628 1 0.9529412 0.9529412 0.9529412 1 0.9568628 0.9568628 0.9568628 1 0.9529412 0.9529412 0.9529412 1 0.9568628 0.9568628 0.9568628 1 0.9568628 0.9568628 0.9568628 1 0.9607843 0.9607843 0.9607843 1 0.9568628 0.9568628 0.9568628 1 0.9607843 0.9607843 0.9607843 1 0.9568628 0.9568628 0.9568628 1 0.9607843 0.9607843 0.9607843 1 0.854902 0.854902 0.854902 1 0.7568628 0.7568628 0.7568628 1 0.9098039 0.9098039 0.9098039 1 0.8745098 0.8745098 0.8745098 1 0.9098039 0.9098039 0.9098039 1 0.7568628 0.7568628 0.7568628 1 0.7568628 0.7568628 0.7568628 1 0.7529412 0.7529412 0.7529412 1 0.8745098 0.8745098 0.8745098 1 0.9098039 0.9098039 0.9098039 1 0.8745098 0.8745098 0.8745098 1 0.7529412 0.7529412 0.7529412 1 0.7529412 0.7529412 0.7529412 1 0.7764706 0.7764706 0.7764706 1 0.9098039 0.9098039 0.9098039 1 0.7803922 0.7803922 0.7803922 1 0.9098039 0.9098039 0.9098039 1 0.7764706 0.7764706 0.7764706 1 0.4901961 0.4901961 0.4901961 1 0.5568628 0.5568628 0.5568628 1 0.7647059 0.7647059 0.7647059 1 0.7960785 0.7960785 0.7960785 1 0.7647059 0.7647059 0.7647059 1 0.5568628 0.5568628 0.5568628 1 0.5568628 0.5568628 0.5568628 1 0.5921569 0.5921569 0.5921569 1 0.7960785 0.7960785 0.7960785 1 0.7803922 0.7803922 0.7803922 1 0.7960785 0.7960785 0.7960785 1 0.5921569 0.5921569 0.5921569 1 0.5921569 0.5921569 0.5921569 1 0.5686275 0.5686275 0.5686275 1 0.7803922 0.7803922 0.7803922 1 0.7176471 0.7176471 0.7176471 1 0.7803922 0.7803922 0.7803922 1 0.5686275 0.5686275 0.5686275 1 0.9098039 0.9098039 0.9098039 1 0.8745098 0.8745098 0.8745098 1 0.9568628 0.9568628 0.9568628 1 0.972549 0.972549 0.972549 1 0.9568628 0.9568628 0.9568628 1 0.8745098 0.8745098 0.8745098 1 0.8745098 0.8745098 0.8745098 1 0.9098039 0.9098039 0.9098039 1 0.972549 0.972549 0.972549 1 0.9019608 0.9019608 0.9019608 1 0.972549 0.972549 0.972549 1 0.9098039 0.9098039 0.9098039 1 0.9098039 0.9098039 0.9098039 1 0.7803922 0.7803922 0.7803922 1 0.9019608 0.9019608 0.9019608 1 0.6745098 0.6745098 0.6745098 1 0.9019608 0.9019608 0.9019608 1 0.7803922 0.7803922 0.7803922 1 0.8392157 0.8392157 0.8392157 1 0.8352941 0.8352941 0.8352941 1 0.9294118 0.9294118 0.9294118 1 0.9411765 0.9411765 0.9411765 1 0.9294118 0.9294118 0.9294118 1 0.8352941 0.8352941 0.8352941 1 0.8352941 0.8352941 0.8352941 1 0.9058824 0.9058824 0.9058824 1 0.9411765 0.9411765 0.9411765 1 0.9568628 0.9568628 0.9568628 1 0.9411765 0.9411765 0.9411765 1 0.9058824 0.9058824 0.9058824 1 0.9058824 0.9058824 0.9058824 1 0.8509804 0.8509804 0.8509804 1 0.9568628 0.9568628 0.9568628 1 0.9137255 0.9137255 0.9137255 1 0.9568628 0.9568628 0.9568628 1 0.8509804 0.8509804 0.8509804 1 0.9529412 0.9529412 0.9529412 1 0.9294118 0.9294118 0.9294118 1 0.882353 0.882353 0.882353 1 0.7764706 0.7764706 0.7764706 1 0.882353 0.882353 0.882353 1 0.9294118 0.9294118 0.9294118 1 0.9294118 0.9294118 0.9294118 1 0.9019608 0.9019608 0.9019608 1 0.7764706 0.7764706 0.7764706 1 0.7529412 0.7529412 0.7529412 1 0.7764706 0.7764706 0.7764706 1 0.9019608 0.9019608 0.9019608 1 0.9019608 0.9019608 0.9019608 1 0.854902 0.854902 0.854902 1 0.7529412 0.7529412 0.7529412 1 0.7411765 0.7411765 0.7411765 1 0.7529412 0.7529412 0.7529412 1 0.854902 0.854902 0.854902 1 0.7803922 0.7803922 0.7803922 1 0.6705883 0.6705883 0.6705883 1 0.7764706 0.7764706 0.7764706 1 0.7529412 0.7529412 0.7529412 1 0.7764706 0.7764706 0.7764706 1 0.6705883 0.6705883 0.6705883 1 0.6705883 0.6705883 0.6705883 1 0.5843138 0.5843138 0.5843138 1 0.7529412 0.7529412 0.7529412 1 0.7607843 0.7607843 0.7607843 1 0.7529412 0.7529412 0.7529412 1 0.5843138 0.5843138 0.5843138 1 0.5843138 0.5843138 0.5843138 1 0.6196079 0.6196079 0.6196079 1 0.7607843 0.7607843 0.7607843 1 0.5411765 0.5411765 0.5411765 1 0.7607843 0.7607843 0.7607843 1 0.6196079 0.6196079 0.6196079 1 0.4745098 0.4745098 0.4745098 1 0.6745098 0.6745098 0.6745098 1 0.5568628 0.5568628 0.5568628 1 0.6196079 0.6196079 0.6196079 1 0.5568628 0.5568628 0.5568628 1 0.6745098 0.6745098 0.6745098 1 0.6745098 0.6745098 0.6745098 1 0.7803922 0.7803922 0.7803922 1 0.6196079 0.6196079 0.6196079 1 0.6745098 0.6745098 0.6745098 1 0.6196079 0.6196079 0.6196079 1 0.7803922 0.7803922 0.7803922 1 0.7803922 0.7803922 0.7803922 1 0.7764706 0.7764706 0.7764706 1 0.6745098 0.6745098 0.6745098 1 0.7529412 0.7529412 0.7529412 1 0.6745098 0.6745098 0.6745098 1 0.7764706 0.7764706 0.7764706 1 0.854902 0.854902 0.854902 1 0.9411765 0.9411765 0.9411765 1 0.8901961 0.8901961 0.8901961 1 0.9372549 0.9372549 0.9372549 1 0.8901961 0.8901961 0.8901961 1 0.9411765 0.9411765 0.9411765 1 0.9411765 0.9411765 0.9411765 1 0.9568628 0.9568628 0.9568628 1 0.9372549 0.9372549 0.9372549 1 0.9568628 0.9568628 0.9568628 1 0.9372549 0.9372549 0.9372549 1 0.9568628 0.9568628 0.9568628 1 0.9568628 0.9568628 0.9568628 1 0.9529412 0.9529412 0.9529412 1 0.9568628 0.9568628 0.9568628 1 0.6941177 0.6941177 0.6941177 1 0.6431373 0.6431373 0.6431373 1 0.7607843 0.7607843 0.7607843 1 0.7529412 0.7529412 0.7529412 1 0.7607843 0.7607843 0.7607843 1 0.6431373 0.6431373 0.6431373 1 0.6431373 0.6431373 0.6431373 1 0.5803922 0.5803922 0.5803922 1 0.7529412 0.7529412 0.7529412 1 0.8352941 0.8352941 0.8352941 1 0.7529412 0.7529412 0.7529412 1 0.5803922 0.5803922 0.5803922 1 0.5803922 0.5803922 0.5803922 1 0.7411765 0.7411765 0.7411765 1 0.8352941 0.8352941 0.8352941 1 0.9568628 0.9568628 0.9568628 1 0.972549 0.972549 0.972549 1 0.9803922 0.9803922 0.9803922 1 0.9686275 0.9686275 0.9686275 1 0.9803922 0.9803922 0.9803922 1 0.972549 0.972549 0.972549 1 0.972549 0.972549 0.972549 1 0.9450981 0.9450981 0.9450981 1 0.9686275 0.9686275 0.9686275 1 0.9176471 0.9176471 0.9176471 1 0.9686275 0.9686275 0.9686275 1 0.9450981 0.9450981 0.9450981 1 0.9450981 0.9450981 0.9450981 1 0.8392157 0.8392157 0.8392157 1 0.9176471 0.9176471 0.9176471 1 0.9568628 0.9568628 0.9568628 1 0.9764706 0.9764706 0.9764706 1 0.8745098 0.8745098 0.8745098 1 0.9137255 0.9137255 0.9137255 1 0.8745098 0.8745098 0.8745098 1 0.9764706 0.9764706 0.9764706 1 0.9764706 0.9764706 0.9764706 1 0.9019608 0.9019608 0.9019608 1 0.9137255 0.9137255 0.9137255 1 0.7803922 0.7803922 0.7803922 1 0.9137255 0.9137255 0.9137255 1 0.9019608 0.9019608 0.9019608 1 0.9019608 0.9019608 0.9019608 1 0.6745098 0.6745098 0.6745098 1 0.7803922 0.7803922 0.7803922 1 0.4431372 0.4431372 0.4431372 1 0.4392157 0.4392157 0.4392157 1 0.4901961 0.4901961 0.4901961 1 0.5411765 0.5411765 0.5411765 1 0.4901961 0.4901961 0.4901961 1 0.4392157 0.4392157 0.4392157 1 0.4392157 0.4392157 0.4392157 1 0.4901961 0.4901961 0.4901961 1 0.5411765 0.5411765 0.5411765 1 0.6431373 0.6431373 0.6431373 1 0.5411765 0.5411765 0.5411765 1 0.4901961 0.4901961 0.4901961 1 0.4901961 0.4901961 0.4901961 1 0.7647059 0.7647059 0.7647059 1 0.6431373 0.6431373 0.6431373 1 0.8431373 0.8431373 0.8431373 1 0.8 0.8 0.8 1 0.7529412 0.7529412 0.7529412 1 0.7764706 0.7764706 0.7764706 1 0.7529412 0.7529412 0.7529412 1 0.8 0.8 0.8 1 0.8 0.8 0.8 1 0.7607843 0.7607843 0.7607843 1 0.7764706 0.7764706 0.7764706 1 0.882353 0.882353 0.882353 1 0.7764706 0.7764706 0.7764706 1 0.7607843 0.7607843 0.7607843 1 0.7607843 0.7607843 0.7607843 1 0.854902 0.854902 0.854902 1 0.882353 0.882353 0.882353 1 0.9294118 0.9294118 0.9294118 1 0.9490196 0.9490196 0.9490196 1 0.9411765 0.9411765 0.9411765 1 0.9450981 0.9450981 0.9450981 1 0.9411765 0.9411765 0.9411765 1 0.9490196 0.9490196 0.9490196 1 0.9490196 0.9490196 0.9490196 1 0.9490196 0.9490196 0.9490196 1 0.9450981 0.9450981 0.9450981 1 0.9490196 0.9490196 0.9490196 1 0.9450981 0.9450981 0.9450981 1 0.9490196 0.9490196 0.9490196 1 0.9490196 0.9490196 0.9490196 1 0.9529412 0.9529412 0.9529412 1 0.9490196 0.9490196 0.9490196 1 0.8 0.8 0.8 1 0.7529412 0.7529412 0.7529412 1 0.7607843 0.7607843 0.7607843 1 0.6470589 0.6470589 0.6470589 1 0.7607843 0.7607843 0.7607843 1 0.7529412 0.7529412 0.7529412 1 0.7529412 0.7529412 0.7529412 1 0.5803922 0.5803922 0.5803922 1 0.6470589 0.6470589 0.6470589 1 0.4196078 0.4196078 0.4196078 1 0.6470589 0.6470589 0.6470589 1 0.5803922 0.5803922 0.5803922 1 0.5294118 0.5294118 0.5294118 1 0.5921569 0.5921569 0.5921569 1 0.5294118 0.5294118 0.5294118 1 0.5686275 0.5686275 0.5686275 1 0.5294118 0.5294118 0.5294118 1 0.5921569 0.5921569 0.5921569 1 0.5921569 0.5921569 0.5921569 1 0.7803922 0.7803922 0.7803922 1 0.5686275 0.5686275 0.5686275 1 0.7215687 0.7215687 0.7215687 1 0.5686275 0.5686275 0.5686275 1 0.7803922 0.7803922 0.7803922 1 0.4196078 0.4196078 0.4196078 1 0.5568628 0.5568628 0.5568628 1 0.5294118 0.5294118 0.5294118 1 0.5921569 0.5921569 0.5921569 1 0.5294118 0.5294118 0.5294118 1 0.5568628 0.5568628 0.5568628 1 0.5568628 0.5568628 0.5568628 1 0.7960785 0.7960785 0.7960785 1 0.5921569 0.5921569 0.5921569 1 0.7803922 0.7803922 0.7803922 1 0.5921569 0.5921569 0.5921569 1 0.7960785 0.7960785 0.7960785 1 0.5882353 0.5882353 0.5882353 1 0.7215687 0.7215687 0.7215687 1 0.6745098 0.6745098 0.6745098 1 0.8392157 0.8392157 0.8392157 1 0.6745098 0.6745098 0.6745098 1 0.7215687 0.7215687 0.7215687 1 0.7215687 0.7215687 0.7215687 1 0.8078432 0.8078432 0.8078432 1 0.8392157 0.8392157 0.8392157 1 0.9176471 0.9176471 0.9176471 1 0.8392157 0.8392157 0.8392157 1 0.8078432 0.8078432 0.8078432 1 0.8901961 0.8901961 0.8901961 1 0.9372549 0.9372549 0.9372549 1 0.882353 0.882353 0.882353 1 0.9176471 0.9176471 0.9176471 1 0.882353 0.882353 0.882353 1 0.9372549 0.9372549 0.9372549 1 0.9372549 0.9372549 0.9372549 1 0.9568628 0.9568628 0.9568628 1 0.9176471 0.9176471 0.9176471 1 0.9529412 0.9529412 0.9529412 1 0.9176471 0.9176471 0.9176471 1 0.9568628 0.9568628 0.9568628 1 0.5176471 0.5176471 0.5176471 1 0.4745098 0.4745098 0.4745098 1 0.5882353 0.5882353 0.5882353 1 0.6745098 0.6745098 0.6745098 1 0.5882353 0.5882353 0.5882353 1 0.4745098 0.4745098 0.4745098 1 0.4745098 0.4745098 0.4745098 1 0.5647059 0.5647059 0.5647059 1 0.6745098 0.6745098 0.6745098 1 0.6196079 0.6196079 0.6196079 1 0.6745098 0.6745098 0.6745098 1 0.5647059 0.5647059 0.5647059 1 0.9882353 0.9882353 0.9882353 1 0.9843137 0.9843137 0.9843137 1 0.9764706 0.9764706 0.9764706 1 0.972549 0.972549 0.972549 1 0.9764706 0.9764706 0.9764706 1 0.9843137 0.9843137 0.9843137 1 0.9843137 0.9843137 0.9843137 1 0.9490196 0.9490196 0.9490196 1 0.972549 0.972549 0.972549 1 0.9019608 0.9019608 0.9019608 1 0.972549 0.972549 0.972549 1 0.9490196 0.9490196 0.9490196 1 0.972549 0.972549 0.972549 1 0.9019608 0.9019608 0.9019608 1 0.9450981 0.9450981 0.9450981 1 0.8039216 0.8039216 0.8039216 1 0.9450981 0.9450981 0.9450981 1 0.9019608 0.9019608 0.9019608 1 0.9019608 0.9019608 0.9019608 1 0.6745098 0.6745098 0.6745098 1 0.8039216 0.8039216 0.8039216 1 0.5882353 0.5882353 0.5882353 1 0.8039216 0.8039216 0.8039216 1 0.6745098 0.6745098 0.6745098 1 0.9764706 0.9764706 0.9764706 1 0.9450981 0.9450981 0.9450981 1 0.9019608 0.9019608 0.9019608 1 0.8039216 0.8039216 0.8039216 1 0.9019608 0.9019608 0.9019608 1 0.9450981 0.9450981 0.9450981 1 0.9450981 0.9450981 0.9450981 1 0.8392157 0.8392157 0.8392157 1 0.8039216 0.8039216 0.8039216 1 0.6745098 0.6745098 0.6745098 1 0.8039216 0.8039216 0.8039216 1 0.8392157 0.8392157 0.8392157 1 0.9607843 0.9607843 0.9607843 1 0.9568628 0.9568628 0.9568628 1 0.9607843 0.9607843 0.9607843 1 0.9529412 0.9529412 0.9529412 1 0.9607843 0.9607843 0.9607843 1 0.9568628 0.9568628 0.9568628 1 0.9568628 0.9568628 0.9568628 1 0.9607843 0.9607843 0.9607843 1 0.9529412 0.9529412 0.9529412 1 0.9568628 0.9568628 0.9568628 1 0.9529412 0.9529412 0.9529412 1 0.9607843 0.9607843 0.9607843 1 0.9529412 0.9529412 0.9529412 1 0.9647059 0.9647059 0.9647059 1 0.9843137 0.9843137 0.9843137 1 0.9921569 0.9921569 0.9921569 1 0.9843137 0.9843137 0.9843137 1 0.9647059 0.9647059 0.9647059 1 0.9647059 0.9647059 0.9647059 1 0.9372549 0.9372549 0.9372549 1 0.9921569 0.9921569 0.9921569 1 0.972549 0.972549 0.972549 1 0.9921569 0.9921569 0.9921569 1 0.9372549 0.9372549 0.9372549 1 0.9607843 0.9607843 0.9607843 1 0.9529412 0.9529412 0.9529412 1 0.9568628 0.9568628 0.9568628 1 0.9529412 0.9529412 0.9529412 1 0.9568628 0.9568628 0.9568628 1 0.9529412 0.9529412 0.9529412 1 0.9529412 0.9529412 0.9529412 1 0.9294118 0.9294118 0.9294118 1 0.9529412 0.9529412 0.9529412 1 0.9294118 0.9294118 0.9294118 1 0.9529412 0.9529412 0.9529412 1 0.9294118 0.9294118 0.9294118 1 0.9529412 0.9529412 0.9529412 1 0.9568628 0.9568628 0.9568628 1 0.9294118 0.9294118 0.9294118 1 0.9294118 0.9294118 0.9294118 1 0.9294118 0.9294118 0.9294118 1 0.9568628 0.9568628 0.9568628 1 0.9568628 0.9568628 0.9568628 1 0.9607843 0.9607843 0.9607843 1 0.9294118 0.9294118 0.9294118 1 0.9607843 0.9607843 0.9607843 1 0.9294118 0.9294118 0.9294118 1 0.9607843 0.9607843 0.9607843 1 0.9803922 0.9803922 0.9803922 1 0.9843137 0.9843137 0.9843137 1 0.9372549 0.9372549 0.9372549 1 0.9529412 0.9529412 0.9529412 1 0.9372549 0.9372549 0.9372549 1 0.9843137 0.9843137 0.9843137 1 0.9843137 0.9843137 0.9843137 1 0.9764706 0.9764706 0.9764706 1 0.9529412 0.9529412 0.9529412 1 0.8980392 0.8980392 0.8980392 1 0.9529412 0.9529412 0.9529412 1 0.9764706 0.9764706 0.9764706 1 0.5254902 0.5254902 0.5254902 1 0.5215687 0.5215687 0.5215687 1 0.4196078 0.4196078 0.4196078 1 0.4745098 0.4745098 0.4745098 1 0.4196078 0.4196078 0.4196078 1 0.5215687 0.5215687 0.5215687 1 0.5215687 0.5215687 0.5215687 1 0.5882353 0.5882353 0.5882353 1 0.4745098 0.4745098 0.4745098 1 0.6745098 0.6745098 0.6745098 1 0.4745098 0.4745098 0.4745098 1 0.5882353 0.5882353 0.5882353 1 0.9568628 0.9568628 0.9568628 1 0.9372549 0.9372549 0.9372549 1 0.9529412 0.9529412 0.9529412 1 0.9490196 0.9490196 0.9490196 1 0.9529412 0.9529412 0.9529412 1 0.9372549 0.9372549 0.9372549 1 0.9372549 0.9372549 0.9372549 1 0.9254902 0.9254902 0.9254902 1 0.9490196 0.9490196 0.9490196 1 0.9294118 0.9294118 0.9294118 1 0.9490196 0.9490196 0.9490196 1 0.9254902 0.9254902 0.9254902 1 0.9490196 0.9490196 0.9490196 1 0.9882353 0.9882353 0.9882353 1 0.9647059 0.9647059 0.9647059 1 0.9921569 0.9921569 0.9921569 1 0.9647059 0.9647059 0.9647059 1 0.9882353 0.9882353 0.9882353 1 0.9882353 0.9882353 0.9882353 1 0.9803922 0.9803922 0.9803922 1 0.9921569 0.9921569 0.9921569 1 0.9882353 0.9882353 0.9882353 1 0.9921569 0.9921569 0.9921569 1 0.9803922 0.9803922 0.9803922 1 0.9568628 0.9568628 0.9568628 1 0.9607843 0.9607843 0.9607843 1 0.9372549 0.9372549 0.9372549 1 0.9254902 0.9254902 0.9254902 1 0.9372549 0.9372549 0.9372549 1 0.9607843 0.9607843 0.9607843 1 0.9607843 0.9607843 0.9607843 1 0.9607843 0.9607843 0.9607843 1 0.9254902 0.9254902 0.9254902 1 0.9568628 0.9568628 0.9568628 1 0.9254902 0.9254902 0.9254902 1 0.9607843 0.9607843 0.9607843 1 0.4901961 0.4901961 0.4901961 1 0.5882353 0.5882353 0.5882353 1 0.8392157 0.8392157 0.8392157 1 0.8980392 0.8980392 0.8980392 1 0.8392157 0.8392157 0.8392157 1 0.5882353 0.5882353 0.5882353 1 0.5882353 0.5882353 0.5882353 1 0.7176471 0.7176471 0.7176471 1 0.8980392 0.8980392 0.8980392 1 0.8509804 0.8509804 0.8509804 1 0.8980392 0.8980392 0.8980392 1 0.7176471 0.7176471 0.7176471 1 0.4784314 0.4784314 0.4784314 1 0.5254902 0.5254902 0.5254902 1 0.4784314 0.4784314 0.4784314 1 0.4941176 0.4941176 0.4941176 1 0.4784314 0.4784314 0.4784314 1 0.5254902 0.5254902 0.5254902 1 0.5254902 0.5254902 0.5254902 1 0.6901961 0.6901961 0.6901961 1 0.4941176 0.4941176 0.4941176 1 0.5215687 0.5215687 0.5215687 1 0.4941176 0.4941176 0.4941176 1 0.6901961 0.6901961 0.6901961 1 0.9647059 0.9647059 0.9647059 1 0.9921569 0.9921569 0.9921569 1 0.9372549 0.9372549 0.9372549 1 0.972549 0.972549 0.972549 1 0.9372549 0.9372549 0.9372549 1 0.9921569 0.9921569 0.9921569 1 0.9921569 0.9921569 0.9921569 1 0.9882353 0.9882353 0.9882353 1 0.972549 0.972549 0.972549 1 0.6745098 0.6745098 0.6745098 1 0.8392157 0.8392157 0.8392157 1 0.7176471 0.7176471 0.7176471 1 0.8078432 0.8078432 0.8078432 1 0.7176471 0.7176471 0.7176471 1 0.8392157 0.8392157 0.8392157 1 0.8392157 0.8392157 0.8392157 1 0.9137255 0.9137255 0.9137255 1 0.8078432 0.8078432 0.8078432 1 0.8509804 0.8509804 0.8509804 1 0.9372549 0.9372549 0.9372549 1 0.7882353 0.7882353 0.7882353 1 0.9294118 0.9294118 0.9294118 1 0.7882353 0.7882353 0.7882353 1 0.9372549 0.9372549 0.9372549 1 0.9372549 0.9372549 0.9372549 1 0.9803922 0.9803922 0.9803922 1 0.9294118 0.9294118 0.9294118 1 0.6 0.6 0.6 1 0.4862745 0.4862745 0.4862745 1 0.6745098 0.6745098 0.6745098 1 0.5686275 0.5686275 0.5686275 1 0.6745098 0.6745098 0.6745098 1 0.4862745 0.4862745 0.4862745 1 0.4862745 0.4862745 0.4862745 1 0.4196078 0.4196078 0.4196078 1 0.5686275 0.5686275 0.5686275 1 0.7529412 0.7529412 0.7529412 1 0.8431373 0.8431373 0.8431373 1 0.7647059 0.7647059 0.7647059 1 0.8117647 0.8117647 0.8117647 1 0.7647059 0.7647059 0.7647059 1 0.8431373 0.8431373 0.8431373 1 0.8431373 0.8431373 0.8431373 1 0.8627451 0.8627451 0.8627451 1 0.8117647 0.8117647 0.8117647 1 0.8745098 0.8745098 0.8745098 1 0.9137255 0.9137255 0.9137255 1 0.7529412 0.7529412 0.7529412 1 0.7764706 0.7764706 0.7764706 1 0.7529412 0.7529412 0.7529412 1 0.9137255 0.9137255 0.9137255 1 0.9137255 0.9137255 0.9137255 1 0.7803922 0.7803922 0.7803922 1 0.7764706 0.7764706 0.7764706 1 0.4862745 0.4862745 0.4862745 1 0.4196078 0.4196078 0.4196078 1 0.4196078 0.4196078 0.4196078 1 0.4196078 0.4196078 0.4196078 1 0.4196078 0.4196078 0.4196078 1 0.4196078 0.4196078 0.4196078 1 0.4196078 0.4196078 0.4196078 1 0.4196078 0.4196078 0.4196078 1 0.4196078 0.4196078 0.4196078 1 0.9843137 0.9843137 0.9843137 1 0.9921569 0.9921569 0.9921569 1 0.9803922 0.9803922 0.9803922 1 0.9882353 0.9882353 0.9882353 1 0.9803922 0.9803922 0.9803922 1 0.9921569 0.9921569 0.9921569 1 0.9921569 0.9921569 0.9921569 1 0.972549 0.972549 0.972549 1 0.9882353 0.9882353 0.9882353 1 0.7764706 0.7764706 0.7764706 1 0.8 0.8 0.8 1 0.7529412 0.7529412 0.7529412 1 0.8431373 0.8431373 0.8431373 1 0.7529412 0.7529412 0.7529412 1 0.8 0.8 0.8 1 0.8 0.8 0.8 1 0.9098039 0.9098039 0.9098039 1 0.8431373 0.8431373 0.8431373 1 0.9803922 0.9803922 0.9803922 1 0.9372549 0.9372549 0.9372549 1 0.9294118 0.9294118 0.9294118 1 0.7882353 0.7882353 0.7882353 1 0.9294118 0.9294118 0.9294118 1 0.9372549 0.9372549 0.9372549 1 0.9372549 0.9372549 0.9372549 1 0.8509804 0.8509804 0.8509804 1 0.7882353 0.7882353 0.7882353 1 0.4196078 0.4196078 0.4196078 1 0.4784314 0.4784314 0.4784314 1 0.4196078 0.4196078 0.4196078 1 0.5686275 0.5686275 0.5686275 1 0.4196078 0.4196078 0.4196078 1 0.4784314 0.4784314 0.4784314 1 0.4784314 0.4784314 0.4784314 1 0.6784314 0.6784314 0.6784314 1 0.5686275 0.5686275 0.5686275 1 0.9098039 0.9098039 0.9098039 1 0.9568628 0.9568628 0.9568628 1 0.9529412 0.9529412 0.9529412 1 0.972549 0.972549 0.972549 1 0.9529412 0.9529412 0.9529412 1 0.9568628 0.9568628 0.9568628 1 0.9568628 0.9568628 0.9568628 1 0.9803922 0.9803922 0.9803922 1 0.972549 0.972549 0.972549 1 0.9568628 0.9568628 0.9568628 1 0.8745098 0.8745098 0.8745098 1 0.9058824 0.9058824 0.9058824 1 0.7607843 0.7607843 0.7607843 1 0.9058824 0.9058824 0.9058824 1 0.8745098 0.8745098 0.8745098 1 0.8745098 0.8745098 0.8745098 1 0.7529412 0.7529412 0.7529412 1 0.7607843 0.7607843 0.7607843 1 0.9019608 0.9019608 0.9019608 1 0.8039216 0.8039216 0.8039216 1 0.6745098 0.6745098 0.6745098 1 0.5882353 0.5882353 0.5882353 1 0.6745098 0.6745098 0.6745098 1 0.8039216 0.8039216 0.8039216 1 0.8039216 0.8039216 0.8039216 1 0.6745098 0.6745098 0.6745098 1 0.5882353 0.5882353 0.5882353 1 0.4627451 0.4627451 0.4627451 1 0.5372549 0.5372549 0.5372549 1 0.5372549 0.5372549 0.5372549 1 0.5647059 0.5647059 0.5647059 1 0.5372549 0.5372549 0.5372549 1 0.5372549 0.5372549 0.5372549 1 0.5372549 0.5372549 0.5372549 1 0.5254902 0.5254902 0.5254902 1 0.5647059 0.5647059 0.5647059 1 0.4196078 0.4196078 0.4196078 1 0.5686275 0.5686275 0.5686275 1 0.6470589 0.6470589 0.6470589 1 0.6941177 0.6941177 0.6941177 1 0.6470589 0.6470589 0.6470589 1 0.5686275 0.5686275 0.5686275 1 0.5686275 0.5686275 0.5686275 1 0.854902 0.854902 0.854902 1 0.6941177 0.6941177 0.6941177 1 0.854902 0.854902 0.854902 1 0.6588236 0.6588236 0.6588236 1 0.7490196 0.7490196 0.7490196 1 0.5294118 0.5294118 0.5294118 1 0.7490196 0.7490196 0.7490196 1 0.6588236 0.6588236 0.6588236 1 0.6588236 0.6588236 0.6588236 1 0.5764706 0.5764706 0.5764706 1 0.5294118 0.5294118 0.5294118 1 0.9294118 0.9294118 0.9294118 1 0.9411765 0.9411765 0.9411765 1 0.9529412 0.9529412 0.9529412 1 0.9843137 0.9843137 0.9843137 1 0.9529412 0.9529412 0.9529412 1 0.9411765 0.9411765 0.9411765 1 0.9411765 0.9411765 0.9411765 1 0.9803922 0.9803922 0.9803922 1 0.9843137 0.9843137 0.9843137 1 0.8 0.8 0.8 1 0.8509804 0.8509804 0.8509804 1 0.9098039 0.9098039 0.9098039 1 0.9568628 0.9568628 0.9568628 1 0.9098039 0.9098039 0.9098039 1 0.8509804 0.8509804 0.8509804 1 0.8509804 0.8509804 0.8509804 1 0.9058824 0.9058824 0.9058824 1 0.9568628 0.9568628 0.9568628 1 0.9137255 0.9137255 0.9137255 1 0.9176471 0.9176471 0.9176471 1 0.9098039 0.9098039 0.9098039 1 0.8980392 0.8980392 0.8980392 1 0.9098039 0.9098039 0.9098039 1 0.9176471 0.9176471 0.9176471 1 0.9176471 0.9176471 0.9176471 1 0.9294118 0.9294118 0.9294118 1 0.8980392 0.8980392 0.8980392 1 0.9529412 0.9529412 0.9529412 1 0.9568628 0.9568628 0.9568628 1 0.9568628 0.9568628 0.9568628 1 0.9529412 0.9529412 0.9529412 1 0.9568628 0.9568628 0.9568628 1 0.9568628 0.9568628 0.9568628 1 0.9568628 0.9568628 0.9568628 1 0.9529412 0.9529412 0.9529412 1 0.9529412 0.9529412 0.9529412 1 0.9529412 0.9529412 0.9529412 1 0.9568628 0.9568628 0.9568628 1 0.9529412 0.9529412 0.9529412 1 0.9568628 0.9568628 0.9568628 1 0.9529412 0.9529412 0.9529412 1 0.9568628 0.9568628 0.9568628 1 0.9568628 0.9568628 0.9568628 1 0.9607843 0.9607843 0.9607843 1 0.9568628 0.9568628 0.9568628 1 0.5882353 0.5882353 0.5882353 1 0.6745098 0.6745098 0.6745098 1 0.5176471 0.5176471 0.5176471 1 0.5882353 0.5882353 0.5882353 1 0.5176471 0.5176471 0.5176471 1 0.6745098 0.6745098 0.6745098 1 0.6745098 0.6745098 0.6745098 1 0.7176471 0.7176471 0.7176471 1 0.5882353 0.5882353 0.5882353 1 0.6901961 0.6901961 0.6901961 1 0.5254902 0.5254902 0.5254902 1 0.7215687 0.7215687 0.7215687 1 0.5686275 0.5686275 0.5686275 1 0.7215687 0.7215687 0.7215687 1 0.5254902 0.5254902 0.5254902 1 0.5254902 0.5254902 0.5254902 1 0.5294118 0.5294118 0.5294118 1 0.5686275 0.5686275 0.5686275 1 0.7529412 0.7529412 0.7529412 1 0.7607843 0.7607843 0.7607843 1 0.8431373 0.8431373 0.8431373 1 0.8117647 0.8117647 0.8117647 1 0.8431373 0.8431373 0.8431373 1 0.7607843 0.7607843 0.7607843 1 0.4196078 0.4196078 0.4196078 1 0.7176471 0.7176471 0.7176471 1 0.4901961 0.4901961 0.4901961 1 0.8509804 0.8509804 0.8509804 1 0.4901961 0.4901961 0.4901961 1 0.7176471 0.7176471 0.7176471 1 0.6705883 0.6705883 0.6705883 1 0.5450981 0.5450981 0.5450981 1 0.5294118 0.5294118 0.5294118 1 0.4196078 0.4196078 0.4196078 1 0.5294118 0.5294118 0.5294118 1 0.5450981 0.5450981 0.5450981 1 0.9568628 0.9568628 0.9568628 1 0.9372549 0.9372549 0.9372549 1 0.9607843 0.9607843 0.9607843 1 0.9294118 0.9294118 0.9294118 1 0.9607843 0.9607843 0.9607843 1 0.9372549 0.9372549 0.9372549 1 0.6470589 0.6470589 0.6470589 1 0.6941177 0.6941177 0.6941177 1 0.7607843 0.7607843 0.7607843 1 0.854902 0.854902 0.854902 1 0.7607843 0.7607843 0.7607843 1 0.6941177 0.6941177 0.6941177 1 0.4901961 0.4901961 0.4901961 1 0.7411765 0.7411765 0.7411765 1 0.8392157 0.8392157 0.8392157 1 0.8352941 0.8352941 0.8352941 1 0.8392157 0.8392157 0.8392157 1 0.7411765 0.7411765 0.7411765 1 0.9294118 0.9294118 0.9294118 1 0.9803922 0.9803922 0.9803922 1 0.972549 0.972549 0.972549 1 0.9882353 0.9882353 0.9882353 1 0.972549 0.972549 0.972549 1 0.9803922 0.9803922 0.9803922 1 0.9294118 0.9294118 0.9294118 1 0.9686275 0.9686275 0.9686275 1 0.9607843 0.9607843 0.9607843 1 0.9764706 0.9764706 0.9764706 1 0.9607843 0.9607843 0.9607843 1 0.9686275 0.9686275 0.9686275 1 0.5882353 0.5882353 0.5882353 1 0.6196079 0.6196079 0.6196079 1 0.4196078 0.4196078 0.4196078 1 0.5372549 0.5372549 0.5372549 1 0.4196078 0.4196078 0.4196078 1 0.6196079 0.6196079 0.6196079 1 0.6745098 0.6745098 0.6745098 1 0.6196079 0.6196079 0.6196079 1 0.7803922 0.7803922 0.7803922 1 0.6705883 0.6705883 0.6705883 1 0.7803922 0.7803922 0.7803922 1 0.6196079 0.6196079 0.6196079 1 0.882353 0.882353 0.882353 1 0.854902 0.854902 0.854902 1 0.9529412 0.9529412 0.9529412 1 0.9098039 0.9098039 0.9098039 1 0.9529412 0.9529412 0.9529412 1 0.854902 0.854902 0.854902 1 0.7607843 0.7607843 0.7607843 1 0.5411765 0.5411765 0.5411765 1 0.6745098 0.6745098 0.6745098 1 0.6 0.6 0.6 1 0.6745098 0.6745098 0.6745098 1 0.5411765 0.5411765 0.5411765 1 0.8941177 0.8941177 0.8941177 1 0.9137255 0.9137255 0.9137255 1 0.9372549 0.9372549 0.9372549 1 0.9019608 0.9019608 0.9019608 1 0.9372549 0.9372549 0.9372549 1 0.9137255 0.9137255 0.9137255 1 0.8156863 0.8156863 0.8156863 1 0.827451 0.827451 0.827451 1 0.8078432 0.8078432 0.8078432 1 0.8196079 0.8196079 0.8196079 1 0.8078432 0.8078432 0.8078432 1 0.827451 0.827451 0.827451 1 0.9529412 0.9529412 0.9529412 1 0.882353 0.882353 0.882353 1 0.9294118 0.9294118 0.9294118 1 0.7764706 0.7764706 0.7764706 1 0.9294118 0.9294118 0.9294118 1 0.882353 0.882353 0.882353 1 0.9372549 0.9372549 0.9372549 1 0.9529412 0.9529412 0.9529412 1 0.8509804 0.8509804 0.8509804 1 0.8980392 0.8980392 0.8980392 1 0.8509804 0.8509804 0.8509804 1 0.9529412 0.9529412 0.9529412 1 0.5294118 0.5294118 0.5294118 1 0.7411765 0.7411765 0.7411765 1 0.6705883 0.6705883 0.6705883 1 0.854902 0.854902 0.854902 1 0.6705883 0.6705883 0.6705883 1 0.7411765 0.7411765 0.7411765 1 0.5294118 0.5294118 0.5294118 1 0.6745098 0.6745098 0.6745098 1 0.7490196 0.7490196 0.7490196 1 0.7568628 0.7568628 0.7568628 1 0.7490196 0.7490196 0.7490196 1 0.6745098 0.6745098 0.6745098 1 0.6588236 0.6588236 0.6588236 1 0.5294118 0.5294118 0.5294118 1 0.5764706 0.5764706 0.5764706 1 0.5294118 0.5294118 0.5294118 1 0.5764706 0.5764706 0.5764706 1 0.5294118 0.5294118 0.5294118 1 0.8941177 0.8941177 0.8941177 1 0.9372549 0.9372549 0.9372549 1 0.972549 0.972549 0.972549 1 0.9372549 0.9372549 0.9372549 1 0.972549 0.972549 0.972549 1 0.9372549 0.9372549 0.9372549 1 0.5294118 0.5294118 0.5294118 1 0.4784314 0.4784314 0.4784314 1 0.5215687 0.5215687 0.5215687 1 0.4784314 0.4784314 0.4784314 1 0.5215687 0.5215687 0.5215687 1 0.4784314 0.4784314 0.4784314 1 0.4784314 0.4784314 0.4784314 1 0.6 0.6 0.6 1 0.6784314 0.6784314 0.6784314 1 0.5372549 0.5372549 0.5372549 1 0.6784314 0.6784314 0.6784314 1 0.6 0.6 0.6 1 0.6784314 0.6784314 0.6784314 1 0.5372549 0.5372549 0.5372549 1 0.7568628 0.7568628 0.7568628 1 0.6196079 0.6196079 0.6196079 1 0.7568628 0.7568628 0.7568628 1 0.5372549 0.5372549 0.5372549 1 0.6745098 0.6745098 0.6745098 1 0.7529412 0.7529412 0.7529412 1 0.5882353 0.5882353 0.5882353 1 0.7568628 0.7568628 0.7568628 1 0.5882353 0.5882353 0.5882353 1 0.7529412 0.7529412 0.7529412 1 0.9019608 0.9019608 0.9019608 1 0.7529412 0.7529412 0.7529412 1 0.854902 0.854902 0.854902 1 0.6588236 0.6588236 0.6588236 1 0.854902 0.854902 0.854902 1 0.7529412 0.7529412 0.7529412 1 0.9019608 0.9019608 0.9019608 1 0.9647059 0.9647059 0.9647059 1 0.972549 0.972549 0.972549 1 0.9764706 0.9764706 0.9764706 1 0.972549 0.972549 0.972549 1 0.9647059 0.9647059 0.9647059 1 0.5686275 0.5686275 0.5686275 1 0.6784314 0.6784314 0.6784314 1 0.854902 0.854902 0.854902 1 0.7568628 0.7568628 0.7568628 1 0.854902 0.854902 0.854902 1 0.6784314 0.6784314 0.6784314 1 0.9882353 0.9882353 0.9882353 1 0.9803922 0.9803922 0.9803922 1 0.9764706 0.9764706 0.9764706 1 0.9607843 0.9607843 0.9607843 1 0.9764706 0.9764706 0.9764706 1 0.9803922 0.9803922 0.9803922 1 0.854902 0.854902 0.854902 1 0.827451 0.827451 0.827451 1 0.8196079 0.8196079 0.8196079 1 0.8078432 0.8078432 0.8078432 1 0.8196079 0.8196079 0.8196079 1 0.827451 0.827451 0.827451 1 0.7529412 0.7529412 0.7529412 1 0.7411765 0.7411765 0.7411765 1 0.6588236 0.6588236 0.6588236 1 0.5294118 0.5294118 0.5294118 1 0.6588236 0.6588236 0.6588236 1 0.7411765 0.7411765 0.7411765 1 0.9568628 0.9568628 0.9568628 1 0.9058824 0.9058824 0.9058824 1 0.9529412 0.9529412 0.9529412 1 0.854902 0.854902 0.854902 1 0.9529412 0.9529412 0.9529412 1 0.9058824 0.9058824 0.9058824 1 0.5882353 0.5882353 0.5882353 1 0.6745098 0.6745098 0.6745098 1 0.8039216 0.8039216 0.8039216 1 0.8392157 0.8392157 0.8392157 1 0.8039216 0.8039216 0.8039216 1 0.6745098 0.6745098 0.6745098 1 0.9882353 0.9882353 0.9882353 1 0.9843137 0.9843137 0.9843137 1 0.9450981 0.9450981 0.9450981 1 0.9568628 0.9568628 0.9568628 1 0.9450981 0.9450981 0.9450981 1 0.9843137 0.9843137 0.9843137 1 0.4196078 0.4196078 0.4196078 1 0.6431373 0.6431373 0.6431373 1 0.5686275 0.5686275 0.5686275 1 0.6941177 0.6941177 0.6941177 1 0.5686275 0.5686275 0.5686275 1 0.6431373 0.6431373 0.6431373 1 0.5686275 0.5686275 0.5686275 1 0.6941177 0.6941177 0.6941177 1 0.6745098 0.6745098 0.6745098 1 0.854902 0.854902 0.854902 1 0.6745098 0.6745098 0.6745098 1 0.6941177 0.6941177 0.6941177 1 0.6745098 0.6745098 0.6745098 1 0.854902 0.854902 0.854902 1 0.7607843 0.7607843 0.7607843 1 0.9058824 0.9058824 0.9058824 1 0.7607843 0.7607843 0.7607843 1 0.854902 0.854902 0.854902 1 0.9294118 0.9294118 0.9294118 1 0.9294118 0.9294118 0.9294118 1 0.9019608 0.9019608 0.9019608 1 0.9294118 0.9294118 0.9294118 1 0.9019608 0.9019608 0.9019608 1 0.9294118 0.9294118 0.9294118 1 0.882353 0.882353 0.882353 1 0.854902 0.854902 0.854902 1 0.7607843 0.7607843 0.7607843 1 0.6941177 0.6941177 0.6941177 1 0.7607843 0.7607843 0.7607843 1 0.854902 0.854902 0.854902 1 0.7411765 0.7411765 0.7411765 1 0.5803922 0.5803922 0.5803922 1 0.4196078 0.4196078 0.4196078 1 0.6431373 0.6431373 0.6431373 1 0.4196078 0.4196078 0.4196078 1 0.5803922 0.5803922 0.5803922 1 0.4196078 0.4196078 0.4196078 1 0.5450981 0.5450981 0.5450981 1 0.5294118 0.5294118 0.5294118 1 0.6745098 0.6745098 0.6745098 1 0.5294118 0.5294118 0.5294118 1 0.5450981 0.5450981 0.5450981 1 0.9450981 0.9450981 0.9450981 1 0.9294118 0.9294118 0.9294118 1 0.9529412 0.9529412 0.9529412 1 0.9294118 0.9294118 0.9294118 1 0.9529412 0.9529412 0.9529412 1 0.9294118 0.9294118 0.9294118 1 0.9529412 0.9529412 0.9529412 1 0.9294118 0.9294118 0.9294118 1 0.9450981 0.9450981 0.9450981 1 0.9294118 0.9294118 0.9294118 1 0.9450981 0.9450981 0.9450981 1 0.9294118 0.9294118 0.9294118 1 0.6588236 0.6588236 0.6588236 1 0.5764706 0.5764706 0.5764706 1 0.5294118 0.5294118 0.5294118 1 0.5294118 0.5294118 0.5294118 1 0.5294118 0.5294118 0.5294118 1 0.5764706 0.5764706 0.5764706 1 0.9529412 0.9529412 0.9529412 1 0.9294118 0.9294118 0.9294118 1 0.9568628 0.9568628 0.9568628 1 0.9254902 0.9254902 0.9254902 1 0.9568628 0.9568628 0.9568628 1 0.9294118 0.9294118 0.9294118 1 0.5254902 0.5254902 0.5254902 1 0.4196078 0.4196078 0.4196078 1 0.5176471 0.5176471 0.5176471 1 0.4745098 0.4745098 0.4745098 1 0.5176471 0.5176471 0.5176471 1 0.4196078 0.4196078 0.4196078 1 0.5176471 0.5176471 0.5176471 1 0.5882353 0.5882353 0.5882353 1 0.5254902 0.5254902 0.5254902 1 0.5647059 0.5647059 0.5647059 1 0.5254902 0.5254902 0.5254902 1 0.5882353 0.5882353 0.5882353 1 0.5843138 0.5843138 0.5843138 1 0.4196078 0.4196078 0.4196078 1 0.6196079 0.6196079 0.6196079 1 0.5411765 0.5411765 0.5411765 1 0.6196079 0.6196079 0.6196079 1 0.4196078 0.4196078 0.4196078 1 0.9294118 0.9294118 0.9294118 1 0.7764706 0.7764706 0.7764706 1 0.9019608 0.9019608 0.9019608 1 0.7529412 0.7529412 0.7529412 1 0.9019608 0.9019608 0.9019608 1 0.7764706 0.7764706 0.7764706 1 0.9294118 0.9294118 0.9294118 1 0.9529412 0.9529412 0.9529412 1 0.9490196 0.9490196 0.9490196 1 0.9294118 0.9294118 0.9294118 1 0.9490196 0.9490196 0.9490196 1 0.9529412 0.9529412 0.9529412 1 0.9568628 0.9568628 0.9568628 1 0.9529412 0.9529412 0.9529412 1 0.9529412 0.9529412 0.9529412 1 0.9294118 0.9294118 0.9294118 1 0.9529412 0.9529412 0.9529412 1 0.9529412 0.9529412 0.9529412 1 0.7960785 0.7960785 0.7960785 1 0.5568628 0.5568628 0.5568628 1 0.7647059 0.7647059 0.7647059 1 0.4901961 0.4901961 0.4901961 1 0.7647059 0.7647059 0.7647059 1 0.5568628 0.5568628 0.5568628 1 0.4392157 0.4392157 0.4392157 1 0.4431372 0.4431372 0.4431372 1 0.4196078 0.4196078 0.4196078 1 0.4392157 0.4392157 0.4392157 1 0.4196078 0.4196078 0.4196078 1 0.4431372 0.4431372 0.4431372 1 0.7882353 0.7882353 0.7882353 1 0.4901961 0.4901961 0.4901961 1 0.8509804 0.8509804 0.8509804 1 0.5647059 0.5647059 0.5647059 1 0.6117647 0.6117647 0.6117647 1 0.6196079 0.6196079 0.6196079 1 0.5882353 0.5882353 0.5882353 1 0.7568628 0.7568628 0.7568628 1 0.6196079 0.6196079 0.6196079 1 0.8980392 0.8980392 0.8980392 1 0.882353 0.882353 0.882353 1 0.9098039 0.9098039 0.9098039 1 0.8745098 0.8745098 0.8745098 1 0.854902 0.854902 0.854902 1 0.8745098 0.8745098 0.8745098 1 0.9294118 0.9294118 0.9294118 1 0.7882353 0.7882353 0.7882353 1 0.8313726 0.8313726 0.8313726 1 0.9058824 0.9058824 0.9058824 1 0.8352941 0.8352941 0.8352941 1 0.8509804 0.8509804 0.8509804 1 0.9450981 0.9450981 0.9450981 1 0.8039216 0.8039216 0.8039216 1 0.8392157 0.8392157 0.8392157 1 0.9803922 0.9803922 0.9803922 1 0.9529412 0.9529412 0.9529412 1 0.9843137 0.9843137 0.9843137 1 0.8705883 0.8705883 0.8705883 1 0.8941177 0.8941177 0.8941177 1 0.8745098 0.8745098 0.8745098 1 0.7490196 0.7490196 0.7490196 1 0.7568628 0.7568628 0.7568628 1 0.854902 0.854902 0.854902 1 0.6588236 0.6588236 0.6588236 1 0.5294118 0.5294118 0.5294118 1 0.5764706 0.5764706 0.5764706 1 0.9490196 0.9490196 0.9490196 1 0.9294118 0.9294118 0.9294118 1 0.9450981 0.9450981 0.9450981 1 0.882353 0.882353 0.882353 1 0.9529412 0.9529412 0.9529412 1 0.854902 0.854902 0.854902 1 0.9254902 0.9254902 0.9254902 1 0.8980392 0.8980392 0.8980392 1 0.9294118 0.9294118 0.9294118 1 0.5725491 0.5725491 0.5725491 1 0.8352941 0.8352941 0.8352941 1 0.8941177 0.8941177 0.8941177 1 0.9803922 0.9803922 0.9803922 1 0.9411765 0.9411765 0.9411765 1 0.9568628 0.9568628 0.9568628 1 0.5215687 0.5215687 0.5215687 1 0.4784314 0.4784314 0.4784314 1 0.4941176 0.4941176 0.4941176 1 0.5568628 0.5568628 0.5568628 1 0.6196079 0.6196079 0.6196079 1 0.6117647 0.6117647 0.6117647 1 0.4784314 0.4784314 0.4784314 1 0.5294118 0.5294118 0.5294118 1 0.5254902 0.5254902 0.5254902 1 0.4196078 0.4196078 0.4196078 1 0.4196078 0.4196078 0.4196078 1 0.4392157 0.4392157 0.4392157 1 0.4196078 0.4196078 0.4196078 1 0.4392157 0.4392157 0.4392157 1 0.4196078 0.4196078 0.4196078 1 0.4196078 0.4196078 0.4196078 1 0.4392157 0.4392157 0.4392157 1 0.4196078 0.4196078 0.4196078 1 0.4196078 0.4196078 0.4196078 1 0.4196078 0.4196078 0.4196078 1 0.4392157 0.4392157 0.4392157 1 0.5568628 0.5568628 0.5568628 1 0.4901961 0.4901961 0.4901961 1 0.4196078 0.4196078 0.4196078 1 0.4392157 0.4392157 0.4392157 1 0.4196078 0.4196078 0.4196078 1 0.4901961 0.4901961 0.4901961 1 0.5568628 0.5568628 0.5568628 1 0.4196078 0.4196078 0.4196078 1 0.4901961 0.4901961 0.4901961 1 0.4196078 0.4196078 0.4196078 1 0.4901961 0.4901961 0.4901961 1 0.4196078 0.4196078 0.4196078 1 0.4901961 0.4901961 0.4901961 1 0.4196078 0.4196078 0.4196078 1 0.4392157 0.4392157 0.4392157 1 0.4196078 0.4196078 0.4196078 1 0.4392157 0.4392157 0.4392157 1 0.4196078 0.4196078 0.4196078 1 0.3882353 0.2039216 0.2784314 1 0.3882353 0.2039216 0.2784314 1 0.3882353 0.2039216 0.2784314 1 0.3882353 0.2039216 0.2784314 1 0.3882353 0.2039216 0.2784314 1 0.3882353 0.2039216 0.2784314 1 0.3882353 0.2039216 0.2784314 1 0.3882353 0.2039216 0.2784314 1 0.3882353 0.2039216 0.2784314 1 0.3882353 0.2039216 0.2784314 1 0.3882353 0.2039216 0.2784314 1 0.3882353 0.2039216 0.2784314 1 0.3882353 0.2039216 0.2784314 1 0.3882353 0.2039216 0.2784314 1 0.3882353 0.2039216 0.2784314 1 0.3882353 0.2039216 0.2784314 1 0.3882353 0.2039216 0.2784314 1 0.3882353 0.2039216 0.2784314 1 0.3882353 0.2039216 0.2784314 1 0.3882353 0.2039216 0.2784314 1 0.3882353 0.2039216 0.2784314 1 0.3882353 0.2039216 0.2784314 1 0.3882353 0.2039216 0.2784314 1 0.3882353 0.2039216 0.2784314 1 0.3882353 0.2039216 0.2784314 1 0.3882353 0.2039216 0.2784314 1 0.3882353 0.2039216 0.2784314 1 0.3882353 0.2039216 0.2784314 1 0.3882353 0.2039216 0.2784314 1 0.3882353 0.2039216 0.2784314 1 0.3882353 0.2039216 0.2784314 1 0.3882353 0.2039216 0.2784314 1 0.3882353 0.2039216 0.2784314 1 0.3882353 0.2039216 0.2784314 1 0.3882353 0.2039216 0.2784314 1 0.3882353 0.2039216 0.2784314 1 0.3882353 0.2039216 0.2784314 1 0.3882353 0.2039216 0.2784314 1 0.3882353 0.2039216 0.2784314 1 0.3882353 0.2039216 0.2784314 1 0.3882353 0.2039216 0.2784314 1 0.3882353 0.2039216 0.2784314 1 0.3882353 0.2039216 0.2784314 1 0.3882353 0.2039216 0.2784314 1 0.3882353 0.2039216 0.2784314 1 0.3882353 0.2039216 0.2784314 1 0.3882353 0.2039216 0.2784314 1 0.3882353 0.2039216 0.2784314 1 0.3882353 0.2039216 0.2784314 1 0.3882353 0.2039216 0.2784314 1 0.3882353 0.2039216 0.2784314 1 0.3882353 0.2039216 0.2784314 1 0.3882353 0.2039216 0.2784314 1 0.3882353 0.2039216 0.2784314 1 0.3882353 0.2039216 0.2784314 1 0.3882353 0.2039216 0.2784314 1 0.3882353 0.2039216 0.2784314 1 0.3882353 0.2039216 0.2784314 1 0.3882353 0.2039216 0.2784314 1 0.3882353 0.2039216 0.2784314 1 0.3882353 0.2039216 0.2784314 1 0.3882353 0.2039216 0.2784314 1 0.3882353 0.2039216 0.2784314 1 0.3882353 0.2039216 0.2784314 1 0.3882353 0.2039216 0.2784314 1 0.3882353 0.2039216 0.2784314 1 0.3882353 0.2039216 0.2784314 1 0.3882353 0.2039216 0.2784314 1 0.3882353 0.2039216 0.2784314 1 0.3882353 0.2039216 0.2784314 1 0.3882353 0.2039216 0.2784314 1 0.3882353 0.2039216 0.2784314 1 0.3882353 0.2039216 0.2784314 1 0.3882353 0.2039216 0.2784314 1 0.3882353 0.2039216 0.2784314 1 0.3882353 0.2039216 0.2784314 1 0.3882353 0.2039216 0.2784314 1 0.3882353 0.2039216 0.2784314 1 0.3882353 0.2039216 0.2784314 1 0.3882353 0.2039216 0.2784314 1 0.3882353 0.2039216 0.2784314 1 0.3882353 0.2039216 0.2784314 1 0.3882353 0.2039216 0.2784314 1 0.3882353 0.2039216 0.2784314 1 0.3882353 0.2039216 0.2784314 1 0.3882353 0.2039216 0.2784314 1 0.3882353 0.2039216 0.2784314 1 0.3882353 0.2039216 0.2784314 1 0.3882353 0.2039216 0.2784314 1 0.3882353 0.2039216 0.2784314 1 0.3882353 0.2039216 0.2784314 1 0.3882353 0.2039216 0.2784314 1 0.3882353 0.2039216 0.2784314 1 0.3882353 0.2039216 0.2784314 1 0.3882353 0.2039216 0.2784314 1 0.3882353 0.2039216 0.2784314 1 0.4196078 0.4196078 0.4196078 1 0.4627451 0.4627451 0.4627451 1 0.4196078 0.4196078 0.4196078 1 0.4196078 0.4196078 0.4196078 1 0.4196078 0.4196078 0.4196078 1 0.4627451 0.4627451 0.4627451 1 0.4627451 0.4627451 0.4627451 1 0.5215687 0.5215687 0.5215687 1 0.4196078 0.4196078 0.4196078 1 0.6196079 0.6196079 0.6196079 1 0.4196078 0.4196078 0.4196078 1 0.5215687 0.5215687 0.5215687 1 0.5215687 0.5215687 0.5215687 1 0.8 0.8 0.8 1 0.6196079 0.6196079 0.6196079 1 0.8392157 0.8392157 0.8392157 1 0.6196079 0.6196079 0.6196079 1 0.8 0.8 0.8 1 0.8 0.8 0.8 1 0.8392157 0.8392157 0.8392157 1 0.8392157 0.8392157 0.8392157 1 0.9098039 0.9098039 0.9098039 1 0.8392157 0.8392157 0.8392157 1 0.8392157 0.8392157 0.8392157 1 0.8392157 0.8392157 0.8392157 1 0.882353 0.882353 0.882353 1 0.9098039 0.9098039 0.9098039 1 0.9137255 0.9137255 0.9137255 1 0.9098039 0.9098039 0.9098039 1 0.882353 0.882353 0.882353 1 0.882353 0.882353 0.882353 1 0.8431373 0.8431373 0.8431373 1 0.9137255 0.9137255 0.9137255 1 0.854902 0.854902 0.854902 1 0.9137255 0.9137255 0.9137255 1 0.8431373 0.8431373 0.8431373 1 0.8431373 0.8431373 0.8431373 1 0.7647059 0.7647059 0.7647059 1 0.854902 0.854902 0.854902 1 0.8078432 0.8078432 0.8078432 1 0.854902 0.854902 0.854902 1 0.7647059 0.7647059 0.7647059 1 0.7647059 0.7647059 0.7647059 1 0.7333334 0.7333334 0.7333334 1 0.8078432 0.8078432 0.8078432 1 0.7764706 0.7764706 0.7764706 1 0.8078432 0.8078432 0.8078432 1 0.7333334 0.7333334 0.7333334 1 0.7333334 0.7333334 0.7333334 1 0.6784314 0.6784314 0.6784314 1 0.7764706 0.7764706 0.7764706 1 0.7294118 0.7294118 0.7294118 1 0.7764706 0.7764706 0.7764706 1 0.6784314 0.6784314 0.6784314 1 0.6784314 0.6784314 0.6784314 1 0.5882353 0.5882353 0.5882353 1 0.7294118 0.7294118 0.7294118 1 0.7176471 0.7176471 0.7176471 1 0.7294118 0.7294118 0.7294118 1 0.5882353 0.5882353 0.5882353 1 0.5882353 0.5882353 0.5882353 1 0.5921569 0.5921569 0.5921569 1 0.7176471 0.7176471 0.7176471 1 0.4627451 0.4627451 0.4627451 1 0.5254902 0.5254902 0.5254902 1 0.5372549 0.5372549 0.5372549 1 0.5372549 0.5372549 0.5372549 1 0.5372549 0.5372549 0.5372549 1 0.5254902 0.5254902 0.5254902 1 0.5254902 0.5254902 0.5254902 1 0.6078432 0.6078432 0.6078432 1 0.5372549 0.5372549 0.5372549 1 0.5882353 0.5882353 0.5882353 1 0.5372549 0.5372549 0.5372549 1 0.6078432 0.6078432 0.6078432 1 0.6078432 0.6078432 0.6078432 1 0.6784314 0.6784314 0.6784314 1 0.5882353 0.5882353 0.5882353 1 0.7294118 0.7294118 0.7294118 1 0.5882353 0.5882353 0.5882353 1 0.6784314 0.6784314 0.6784314 1 0.6784314 0.6784314 0.6784314 1 0.7764706 0.7764706 0.7764706 1 0.7294118 0.7294118 0.7294118 1 0.8745098 0.8745098 0.8745098 1 0.7294118 0.7294118 0.7294118 1 0.7764706 0.7764706 0.7764706 1 0.7764706 0.7764706 0.7764706 1 0.8627451 0.8627451 0.8627451 1 0.8745098 0.8745098 0.8745098 1 0.9450981 0.9450981 0.9450981 1 0.8745098 0.8745098 0.8745098 1 0.8627451 0.8627451 0.8627451 1 0.8627451 0.8627451 0.8627451 1 0.9294118 0.9294118 0.9294118 1 0.9450981 0.9450981 0.9450981 1 0.972549 0.972549 0.972549 1 0.9450981 0.9450981 0.9450981 1 0.9294118 0.9294118 0.9294118 1 0.9294118 0.9294118 0.9294118 1 0.9490196 0.9490196 0.9490196 1 0.972549 0.972549 0.972549 1 0.9686275 0.9686275 0.9686275 1 0.972549 0.972549 0.972549 1 0.9490196 0.9490196 0.9490196 1 0.9490196 0.9490196 0.9490196 1 0.9529412 0.9529412 0.9529412 1 0.9686275 0.9686275 0.9686275 1 0.9294118 0.9294118 0.9294118 1 0.9686275 0.9686275 0.9686275 1 0.9529412 0.9529412 0.9529412 1 0.9529412 0.9529412 0.9529412 1 0.9294118 0.9294118 0.9294118 1 0.9294118 0.9294118 0.9294118 1 0.854902 0.854902 0.854902 1 0.9294118 0.9294118 0.9294118 1 0.9294118 0.9294118 0.9294118 1 0.9294118 0.9294118 0.9294118 1 0.8196079 0.8196079 0.8196079 1 0.854902 0.854902 0.854902 1 0.7411765 0.7411765 0.7411765 1 0.854902 0.854902 0.854902 1 0.8196079 0.8196079 0.8196079 1 0.8196079 0.8196079 0.8196079 1 0.654902 0.654902 0.654902 1 0.7411765 0.7411765 0.7411765 1 0.4196078 0.4196078 0.4196078 1 0.5333334 0.5333334 0.5333334 1 0.4627451 0.4627451 0.4627451 1 0.5294118 0.5294118 0.5294118 1 0.4627451 0.4627451 0.4627451 1 0.5333334 0.5333334 0.5333334 1 0.5333334 0.5333334 0.5333334 1 0.6862745 0.6862745 0.6862745 1 0.5294118 0.5294118 0.5294118 1 0.5568628 0.5568628 0.5568628 1 0.5294118 0.5294118 0.5294118 1 0.6862745 0.6862745 0.6862745 1 0.6862745 0.6862745 0.6862745 1 0.6745098 0.6745098 0.6745098 1 0.5568628 0.5568628 0.5568628 1 0.6117647 0.6117647 0.6117647 1 0.5568628 0.5568628 0.5568628 1 0.6745098 0.6745098 0.6745098 1 0.6745098 0.6745098 0.6745098 1 0.6862745 0.6862745 0.6862745 1 0.6117647 0.6117647 0.6117647 1 0.5882353 0.5882353 0.5882353 1 0.6117647 0.6117647 0.6117647 1 0.6862745 0.6862745 0.6862745 1 0.6862745 0.6862745 0.6862745 1 0.6627451 0.6627451 0.6627451 1 0.5882353 0.5882353 0.5882353 1 0.6392157 0.6392157 0.6392157 1 0.5882353 0.5882353 0.5882353 1 0.6627451 0.6627451 0.6627451 1 0.6627451 0.6627451 0.6627451 1 0.627451 0.627451 0.627451 1 0.6392157 0.6392157 0.6392157 1 0.6313726 0.6313726 0.6313726 1 0.6392157 0.6392157 0.6392157 1 0.627451 0.627451 0.627451 1 0.627451 0.627451 0.627451 1 0.6117647 0.6117647 0.6117647 1 0.6313726 0.6313726 0.6313726 1 0.627451 0.627451 0.627451 1 0.6313726 0.6313726 0.6313726 1 0.6117647 0.6117647 0.6117647 1 0.6117647 0.6117647 0.6117647 1 0.5725491 0.5725491 0.5725491 1 0.627451 0.627451 0.627451 1 0.6313726 0.6313726 0.6313726 1 0.627451 0.627451 0.627451 1 0.5725491 0.5725491 0.5725491 1 0.5725491 0.5725491 0.5725491 1 0.6039216 0.6039216 0.6039216 1 0.6313726 0.6313726 0.6313726 1 0.4627451 0.4627451 0.4627451 1 0.4666666 0.4666666 0.4666666 1 0.5254902 0.5254902 0.5254902 1 0.5764706 0.5764706 0.5764706 1 0.5254902 0.5254902 0.5254902 1 0.4666666 0.4666666 0.4666666 1 0.4666666 0.4666666 0.4666666 1 0.6039216 0.6039216 0.6039216 1 0.5764706 0.5764706 0.5764706 1 0.6431373 0.6431373 0.6431373 1 0.5764706 0.5764706 0.5764706 1 0.6039216 0.6039216 0.6039216 1 0.6039216 0.6039216 0.6039216 1 0.6627451 0.6627451 0.6627451 1 0.6431373 0.6431373 0.6431373 1 0.7058824 0.7058824 0.7058824 1 0.6431373 0.6431373 0.6431373 1 0.6627451 0.6627451 0.6627451 1 0.6627451 0.6627451 0.6627451 1 0.7058824 0.7058824 0.7058824 1 0.7058824 0.7058824 0.7058824 1 0.7803922 0.7803922 0.7803922 1 0.7058824 0.7058824 0.7058824 1 0.7058824 0.7058824 0.7058824 1 0.7058824 0.7058824 0.7058824 1 0.7568628 0.7568628 0.7568628 1 0.7803922 0.7803922 0.7803922 1 0.8392157 0.8392157 0.8392157 1 0.7803922 0.7803922 0.7803922 1 0.7568628 0.7568628 0.7568628 1 0.7568628 0.7568628 0.7568628 1 0.8 0.8 0.8 1 0.8392157 0.8392157 0.8392157 1 0.8352941 0.8352941 0.8352941 1 0.8392157 0.8392157 0.8392157 1 0.8 0.8 0.8 1 0.8 0.8 0.8 1 0.6196079 0.6196079 0.6196079 1 0.8352941 0.8352941 0.8352941 1 0.7333334 0.7333334 0.7333334 1 0.8352941 0.8352941 0.8352941 1 0.6196079 0.6196079 0.6196079 1 0.6196079 0.6196079 0.6196079 1 0.5254902 0.5254902 0.5254902 1 0.7333334 0.7333334 0.7333334 1 0.654902 0.654902 0.654902 1 0.7333334 0.7333334 0.7333334 1 0.5254902 0.5254902 0.5254902 1 0.5254902 0.5254902 0.5254902 1 0.6196079 0.6196079 0.6196079 1 0.4196078 0.4196078 0.4196078 1 0.5333334 0.5333334 0.5333334 1 0.4196078 0.4196078 0.4196078 1 0.6196079 0.6196079 0.6196079 1 0.6196079 0.6196079 0.6196079 1 0.8 0.8 0.8 1 0.5333334 0.5333334 0.5333334 1 0.6862745 0.6862745 0.6862745 1 0.5333334 0.5333334 0.5333334 1 0.8 0.8 0.8 1 0.8 0.8 0.8 1 0.7568628 0.7568628 0.7568628 1 0.6862745 0.6862745 0.6862745 1 0.6745098 0.6745098 0.6745098 1 0.6862745 0.6862745 0.6862745 1 0.7568628 0.7568628 0.7568628 1 0.7568628 0.7568628 0.7568628 1 0.7058824 0.7058824 0.7058824 1 0.6745098 0.6745098 0.6745098 1 0.6862745 0.6862745 0.6862745 1 0.6745098 0.6745098 0.6745098 1 0.7058824 0.7058824 0.7058824 1 0.7058824 0.7058824 0.7058824 1 0.6627451 0.6627451 0.6627451 1 0.6862745 0.6862745 0.6862745 1 0.6313726 0.6313726 0.6313726 1 0.6862745 0.6862745 0.6862745 1 0.6627451 0.6627451 0.6627451 1 0.6627451 0.6627451 0.6627451 1 0.6039216 0.6039216 0.6039216 1 0.6313726 0.6313726 0.6313726 1 0.5725491 0.5725491 0.5725491 1 0.6313726 0.6313726 0.6313726 1 0.6039216 0.6039216 0.6039216 1 0.6039216 0.6039216 0.6039216 1 0.4666666 0.4666666 0.4666666 1 0.5725491 0.5725491 0.5725491 1 0.4784314 0.4784314 0.4784314 1 0.5725491 0.5725491 0.5725491 1 0.4666666 0.4666666 0.4666666 1 0.4666666 0.4666666 0.4666666 1 0.4627451 0.4627451 0.4627451 1 0.4784314 0.4784314 0.4784314 1 0.4666666 0.4666666 0.4666666 1 0.4784314 0.4784314 0.4784314 1 0.4627451 0.4627451 0.4627451 1 0.7294118 0.7294118 0.7294118 1 0.8745098 0.8745098 0.8745098 1 0.7764706 0.7764706 0.7764706 1 0.8627451 0.8627451 0.8627451 1 0.7764706 0.7764706 0.7764706 1 0.8745098 0.8745098 0.8745098 1 0.8745098 0.8745098 0.8745098 1 0.9490196 0.9490196 0.9490196 1 0.8627451 0.8627451 0.8627451 1 0.9294118 0.9294118 0.9294118 1 0.8627451 0.8627451 0.8627451 1 0.9490196 0.9490196 0.9490196 1 0.9490196 0.9490196 0.9490196 1 0.972549 0.972549 0.972549 1 0.9294118 0.9294118 0.9294118 1 0.9490196 0.9490196 0.9490196 1 0.9294118 0.9294118 0.9294118 1 0.972549 0.972549 0.972549 1 0.972549 0.972549 0.972549 1 0.9686275 0.9686275 0.9686275 1 0.9490196 0.9490196 0.9490196 1 0.9490196 0.9490196 0.9490196 1 0.9490196 0.9490196 0.9490196 1 0.9686275 0.9686275 0.9686275 1 0.9686275 0.9686275 0.9686275 1 0.9294118 0.9294118 0.9294118 1 0.9490196 0.9490196 0.9490196 1 0.9294118 0.9294118 0.9294118 1 0.9490196 0.9490196 0.9490196 1 0.9294118 0.9294118 0.9294118 1 0.9294118 0.9294118 0.9294118 1 0.854902 0.854902 0.854902 1 0.9294118 0.9294118 0.9294118 1 0.8156863 0.8156863 0.8156863 1 0.9294118 0.9294118 0.9294118 1 0.854902 0.854902 0.854902 1 0.854902 0.854902 0.854902 1 0.7450981 0.7450981 0.7450981 1 0.8156863 0.8156863 0.8156863 1 0.654902 0.654902 0.654902 1 0.8156863 0.8156863 0.8156863 1 0.7450981 0.7450981 0.7450981 1 0.7333334 0.7333334 0.7333334 1 0.7647059 0.7647059 0.7647059 1 0.6627451 0.6627451 0.6627451 1 0.7058824 0.7058824 0.7058824 1 0.6627451 0.6627451 0.6627451 1 0.7647059 0.7647059 0.7647059 1 0.7647059 0.7647059 0.7647059 1 0.7803922 0.7803922 0.7803922 1 0.7058824 0.7058824 0.7058824 1 0.7058824 0.7058824 0.7058824 1 0.7058824 0.7058824 0.7058824 1 0.7803922 0.7803922 0.7803922 1 0.7803922 0.7803922 0.7803922 1 0.7568628 0.7568628 0.7568628 1 0.7058824 0.7058824 0.7058824 1 0.6745098 0.6745098 0.6745098 1 0.7058824 0.7058824 0.7058824 1 0.7568628 0.7568628 0.7568628 1 0.7568628 0.7568628 0.7568628 1 0.6862745 0.6862745 0.6862745 1 0.6745098 0.6745098 0.6745098 1 0.5568628 0.5568628 0.5568628 1 0.6745098 0.6745098 0.6745098 1 0.6862745 0.6862745 0.6862745 1 0.6862745 0.6862745 0.6862745 1 0.5294118 0.5294118 0.5294118 1 0.5568628 0.5568628 0.5568628 1 0.4627451 0.4627451 0.4627451 1 0.5568628 0.5568628 0.5568628 1 0.5294118 0.5294118 0.5294118 1 0.5294118 0.5294118 0.5294118 1 0.5215687 0.5215687 0.5215687 1 0.4627451 0.4627451 0.4627451 1 0.8352941 0.8352941 0.8352941 1 0.9137255 0.9137255 0.9137255 1 0.8392157 0.8392157 0.8392157 1 0.882353 0.882353 0.882353 1 0.8392157 0.8392157 0.8392157 1 0.9137255 0.9137255 0.9137255 1 0.9137255 0.9137255 0.9137255 1 0.9098039 0.9098039 0.9098039 1 0.882353 0.882353 0.882353 1 0.8509804 0.8509804 0.8509804 1 0.882353 0.882353 0.882353 1 0.9098039 0.9098039 0.9098039 1 0.9098039 0.9098039 0.9098039 1 0.854902 0.854902 0.854902 1 0.8509804 0.8509804 0.8509804 1 0.7647059 0.7647059 0.7647059 1 0.8509804 0.8509804 0.8509804 1 0.854902 0.854902 0.854902 1 0.854902 0.854902 0.854902 1 0.8078432 0.8078432 0.8078432 1 0.7647059 0.7647059 0.7647059 1 0.7333334 0.7333334 0.7333334 1 0.7647059 0.7647059 0.7647059 1 0.8078432 0.8078432 0.8078432 1 0.8078432 0.8078432 0.8078432 1 0.7764706 0.7764706 0.7764706 1 0.7333334 0.7333334 0.7333334 1 0.6784314 0.6784314 0.6784314 1 0.7333334 0.7333334 0.7333334 1 0.7764706 0.7764706 0.7764706 1 0.6431373 0.6431373 0.6431373 1 0.6627451 0.6627451 0.6627451 1 0.6039216 0.6039216 0.6039216 1 0.6313726 0.6313726 0.6313726 1 0.6039216 0.6039216 0.6039216 1 0.6627451 0.6627451 0.6627451 1 0.6627451 0.6627451 0.6627451 1 0.6862745 0.6862745 0.6862745 1 0.6313726 0.6313726 0.6313726 1 0.654902 0.654902 0.654902 1 0.6313726 0.6313726 0.6313726 1 0.6862745 0.6862745 0.6862745 1 0.6862745 0.6862745 0.6862745 1 0.5882353 0.5882353 0.5882353 1 0.654902 0.654902 0.654902 1 0.6313726 0.6313726 0.6313726 1 0.654902 0.654902 0.654902 1 0.5882353 0.5882353 0.5882353 1 0.5882353 0.5882353 0.5882353 1 0.5568628 0.5568628 0.5568628 1 0.6313726 0.6313726 0.6313726 1 0.6313726 0.6313726 0.6313726 1 0.6313726 0.6313726 0.6313726 1 0.5568628 0.5568628 0.5568628 1 0.5568628 0.5568628 0.5568628 1 0.5372549 0.5372549 0.5372549 1 0.6313726 0.6313726 0.6313726 1 0.5568628 0.5568628 0.5568628 1 0.6313726 0.6313726 0.6313726 1 0.5372549 0.5372549 0.5372549 1 0.654902 0.654902 0.654902 1 0.8196079 0.8196079 0.8196079 1 0.7333334 0.7333334 0.7333334 1 0.8862745 0.8862745 0.8862745 1 0.7333334 0.7333334 0.7333334 1 0.8196079 0.8196079 0.8196079 1 0.8196079 0.8196079 0.8196079 1 0.9294118 0.9294118 0.9294118 1 0.8862745 0.8862745 0.8862745 1 0.9137255 0.9137255 0.9137255 1 0.8862745 0.8862745 0.8862745 1 0.9294118 0.9294118 0.9294118 1 0.9294118 0.9294118 0.9294118 1 0.9411765 0.9411765 0.9411765 1 0.9137255 0.9137255 0.9137255 1 0.9098039 0.9098039 0.9098039 1 0.9137255 0.9137255 0.9137255 1 0.9411765 0.9411765 0.9411765 1 0.9411765 0.9411765 0.9411765 1 0.9372549 0.9372549 0.9372549 1 0.9098039 0.9098039 0.9098039 1 0.9254902 0.9254902 0.9254902 1 0.9098039 0.9098039 0.9098039 1 0.9372549 0.9372549 0.9372549 1 0.9372549 0.9372549 0.9372549 1 0.9490196 0.9490196 0.9490196 1 0.9254902 0.9254902 0.9254902 1 0.9294118 0.9294118 0.9294118 1 0.9254902 0.9254902 0.9254902 1 0.9490196 0.9490196 0.9490196 1 0.4196078 0.4196078 0.4196078 1 0.6196079 0.6196079 0.6196079 1 0.5294118 0.5294118 0.5294118 1 0.7294118 0.7294118 0.7294118 1 0.5294118 0.5294118 0.5294118 1 0.6196079 0.6196079 0.6196079 1 0.6196079 0.6196079 0.6196079 1 0.8392157 0.8392157 0.8392157 1 0.7294118 0.7294118 0.7294118 1 0.8862745 0.8862745 0.8862745 1 0.7294118 0.7294118 0.7294118 1 0.8392157 0.8392157 0.8392157 1 0.8392157 0.8392157 0.8392157 1 0.9098039 0.9098039 0.9098039 1 0.8862745 0.8862745 0.8862745 1 0.9294118 0.9294118 0.9294118 1 0.8862745 0.8862745 0.8862745 1 0.9098039 0.9098039 0.9098039 1 0.9098039 0.9098039 0.9098039 1 0.9411765 0.9411765 0.9411765 1 0.9294118 0.9294118 0.9294118 1 0.9372549 0.9372549 0.9372549 1 0.9294118 0.9294118 0.9294118 1 0.9411765 0.9411765 0.9411765 1 0.9411765 0.9411765 0.9411765 1 0.9137255 0.9137255 0.9137255 1 0.9372549 0.9372549 0.9372549 1 0.4627451 0.4627451 0.4627451 1 0.5254902 0.5254902 0.5254902 1 0.4666666 0.4666666 0.4666666 1 0.6039216 0.6039216 0.6039216 1 0.4666666 0.4666666 0.4666666 1 0.5254902 0.5254902 0.5254902 1 0.5254902 0.5254902 0.5254902 1 0.5803922 0.5803922 0.5803922 1 0.6039216 0.6039216 0.6039216 1 0.6431373 0.6431373 0.6431373 1 0.6039216 0.6039216 0.6039216 1 0.5803922 0.5803922 0.5803922 1 0.5803922 0.5803922 0.5803922 1 0.6078432 0.6078432 0.6078432 1 0.6431373 0.6431373 0.6431373 1 0.6627451 0.6627451 0.6627451 1 0.6431373 0.6431373 0.6431373 1 0.6078432 0.6078432 0.6078432 1 0.6078432 0.6078432 0.6078432 1 0.6784314 0.6784314 0.6784314 1 0.6627451 0.6627451 0.6627451 1 0.7333334 0.7333334 0.7333334 1 0.6627451 0.6627451 0.6627451 1 0.6784314 0.6784314 0.6784314 1 0.8745098 0.8745098 0.8745098 1 0.9647059 0.9647059 0.9647059 1 0.9490196 0.9490196 0.9490196 1 0.972549 0.972549 0.972549 1 0.9490196 0.9490196 0.9490196 1 0.9647059 0.9647059 0.9647059 1 0.9647059 0.9647059 0.9647059 1 0.9843137 0.9843137 0.9843137 1 0.972549 0.972549 0.972549 1 0.9686275 0.9686275 0.9686275 1 0.972549 0.972549 0.972549 1 0.9843137 0.9843137 0.9843137 1 0.9843137 0.9843137 0.9843137 1 0.9568628 0.9568628 0.9568628 1 0.9686275 0.9686275 0.9686275 1 0.9294118 0.9294118 0.9294118 1 0.9686275 0.9686275 0.9686275 1 0.9568628 0.9568628 0.9568628 1 0.9568628 0.9568628 0.9568628 1 0.9411765 0.9411765 0.9411765 1 0.9294118 0.9294118 0.9294118 1 0.854902 0.854902 0.854902 1 0.9294118 0.9294118 0.9294118 1 0.9411765 0.9411765 0.9411765 1 0.7764706 0.7764706 0.7764706 1 0.8627451 0.8627451 0.8627451 1 0.8078432 0.8078432 0.8078432 1 0.8745098 0.8745098 0.8745098 1 0.8078432 0.8078432 0.8078432 1 0.8627451 0.8627451 0.8627451 1 0.8627451 0.8627451 0.8627451 1 0.9294118 0.9294118 0.9294118 1 0.8745098 0.8745098 0.8745098 1 0.9254902 0.9254902 0.9254902 1 0.8745098 0.8745098 0.8745098 1 0.9294118 0.9294118 0.9294118 1 0.9294118 0.9294118 0.9294118 1 0.9490196 0.9490196 0.9490196 1 0.9254902 0.9254902 0.9254902 1 0.9372549 0.9372549 0.9372549 1 0.9254902 0.9254902 0.9254902 1 0.9490196 0.9490196 0.9490196 1 0.9490196 0.9490196 0.9490196 1 0.9490196 0.9490196 0.9490196 1 0.9372549 0.9372549 0.9372549 1 0.9294118 0.9294118 0.9294118 1 0.9372549 0.9372549 0.9372549 1 0.9490196 0.9490196 0.9490196 1 0.6862745 0.6862745 0.6862745 1 0.6313726 0.6313726 0.6313726 1 0.6627451 0.6627451 0.6627451 1 0.627451 0.627451 0.627451 1 0.6627451 0.6627451 0.6627451 1 0.6313726 0.6313726 0.6313726 1 0.6313726 0.6313726 0.6313726 1 0.5725491 0.5725491 0.5725491 1 0.627451 0.627451 0.627451 1 0.6117647 0.6117647 0.6117647 1 0.627451 0.627451 0.627451 1 0.5725491 0.5725491 0.5725491 1 0.5725491 0.5725491 0.5725491 1 0.5568628 0.5568628 0.5568628 1 0.6117647 0.6117647 0.6117647 1 0.5725491 0.5725491 0.5725491 1 0.6117647 0.6117647 0.6117647 1 0.5568628 0.5568628 0.5568628 1 0.5568628 0.5568628 0.5568628 1 0.4784314 0.4784314 0.4784314 1 0.5725491 0.5725491 0.5725491 1 0.4666666 0.4666666 0.4666666 1 0.5725491 0.5725491 0.5725491 1 0.4784314 0.4784314 0.4784314 1 0.4627451 0.4627451 0.4627451 1 0.5019608 0.5019608 0.5019608 1 0.4196078 0.4196078 0.4196078 1 0.4196078 0.4196078 0.4196078 1 0.4196078 0.4196078 0.4196078 1 0.5019608 0.5019608 0.5019608 1 0.5019608 0.5019608 0.5019608 1 0.5019608 0.5019608 0.5019608 1 0.4196078 0.4196078 0.4196078 1 0.5019608 0.5019608 0.5019608 1 0.4196078 0.4196078 0.4196078 1 0.5019608 0.5019608 0.5019608 1 0.5019608 0.5019608 0.5019608 1 0.5568628 0.5568628 0.5568628 1 0.5019608 0.5019608 0.5019608 1 0.5019608 0.5019608 0.5019608 1 0.5019608 0.5019608 0.5019608 1 0.5568628 0.5568628 0.5568628 1 0.5568628 0.5568628 0.5568628 1 0.5372549 0.5372549 0.5372549 1 0.5019608 0.5019608 0.5019608 1 0.5568628 0.5568628 0.5568628 1 0.5019608 0.5019608 0.5019608 1 0.5372549 0.5372549 0.5372549 1 0.4196078 0.4196078 0.4196078 1 0.5019608 0.5019608 0.5019608 1 0.4196078 0.4196078 0.4196078 1 0.4196078 0.4196078 0.4196078 1 0.4196078 0.4196078 0.4196078 1 0.5019608 0.5019608 0.5019608 1 0.5019608 0.5019608 0.5019608 1 0.5019608 0.5019608 0.5019608 1 0.4196078 0.4196078 0.4196078 1 0.4196078 0.4196078 0.4196078 1 0.4196078 0.4196078 0.4196078 1 0.5019608 0.5019608 0.5019608 1 0.5019608 0.5019608 0.5019608 1 0.5019608 0.5019608 0.5019608 1 0.4196078 0.4196078 0.4196078 1 0.5019608 0.5019608 0.5019608 1 0.4196078 0.4196078 0.4196078 1 0.5019608 0.5019608 0.5019608 1 0.5019608 0.5019608 0.5019608 1 0.5882353 0.5882353 0.5882353 1 0.5019608 0.5019608 0.5019608 1 0.6156863 0.6156863 0.6156863 1 0.5019608 0.5019608 0.5019608 1 0.5882353 0.5882353 0.5882353 1 0.5647059 0.5647059 0.5647059 1 0.5882353 0.5882353 0.5882353 1 0.5882353 0.5882353 0.5882353 1 0.7176471 0.7176471 0.7176471 1 0.5882353 0.5882353 0.5882353 1 0.5882353 0.5882353 0.5882353 1 0.5882353 0.5882353 0.5882353 1 0.7294118 0.7294118 0.7294118 1 0.7176471 0.7176471 0.7176471 1 0.8196079 0.8196079 0.8196079 1 0.7176471 0.7176471 0.7176471 1 0.7294118 0.7294118 0.7294118 1 0.7294118 0.7294118 0.7294118 1 0.8745098 0.8745098 0.8745098 1 0.8196079 0.8196079 0.8196079 1 0.9137255 0.9137255 0.9137255 1 0.8196079 0.8196079 0.8196079 1 0.8745098 0.8745098 0.8745098 1 0.8745098 0.8745098 0.8745098 1 0.9686275 0.9686275 0.9686275 1 0.9137255 0.9137255 0.9137255 1 0.6627451 0.6627451 0.6627451 1 0.7058824 0.7058824 0.7058824 1 0.6431373 0.6431373 0.6431373 1 0.6627451 0.6627451 0.6627451 1 0.6431373 0.6431373 0.6431373 1 0.7058824 0.7058824 0.7058824 1 0.7058824 0.7058824 0.7058824 1 0.7058824 0.7058824 0.7058824 1 0.6627451 0.6627451 0.6627451 1 0.6862745 0.6862745 0.6862745 1 0.6627451 0.6627451 0.6627451 1 0.7058824 0.7058824 0.7058824 1 0.7058824 0.7058824 0.7058824 1 0.6745098 0.6745098 0.6745098 1 0.6862745 0.6862745 0.6862745 1 0.6156863 0.6156863 0.6156863 1 0.6862745 0.6862745 0.6862745 1 0.6745098 0.6745098 0.6745098 1 0.6745098 0.6745098 0.6745098 1 0.5568628 0.5568628 0.5568628 1 0.6156863 0.6156863 0.6156863 1 0.8509804 0.8509804 0.8509804 1 0.7647059 0.7647059 0.7647059 1 0.7803922 0.7803922 0.7803922 1 0.7058824 0.7058824 0.7058824 1 0.7803922 0.7803922 0.7803922 1 0.7647059 0.7647059 0.7647059 1 0.7647059 0.7647059 0.7647059 1 0.6627451 0.6627451 0.6627451 1 0.7058824 0.7058824 0.7058824 1 0.6431373 0.6431373 0.6431373 1 0.7058824 0.7058824 0.7058824 1 0.6627451 0.6627451 0.6627451 1 0.6627451 0.6627451 0.6627451 1 0.6078432 0.6078432 0.6078432 1 0.6431373 0.6431373 0.6431373 1 0.5764706 0.5764706 0.5764706 1 0.6431373 0.6431373 0.6431373 1 0.6078432 0.6078432 0.6078432 1 0.6078432 0.6078432 0.6078432 1 0.5254902 0.5254902 0.5254902 1 0.5764706 0.5764706 0.5764706 1 0.5294118 0.5294118 0.5294118 1 0.6862745 0.6862745 0.6862745 1 0.5215687 0.5215687 0.5215687 1 0.8 0.8 0.8 1 0.5215687 0.5215687 0.5215687 1 0.6862745 0.6862745 0.6862745 1 0.6862745 0.6862745 0.6862745 1 0.7568628 0.7568628 0.7568628 1 0.8 0.8 0.8 1 0.8392157 0.8392157 0.8392157 1 0.8 0.8 0.8 1 0.7568628 0.7568628 0.7568628 1 0.7568628 0.7568628 0.7568628 1 0.7803922 0.7803922 0.7803922 1 0.8392157 0.8392157 0.8392157 1 0.882353 0.882353 0.882353 1 0.8392157 0.8392157 0.8392157 1 0.7803922 0.7803922 0.7803922 1 0.4627451 0.4627451 0.4627451 1 0.5372549 0.5372549 0.5372549 1 0.5254902 0.5254902 0.5254902 1 0.5372549 0.5372549 0.5372549 1 0.5254902 0.5254902 0.5254902 1 0.5372549 0.5372549 0.5372549 1 0.5372549 0.5372549 0.5372549 1 0.5568628 0.5568628 0.5568628 1 0.5372549 0.5372549 0.5372549 1 0.5882353 0.5882353 0.5882353 1 0.5372549 0.5372549 0.5372549 1 0.5568628 0.5568628 0.5568628 1 0.5568628 0.5568628 0.5568628 1 0.5921569 0.5921569 0.5921569 1 0.5882353 0.5882353 0.5882353 1 0.6784314 0.6784314 0.6784314 1 0.6078432 0.6078432 0.6078432 1 0.5882353 0.5882353 0.5882353 1 0.5372549 0.5372549 0.5372549 1 0.5882353 0.5882353 0.5882353 1 0.6078432 0.6078432 0.6078432 1 0.6078432 0.6078432 0.6078432 1 0.5803922 0.5803922 0.5803922 1 0.5372549 0.5372549 0.5372549 1 0.5254902 0.5254902 0.5254902 1 0.5372549 0.5372549 0.5372549 1 0.5803922 0.5803922 0.5803922 1 0.9294118 0.9294118 0.9294118 1 0.8156863 0.8156863 0.8156863 1 0.8862745 0.8862745 0.8862745 1 0.7294118 0.7294118 0.7294118 1 0.8862745 0.8862745 0.8862745 1 0.8156863 0.8156863 0.8156863 1 0.8156863 0.8156863 0.8156863 1 0.654902 0.654902 0.654902 1 0.7294118 0.7294118 0.7294118 1 0.5294118 0.5294118 0.5294118 1 0.7294118 0.7294118 0.7294118 1 0.654902 0.654902 0.654902 1 0.8078432 0.8078432 0.8078432 1 0.8745098 0.8745098 0.8745098 1 0.854902 0.854902 0.854902 1 0.9137255 0.9137255 0.9137255 1 0.854902 0.854902 0.854902 1 0.8745098 0.8745098 0.8745098 1 0.8745098 0.8745098 0.8745098 1 0.9254902 0.9254902 0.9254902 1 0.9137255 0.9137255 0.9137255 1 0.9372549 0.9372549 0.9372549 1 0.9137255 0.9137255 0.9137255 1 0.9254902 0.9254902 0.9254902 1 0.7176471 0.7176471 0.7176471 1 0.8156863 0.8156863 0.8156863 1 0.7294118 0.7294118 0.7294118 1 0.8745098 0.8745098 0.8745098 1 0.7294118 0.7294118 0.7294118 1 0.8156863 0.8156863 0.8156863 1 0.8156863 0.8156863 0.8156863 1 0.9137255 0.9137255 0.9137255 1 0.8745098 0.8745098 0.8745098 1 0.9647059 0.9647059 0.9647059 1 0.8745098 0.8745098 0.8745098 1 0.9137255 0.9137255 0.9137255 1 0.7764706 0.7764706 0.7764706 1 0.8078432 0.8078432 0.8078432 1 0.8627451 0.8627451 0.8627451 1 0.8745098 0.8745098 0.8745098 1 0.8627451 0.8627451 0.8627451 1 0.8078432 0.8078432 0.8078432 1 0.8078432 0.8078432 0.8078432 1 0.854902 0.854902 0.854902 1 0.8745098 0.8745098 0.8745098 1 0.9098039 0.9098039 0.9098039 1 0.8745098 0.8745098 0.8745098 1 0.854902 0.854902 0.854902 1 0.4627451 0.4627451 0.4627451 1 0.5568628 0.5568628 0.5568628 1 0.4627451 0.4627451 0.4627451 1 0.5019608 0.5019608 0.5019608 1 0.4627451 0.4627451 0.4627451 1 0.5568628 0.5568628 0.5568628 1 0.5568628 0.5568628 0.5568628 1 0.6117647 0.6117647 0.6117647 1 0.5019608 0.5019608 0.5019608 1 0.5882353 0.5882353 0.5882353 1 0.5019608 0.5019608 0.5019608 1 0.6117647 0.6117647 0.6117647 1 0.6156863 0.6156863 0.6156863 1 0.5568628 0.5568628 0.5568628 1 0.5019608 0.5019608 0.5019608 1 0.4627451 0.4627451 0.4627451 1 0.5019608 0.5019608 0.5019608 1 0.5568628 0.5568628 0.5568628 1 0.5568628 0.5568628 0.5568628 1 0.4627451 0.4627451 0.4627451 1 0.4627451 0.4627451 0.4627451 1 0.4196078 0.4196078 0.4196078 1 0.4627451 0.4627451 0.4627451 1 0.4627451 0.4627451 0.4627451 1 0.9490196 0.9490196 0.9490196 1 0.9372549 0.9372549 0.9372549 1 0.9529412 0.9529412 0.9529412 1 0.9294118 0.9294118 0.9294118 1 0.9529412 0.9529412 0.9529412 1 0.9372549 0.9372549 0.9372549 1 0.9372549 0.9372549 0.9372549 1 0.9411765 0.9411765 0.9411765 1 0.9294118 0.9294118 0.9294118 1 0.6313726 0.6313726 0.6313726 1 0.627451 0.627451 0.627451 1 0.6313726 0.6313726 0.6313726 1 0.654902 0.654902 0.654902 1 0.6313726 0.6313726 0.6313726 1 0.627451 0.627451 0.627451 1 0.627451 0.627451 0.627451 1 0.6313726 0.6313726 0.6313726 1 0.654902 0.654902 0.654902 1 0.6078432 0.6078432 0.6078432 1 0.6627451 0.6627451 0.6627451 1 0.6784314 0.6784314 0.6784314 1 0.7333334 0.7333334 0.7333334 1 0.6784314 0.6784314 0.6784314 1 0.6627451 0.6627451 0.6627451 1 0.6627451 0.6627451 0.6627451 1 0.7647059 0.7647059 0.7647059 1 0.7333334 0.7333334 0.7333334 1 0.9411765 0.9411765 0.9411765 1 0.9686275 0.9686275 0.9686275 1 0.9294118 0.9294118 0.9294118 1 0.9686275 0.9686275 0.9686275 1 0.9294118 0.9294118 0.9294118 1 0.9686275 0.9686275 0.9686275 1 0.9686275 0.9686275 0.9686275 1 0.9843137 0.9843137 0.9843137 1 0.9686275 0.9686275 0.9686275 1 0.4627451 0.4627451 0.4627451 1 0.4627451 0.4627451 0.4627451 1 0.4196078 0.4196078 0.4196078 1 0.4196078 0.4196078 0.4196078 1 0.4196078 0.4196078 0.4196078 1 0.4627451 0.4627451 0.4627451 1 0.4627451 0.4627451 0.4627451 1 0.4196078 0.4196078 0.4196078 1 0.4196078 0.4196078 0.4196078 1 0.9098039 0.9098039 0.9098039 1 0.9254902 0.9254902 0.9254902 1 0.8745098 0.8745098 0.8745098 1 0.9294118 0.9294118 0.9294118 1 0.8745098 0.8745098 0.8745098 1 0.9254902 0.9254902 0.9254902 1 0.8392157 0.8392157 0.8392157 1 0.882353 0.882353 0.882353 1 0.7803922 0.7803922 0.7803922 1 0.8509804 0.8509804 0.8509804 1 0.7803922 0.7803922 0.7803922 1 0.882353 0.882353 0.882353 1 0.9686275 0.9686275 0.9686275 1 0.972549 0.972549 0.972549 1 0.9843137 0.9843137 0.9843137 1 0.9686275 0.9686275 0.9686275 1 0.9843137 0.9843137 0.9843137 1 0.972549 0.972549 0.972549 1 0.7647059 0.7647059 0.7647059 1 0.8431373 0.8431373 0.8431373 1 0.7803922 0.7803922 0.7803922 1 0.882353 0.882353 0.882353 1 0.7803922 0.7803922 0.7803922 1 0.8431373 0.8431373 0.8431373 1 0.7411765 0.7411765 0.7411765 1 0.8 0.8 0.8 1 0.854902 0.854902 0.854902 1 0.854902 0.854902 0.854902 1 0.854902 0.854902 0.854902 1 0.8 0.8 0.8 1 0.854902 0.854902 0.854902 1 0.854902 0.854902 0.854902 1 0.9294118 0.9294118 0.9294118 1 0.9411765 0.9411765 0.9411765 1 0.9294118 0.9294118 0.9294118 1 0.854902 0.854902 0.854902 1 0.9294118 0.9294118 0.9294118 1 0.854902 0.854902 0.854902 1 0.854902 0.854902 0.854902 1 0.8078432 0.8078432 0.8078432 1 0.854902 0.854902 0.854902 1 0.854902 0.854902 0.854902 1 0.5372549 0.5372549 0.5372549 1 0.5372549 0.5372549 0.5372549 1 0.5647059 0.5647059 0.5647059 1 0.5882353 0.5882353 0.5882353 1 0.5647059 0.5647059 0.5647059 1 0.5372549 0.5372549 0.5372549 1 0.6313726 0.6313726 0.6313726 1 0.5568628 0.5568628 0.5568628 1 0.6392157 0.6392157 0.6392157 1 0.5882353 0.5882353 0.5882353 1 0.6392157 0.6392157 0.6392157 1 0.5568628 0.5568628 0.5568628 1 0.7333334 0.7333334 0.7333334 1 0.8862745 0.8862745 0.8862745 1 0.8352941 0.8352941 0.8352941 1 0.9137255 0.9137255 0.9137255 1 0.8352941 0.8352941 0.8352941 1 0.8862745 0.8862745 0.8862745 1 0.5019608 0.5019608 0.5019608 1 0.5882353 0.5882353 0.5882353 1 0.5019608 0.5019608 0.5019608 1 0.5568628 0.5568628 0.5568628 1 0.5019608 0.5019608 0.5019608 1 0.5882353 0.5882353 0.5882353 1 0.4196078 0.4196078 0.4196078 1 0.5019608 0.5019608 0.5019608 1 0.4196078 0.4196078 0.4196078 1 0.5019608 0.5019608 0.5019608 1 0.4196078 0.4196078 0.4196078 1 0.5019608 0.5019608 0.5019608 1 0.4196078 0.4196078 0.4196078 1 0.4196078 0.4196078 0.4196078 1 0.4627451 0.4627451 0.4627451 1 0.4196078 0.4196078 0.4196078 1 0.4627451 0.4627451 0.4627451 1 0.4196078 0.4196078 0.4196078 1 0.8745098 0.8745098 0.8745098 1 0.9450981 0.9450981 0.9450981 1 0.9686275 0.9686275 0.9686275 1 0.972549 0.972549 0.972549 1 0.9686275 0.9686275 0.9686275 1 0.9450981 0.9450981 0.9450981 1 0.4196078 0.4196078 0.4196078 1 0.4196078 0.4196078 0.4196078 1 0.4627451 0.4627451 0.4627451 1 0.4196078 0.4196078 0.4196078 1 0.4627451 0.4627451 0.4627451 1 0.4196078 0.4196078 0.4196078 1 0.4627451 0.4627451 0.4627451 1 0.4196078 0.4196078 0.4196078 1 0.5019608 0.5019608 0.5019608 1 0.4196078 0.4196078 0.4196078 1 0.5019608 0.5019608 0.5019608 1 0.4196078 0.4196078 0.4196078 1 0.5882353 0.5882353 0.5882353 1 0.5019608 0.5019608 0.5019608 1 0.5568628 0.5568628 0.5568628 1 0.5019608 0.5019608 0.5019608 1 0.5568628 0.5568628 0.5568628 1 0.5019608 0.5019608 0.5019608 1 0.4666666 0.4666666 0.4666666 1 0.6039216 0.6039216 0.6039216 1 0.5725491 0.5725491 0.5725491 1 0.5568628 0.5568628 0.5568628 1 0.4627451 0.4627451 0.4627451 1 0.5294118 0.5294118 0.5294118 1 0.5568628 0.5568628 0.5568628 1 0.5725491 0.5725491 0.5725491 1 0.4784314 0.4784314 0.4784314 1 0.9098039 0.9098039 0.9098039 1 0.9137255 0.9137255 0.9137255 1 0.9411765 0.9411765 0.9411765 1 0.9294118 0.9294118 0.9294118 1 0.8627451 0.8627451 0.8627451 1 0.8745098 0.8745098 0.8745098 1 0.8078432 0.8078432 0.8078432 1 0.7450981 0.7450981 0.7450981 1 0.854902 0.854902 0.854902 1 0.6156863 0.6156863 0.6156863 1 0.5882353 0.5882353 0.5882353 1 0.6862745 0.6862745 0.6862745 1 0.5019608 0.5019608 0.5019608 1 0.5568628 0.5568628 0.5568628 1 0.5019608 0.5019608 0.5019608 1 0.8352941 0.8352941 0.8352941 1 0.7764706 0.7764706 0.7764706 1 0.9607843 0.9607843 0.9607843 1 0.8862745 0.8862745 0.8862745 1 0.9607843 0.9607843 0.9607843 1 0.7764706 0.7764706 0.7764706 1 0.7764706 0.7764706 0.7764706 1 0.7372549 0.7372549 0.7372549 1 0.8862745 0.8862745 0.8862745 1 0.8 0.8 0.8 1 0.8862745 0.8862745 0.8862745 1 0.7372549 0.7372549 0.7372549 1 0.7372549 0.7372549 0.7372549 1 0.7372549 0.7372549 0.7372549 1 0.8 0.8 0.8 1 0.7372549 0.7372549 0.7372549 1 0.8 0.8 0.8 1 0.7372549 0.7372549 0.7372549 1 0.7372549 0.7372549 0.7372549 1 0.7372549 0.7372549 0.7372549 1 0.7372549 0.7372549 0.7372549 1 0.7607843 0.7607843 0.7607843 1 0.7372549 0.7372549 0.7372549 1 0.7372549 0.7372549 0.7372549 1 0.7372549 0.7372549 0.7372549 1 0.7372549 0.7372549 0.7372549 1 0.7607843 0.7607843 0.7607843 1 0.8313726 0.8313726 0.8313726 1 0.7607843 0.7607843 0.7607843 1 0.7372549 0.7372549 0.7372549 1 0.7372549 0.7372549 0.7372549 1 0.7372549 0.7372549 0.7372549 1 0.8313726 0.8313726 0.8313726 1 0.7686275 0.7686275 0.7686275 1 0.8313726 0.8313726 0.8313726 1 0.7372549 0.7372549 0.7372549 1 0.5333334 0.5333334 0.5333334 1 0.5333334 0.5333334 0.5333334 1 0.6 0.6 0.6 1 0.8352941 0.8352941 0.8352941 1 0.6 0.6 0.6 1 0.5333334 0.5333334 0.5333334 1 0.5333334 0.5333334 0.5333334 1 0.5333334 0.5333334 0.5333334 1 0.8352941 0.8352941 0.8352941 1 0.7764706 0.7764706 0.7764706 1 0.8352941 0.8352941 0.8352941 1 0.5333334 0.5333334 0.5333334 1 0.5333334 0.5333334 0.5333334 1 0.5333334 0.5333334 0.5333334 1 0.7764706 0.7764706 0.7764706 1 0.7372549 0.7372549 0.7372549 1 0.7764706 0.7764706 0.7764706 1 0.5333334 0.5333334 0.5333334 1 0.5333334 0.5333334 0.5333334 1 0.6 0.6 0.6 1 0.7372549 0.7372549 0.7372549 1 0.7372549 0.7372549 0.7372549 1 0.7372549 0.7372549 0.7372549 1 0.6 0.6 0.6 1 0.6 0.6 0.6 1 0.8352941 0.8352941 0.8352941 1 0.7372549 0.7372549 0.7372549 1 0.8039216 0.8039216 0.8039216 1 0.7372549 0.7372549 0.7372549 1 0.8352941 0.8352941 0.8352941 1 0.8352941 0.8352941 0.8352941 1 0.9607843 0.9607843 0.9607843 1 0.8039216 0.8039216 0.8039216 1 0.8352941 0.8352941 0.8352941 1 0.8039216 0.8039216 0.8039216 1 0.9607843 0.9607843 0.9607843 1 0.9607843 0.9607843 0.9607843 1 0.9882353 0.9882353 0.9882353 1 0.8352941 0.8352941 0.8352941 1 0.8352941 0.8352941 0.8352941 1 0.8352941 0.8352941 0.8352941 1 0.9882353 0.9882353 0.9882353 1 0.9882353 0.9882353 0.9882353 1 0.8078432 0.8078432 0.8078432 1 0.8352941 0.8352941 0.8352941 1 0.9607843 0.9607843 0.9607843 1 0.8862745 0.8862745 0.8862745 1 0.9882353 0.9882353 0.9882353 1 0.9490196 0.9490196 0.9490196 1 0.9882353 0.9882353 0.9882353 1 0.8862745 0.8862745 0.8862745 1 0.8862745 0.8862745 0.8862745 1 0.8 0.8 0.8 1 0.9490196 0.9490196 0.9490196 1 0.8431373 0.8431373 0.8431373 1 0.9490196 0.9490196 0.9490196 1 0.8 0.8 0.8 1 0.8 0.8 0.8 1 0.7372549 0.7372549 0.7372549 1 0.8431373 0.8431373 0.8431373 1 0.7607843 0.7607843 0.7607843 1 0.8431373 0.8431373 0.8431373 1 0.7372549 0.7372549 0.7372549 1 0.7686275 0.7686275 0.7686275 1 0.7686275 0.7686275 0.7686275 1 0.8313726 0.8313726 0.8313726 1 0.9058824 0.9058824 0.9058824 1 0.8313726 0.8313726 0.8313726 1 0.7686275 0.7686275 0.7686275 1 0.7686275 0.7686275 0.7686275 1 0.7607843 0.7607843 0.7607843 1 0.9058824 0.9058824 0.9058824 1 0.7372549 0.7372549 0.7372549 1 0.9058824 0.9058824 0.9058824 1 0.7607843 0.7607843 0.7607843 1 0.8313726 0.8313726 0.8313726 1 0.9058824 0.9058824 0.9058824 1 0.7607843 0.7607843 0.7607843 1 0.8431373 0.8431373 0.8431373 1 0.7607843 0.7607843 0.7607843 1 0.9058824 0.9058824 0.9058824 1 0.9058824 0.9058824 0.9058824 1 0.9490196 0.9490196 0.9490196 1 0.8431373 0.8431373 0.8431373 1 0.9058824 0.9058824 0.9058824 1 0.8745098 0.8745098 0.8745098 1 0.9490196 0.9490196 0.9490196 1 0.9882353 0.9882353 0.9882353 1 0.9490196 0.9490196 0.9490196 1 0.8745098 0.8745098 0.8745098 1 0.8745098 0.8745098 0.8745098 1 0.8078432 0.8078432 0.8078432 1 0.9882353 0.9882353 0.9882353 1 0.8078432 0.8078432 0.8078432 1 0.8745098 0.8745098 0.8745098 1 0.7372549 0.7372549 0.7372549 1 0.7372549 0.7372549 0.7372549 1 0.7372549 0.7372549 0.7372549 1 0.8745098 0.8745098 0.8745098 1 0.8745098 0.8745098 0.8745098 1 0.9058824 0.9058824 0.9058824 1 0.7372549 0.7372549 0.7372549 1 0.5333334 0.5333334 0.5333334 1 0.7764706 0.7764706 0.7764706 1 0.5333334 0.5333334 0.5333334 1 0.7372549 0.7372549 0.7372549 1 0.5333334 0.5333334 0.5333334 1 0.7764706 0.7764706 0.7764706 1 0.7764706 0.7764706 0.7764706 1 0.882353 0.882353 0.882353 1 0.7372549 0.7372549 0.7372549 1 0.8 0.8 0.8 1 0.7372549 0.7372549 0.7372549 1 0.882353 0.882353 0.882353 1 0.882353 0.882353 0.882353 1 0.9450981 0.9450981 0.9450981 1 0.8 0.8 0.8 1 0.8431373 0.8431373 0.8431373 1 0.8 0.8 0.8 1 0.9450981 0.9450981 0.9450981 1 0.9450981 0.9450981 0.9450981 1 0.9098039 0.9098039 0.9098039 1 0.8431373 0.8431373 0.8431373 1 0.7607843 0.7607843 0.7607843 1 0.8431373 0.8431373 0.8431373 1 0.9098039 0.9098039 0.9098039 1 0.9098039 0.9098039 0.9098039 1 0.8313726 0.8313726 0.8313726 1 0.7607843 0.7607843 0.7607843 1 0.7372549 0.7372549 0.7372549 1 0.7607843 0.7607843 0.7607843 1 0.8313726 0.8313726 0.8313726 1 0.8313726 0.8313726 0.8313726 1 0.7372549 0.7372549 0.7372549 1 0.7372549 0.7372549 0.7372549 1 0.5333334 0.5333334 0.5333334 1 0.8352941 0.8352941 0.8352941 1 0.5333334 0.5333334 0.5333334 1 0.7764706 0.7764706 0.7764706 1 0.5333334 0.5333334 0.5333334 1 0.8352941 0.8352941 0.8352941 1 0.8352941 0.8352941 0.8352941 1 0.9568628 0.9568628 0.9568628 1 0.7764706 0.7764706 0.7764706 1 0.882353 0.882353 0.882353 1 0.7764706 0.7764706 0.7764706 1 0.9568628 0.9568628 0.9568628 1 0.9568628 0.9568628 0.9568628 1 0.9882353 0.9882353 0.9882353 1 0.882353 0.882353 0.882353 1 0.9450981 0.9450981 0.9450981 1 0.882353 0.882353 0.882353 1 0.9882353 0.9882353 0.9882353 1 0.9882353 0.9882353 0.9882353 1 0.8705883 0.8705883 0.8705883 1 0.9450981 0.9450981 0.9450981 1 0.9098039 0.9098039 0.9098039 1 0.9450981 0.9450981 0.9450981 1 0.8705883 0.8705883 0.8705883 1 0.8705883 0.8705883 0.8705883 1 0.7372549 0.7372549 0.7372549 1 0.9098039 0.9098039 0.9098039 1 0.7607843 0.7607843 0.7607843 1 0.9098039 0.9098039 0.9098039 1 0.7372549 0.7372549 0.7372549 1 0.5333334 0.5333334 0.5333334 1 0.7372549 0.7372549 0.7372549 1 0.6 0.6 0.6 1 0.7372549 0.7372549 0.7372549 1 0.6 0.6 0.6 1 0.7372549 0.7372549 0.7372549 1 0.7372549 0.7372549 0.7372549 1 0.8 0.8 0.8 1 0.7372549 0.7372549 0.7372549 1 0.7372549 0.7372549 0.7372549 1 0.7372549 0.7372549 0.7372549 1 0.8 0.8 0.8 1 0.8 0.8 0.8 1 0.8431373 0.8431373 0.8431373 1 0.7372549 0.7372549 0.7372549 1 0.7607843 0.7607843 0.7607843 1 0.7372549 0.7372549 0.7372549 1 0.8431373 0.8431373 0.8431373 1 0.7372549 0.7372549 0.7372549 1 0.8705883 0.8705883 0.8705883 1 0.7372549 0.7372549 0.7372549 1 0.8078432 0.8078432 0.8078432 1 0.7372549 0.7372549 0.7372549 1 0.8705883 0.8705883 0.8705883 1 0.8705883 0.8705883 0.8705883 1 0.9882353 0.9882353 0.9882353 1 0.8078432 0.8078432 0.8078432 1 0.8352941 0.8352941 0.8352941 1 0.8078432 0.8078432 0.8078432 1 0.9882353 0.9882353 0.9882353 1 0.9882353 0.9882353 0.9882353 1 0.8313726 0.8313726 0.8313726 1 0.8352941 0.8352941 0.8352941 1 0.5333334 0.5333334 0.5333334 1 0.6 0.6 0.6 1 0.5333334 0.5333334 0.5333334 1 0.8352941 0.8352941 0.8352941 1 0.5333334 0.5333334 0.5333334 1 0.6 0.6 0.6 1 0.6 0.6 0.6 1 0.7372549 0.7372549 0.7372549 1 0.8352941 0.8352941 0.8352941 1 0.8039216 0.8039216 0.8039216 1 0.8352941 0.8352941 0.8352941 1 0.7372549 0.7372549 0.7372549 1 0.7607843 0.7607843 0.7607843 1 0.7686275 0.7686275 0.7686275 1 0.9098039 0.9098039 0.9098039 1 0.8313726 0.8313726 0.8313726 1 0.9098039 0.9098039 0.9098039 1 0.7686275 0.7686275 0.7686275 1 0.7686275 0.7686275 0.7686275 1 0.7686275 0.7686275 0.7686275 1 0.8313726 0.8313726 0.8313726 1 0.7372549 0.7372549 0.7372549 1 0.8313726 0.8313726 0.8313726 1 0.7686275 0.7686275 0.7686275 1 0.8352941 0.8352941 0.8352941 1 0.8039216 0.8039216 0.8039216 1 0.9568628 0.9568628 0.9568628 1 0.8313726 0.8313726 0.8313726 1 0.9568628 0.9568628 0.9568628 1 0.8039216 0.8039216 0.8039216 1 0.7372549 0.7372549 0.7372549 1 0.7372549 0.7372549 0.7372549 1 0.7372549 0.7372549 0.7372549 1 0.7607843 0.7607843 0.7607843 1 0.7372549 0.7372549 0.7372549 1 0.7372549 0.7372549 0.7372549 1 0.9882353 0.9882353 0.9882353 1 0.9568628 0.9568628 0.9568628 1 0.8313726 0.8313726 0.8313726 1 0.7372549 0.7372549 0.7372549 1 0.7372549 0.7372549 0.7372549 1 0.7607843 0.7607843 0.7607843 1 0.8117647 0.8117647 0.8117647 1 0.8627451 0.8627451 0.8627451 1 0.6196079 0.6196079 0.6196079 1 0.7019608 0.7019608 0.7019608 1 0.6196079 0.6196079 0.6196079 1 0.8627451 0.8627451 0.8627451 1 0.8627451 0.8627451 0.8627451 1 0.7411765 0.7411765 0.7411765 1 0.7019608 0.7019608 0.7019608 1 0.5960785 0.5960785 0.5960785 1 0.7019608 0.7019608 0.7019608 1 0.7411765 0.7411765 0.7411765 1 0.7411765 0.7411765 0.7411765 1 0.7882353 0.7882353 0.7882353 1 0.5960785 0.5960785 0.5960785 1 0.6313726 0.6313726 0.6313726 1 0.5960785 0.5960785 0.5960785 1 0.7882353 0.7882353 0.7882353 1 0.7882353 0.7882353 0.7882353 1 0.854902 0.854902 0.854902 1 0.6313726 0.6313726 0.6313726 1 0.682353 0.682353 0.682353 1 0.6313726 0.6313726 0.6313726 1 0.854902 0.854902 0.854902 1 0.854902 0.854902 0.854902 1 0.682353 0.682353 0.682353 1 0.682353 0.682353 0.682353 1 0.5803922 0.5803922 0.5803922 1 0.682353 0.682353 0.682353 1 0.682353 0.682353 0.682353 1 0.682353 0.682353 0.682353 1 0.5725491 0.5725491 0.5725491 1 0.5803922 0.5803922 0.5803922 1 0.682353 0.682353 0.682353 1 0.682353 0.682353 0.682353 1 0.5764706 0.5764706 0.5764706 1 0.5294118 0.5294118 0.5294118 1 0.5764706 0.5764706 0.5764706 1 0.682353 0.682353 0.682353 1 0.682353 0.682353 0.682353 1 0.6313726 0.6313726 0.6313726 1 0.5294118 0.5294118 0.5294118 1 0.4196078 0.4196078 0.4196078 1 0.5294118 0.5294118 0.5294118 1 0.6313726 0.6313726 0.6313726 1 0.6313726 0.6313726 0.6313726 1 0.5960785 0.5960785 0.5960785 1 0.4196078 0.4196078 0.4196078 1 0.4196078 0.4196078 0.4196078 1 0.4196078 0.4196078 0.4196078 1 0.5960785 0.5960785 0.5960785 1 0.5960785 0.5960785 0.5960785 1 0.6627451 0.6627451 0.6627451 1 0.4196078 0.4196078 0.4196078 1 0.6196079 0.6196079 0.6196079 1 0.4196078 0.4196078 0.4196078 1 0.6627451 0.6627451 0.6627451 1 0.6627451 0.6627451 0.6627451 1 0.8627451 0.8627451 0.8627451 1 0.6196079 0.6196079 0.6196079 1 0.4784314 0.4784314 0.4784314 1 0.6588236 0.6588236 0.6588236 1 0.4784314 0.4784314 0.4784314 1 0.5960785 0.5960785 0.5960785 1 0.4784314 0.4784314 0.4784314 1 0.6588236 0.6588236 0.6588236 1 0.6588236 0.6588236 0.6588236 1 0.7568628 0.7568628 0.7568628 1 0.5960785 0.5960785 0.5960785 1 0.5882353 0.5882353 0.5882353 1 0.5960785 0.5960785 0.5960785 1 0.7568628 0.7568628 0.7568628 1 0.7568628 0.7568628 0.7568628 1 0.6196079 0.6196079 0.6196079 1 0.5882353 0.5882353 0.5882353 1 0.4431372 0.4431372 0.4431372 1 0.5882353 0.5882353 0.5882353 1 0.6196079 0.6196079 0.6196079 1 0.6196079 0.6196079 0.6196079 1 0.4196078 0.4196078 0.4196078 1 0.4431372 0.4431372 0.4431372 1 0.5803922 0.5803922 0.5803922 1 0.5294118 0.5294118 0.5294118 1 0.682353 0.682353 0.682353 1 0.6313726 0.6313726 0.6313726 1 0.682353 0.682353 0.682353 1 0.5294118 0.5294118 0.5294118 1 0.5294118 0.5294118 0.5294118 1 0.4196078 0.4196078 0.4196078 1 0.6313726 0.6313726 0.6313726 1 0.5960785 0.5960785 0.5960785 1 0.6313726 0.6313726 0.6313726 1 0.4196078 0.4196078 0.4196078 1 0.4196078 0.4196078 0.4196078 1 0.4196078 0.4196078 0.4196078 1 0.5960785 0.5960785 0.5960785 1 0.7019608 0.7019608 0.7019608 1 0.5960785 0.5960785 0.5960785 1 0.4196078 0.4196078 0.4196078 1 0.4196078 0.4196078 0.4196078 1 0.6196079 0.6196079 0.6196079 1 0.7019608 0.7019608 0.7019608 1 0.2156863 0.2156863 0.2156863 1 0.4392157 0.4392157 0.4392157 1 0.4392157 0.4392157 0.4392157 1 0.6862745 0.6862745 0.6862745 1 0.4392157 0.4392157 0.4392157 1 0.4392157 0.4392157 0.4392157 1 0.4392157 0.4392157 0.4392157 1 0.5803922 0.5803922 0.5803922 1 0.6862745 0.6862745 0.6862745 1 0.7647059 0.7647059 0.7647059 1 0.6862745 0.6862745 0.6862745 1 0.5803922 0.5803922 0.5803922 1 0.5803922 0.5803922 0.5803922 1 0.6078432 0.6078432 0.6078432 1 0.7647059 0.7647059 0.7647059 1 0.682353 0.682353 0.682353 1 0.7647059 0.7647059 0.7647059 1 0.6078432 0.6078432 0.6078432 1 0.6078432 0.6078432 0.6078432 1 0.5725491 0.5725491 0.5725491 1 0.682353 0.682353 0.682353 1 0.4784314 0.4784314 0.4784314 1 0.5960785 0.5960785 0.5960785 1 0.6588236 0.6588236 0.6588236 1 0.7568628 0.7568628 0.7568628 1 0.6588236 0.6588236 0.6588236 1 0.5960785 0.5960785 0.5960785 1 0.5960785 0.5960785 0.5960785 1 0.5843138 0.5843138 0.5843138 1 0.7568628 0.7568628 0.7568628 1 0.6196079 0.6196079 0.6196079 1 0.7568628 0.7568628 0.7568628 1 0.5843138 0.5843138 0.5843138 1 0.5843138 0.5843138 0.5843138 1 0.4431372 0.4431372 0.4431372 1 0.6196079 0.6196079 0.6196079 1 0.4196078 0.4196078 0.4196078 1 0.6196079 0.6196079 0.6196079 1 0.4431372 0.4431372 0.4431372 1 0.8627451 0.8627451 0.8627451 1 0.9137255 0.9137255 0.9137255 1 0.7411765 0.7411765 0.7411765 1 0.7882353 0.7882353 0.7882353 1 0.7411765 0.7411765 0.7411765 1 0.9137255 0.9137255 0.9137255 1 0.9137255 0.9137255 0.9137255 1 0.9490196 0.9490196 0.9490196 1 0.7882353 0.7882353 0.7882353 1 0.854902 0.854902 0.854902 1 0.7882353 0.7882353 0.7882353 1 0.9490196 0.9490196 0.9490196 1 0.9490196 0.9490196 0.9490196 1 0.9647059 0.9647059 0.9647059 1 0.854902 0.854902 0.854902 1 0.9372549 0.9372549 0.9372549 1 0.854902 0.854902 0.854902 1 0.9647059 0.9647059 0.9647059 1 0.9647059 0.9647059 0.9647059 1 0.9529412 0.9529412 0.9529412 1 0.827451 0.827451 0.827451 1 0.8235294 0.8235294 0.8235294 1 0.827451 0.827451 0.827451 1 0.9529412 0.9529412 0.9529412 1 0.9529412 0.9529412 0.9529412 1 0.9137255 0.9137255 0.9137255 1 0.8235294 0.8235294 0.8235294 1 0.7529412 0.7529412 0.7529412 1 0.8235294 0.8235294 0.8235294 1 0.9137255 0.9137255 0.9137255 1 0.9137255 0.9137255 0.9137255 1 0.8627451 0.8627451 0.8627451 1 0.7529412 0.7529412 0.7529412 1 0.6627451 0.6627451 0.6627451 1 0.7529412 0.7529412 0.7529412 1 0.8627451 0.8627451 0.8627451 1 0.6627451 0.6627451 0.6627451 1 0.5960785 0.5960785 0.5960785 1 0.7529412 0.7529412 0.7529412 1 0.8235294 0.8235294 0.8235294 1 0.7529412 0.7529412 0.7529412 1 0.5960785 0.5960785 0.5960785 1 0.5960785 0.5960785 0.5960785 1 0.6313726 0.6313726 0.6313726 1 0.8235294 0.8235294 0.8235294 1 0.827451 0.827451 0.827451 1 0.8235294 0.8235294 0.8235294 1 0.6313726 0.6313726 0.6313726 1 0.6313726 0.6313726 0.6313726 1 0.682353 0.682353 0.682353 1 0.827451 0.827451 0.827451 1 0.682353 0.682353 0.682353 1 0.827451 0.827451 0.827451 1 0.682353 0.682353 0.682353 1 0.4392157 0.4392157 0.4392157 1 0.6862745 0.6862745 0.6862745 1 0.5725491 0.5725491 0.5725491 1 0.8941177 0.8941177 0.8941177 1 0.5725491 0.5725491 0.5725491 1 0.6862745 0.6862745 0.6862745 1 0.6862745 0.6862745 0.6862745 1 0.7647059 0.7647059 0.7647059 1 0.8941177 0.8941177 0.8941177 1 0.9372549 0.9372549 0.9372549 1 0.8941177 0.8941177 0.8941177 1 0.7647059 0.7647059 0.7647059 1 0.7647059 0.7647059 0.7647059 1 0.9372549 0.9372549 0.9372549 1 0.9372549 0.9372549 0.9372549 1 0.5725491 0.5725491 0.5725491 1 0.6862745 0.6862745 0.6862745 1 0.4392157 0.4392157 0.4392157 1 0.4392157 0.4392157 0.4392157 1 0.4392157 0.4392157 0.4392157 1 0.6862745 0.6862745 0.6862745 1 0.6862745 0.6862745 0.6862745 1 0.5882353 0.5882353 0.5882353 1 0.4392157 0.4392157 0.4392157 1 0.4196078 0.4196078 0.4196078 1 0.4392157 0.4392157 0.4392157 1 0.5882353 0.5882353 0.5882353 1 0.5882353 0.5882353 0.5882353 1 0.4196078 0.4196078 0.4196078 1 0.4196078 0.4196078 0.4196078 1 0.6862745 0.6862745 0.6862745 1 0.7647059 0.7647059 0.7647059 1 0.5882353 0.5882353 0.5882353 1 0.6078432 0.6078432 0.6078432 1 0.5882353 0.5882353 0.5882353 1 0.7647059 0.7647059 0.7647059 1 0.7647059 0.7647059 0.7647059 1 0.682353 0.682353 0.682353 1 0.6078432 0.6078432 0.6078432 1 0.5764706 0.5764706 0.5764706 1 0.6078432 0.6078432 0.6078432 1 0.682353 0.682353 0.682353 1 0.682353 0.682353 0.682353 1 0.5764706 0.5764706 0.5764706 1 0.5764706 0.5764706 0.5764706 1 0.4784314 0.4784314 0.4784314 1 0.4784314 0.4784314 0.4784314 1 0.4784314 0.4784314 0.4784314 1 0.4784314 0.4784314 0.4784314 1 0.4784314 0.4784314 0.4784314 1 0.4784314 0.4784314 0.4784314 1 0.4784314 0.4784314 0.4784314 1 0.4784314 0.4784314 0.4784314 1 0.4784314 0.4784314 0.4784314 1 0.4196078 0.4196078 0.4196078 1 0.4784314 0.4784314 0.4784314 1 0.4784314 0.4784314 0.4784314 1 0.5725491 0.5725491 0.5725491 1 0.8941177 0.8941177 0.8941177 1 0.6862745 0.6862745 0.6862745 1 0.7647059 0.7647059 0.7647059 1 0.6862745 0.6862745 0.6862745 1 0.8941177 0.8941177 0.8941177 1 0.8941177 0.8941177 0.8941177 1 0.9372549 0.9372549 0.9372549 1 0.7647059 0.7647059 0.7647059 1 0.9372549 0.9372549 0.9372549 1 0.7647059 0.7647059 0.7647059 1 0.9372549 0.9372549 0.9372549 1 0.2156863 0.2156863 0.2156863 1 0.4196078 0.4196078 0.4196078 1 0.4392157 0.4392157 0.4392157 1 0.5803922 0.5803922 0.5803922 1 0.4392157 0.4392157 0.4392157 1 0.4196078 0.4196078 0.4196078 1 0.4196078 0.4196078 0.4196078 1 0.4196078 0.4196078 0.4196078 1 0.5803922 0.5803922 0.5803922 1 0.5176471 0.5176471 0.5176471 1 0.5803922 0.5803922 0.5803922 1 0.4196078 0.4196078 0.4196078 1 0.9647059 0.9647059 0.9647059 1 0.827451 0.827451 0.827451 1 0.9372549 0.9372549 0.9372549 1 0.8196079 0.8196079 0.8196079 1 0.9372549 0.9372549 0.9372549 1 0.827451 0.827451 0.827451 1 0.827451 0.827451 0.827451 1 0.682353 0.682353 0.682353 1 0.8196079 0.8196079 0.8196079 1 0.7647059 0.7647059 0.7647059 1 0.8196079 0.8196079 0.8196079 1 0.682353 0.682353 0.682353 1 0.7568628 0.7568628 0.7568628 1 0.6196079 0.6196079 0.6196079 1 0.7686275 0.7686275 0.7686275 1 0.8117647 0.8117647 0.8117647 1 0.7686275 0.7686275 0.7686275 1 0.6196079 0.6196079 0.6196079 1 0.6196079 0.6196079 0.6196079 1 0.8627451 0.8627451 0.8627451 1 0.8117647 0.8117647 0.8117647 1 0.4784314 0.4784314 0.4784314 1 0.4784314 0.4784314 0.4784314 1 0.4784314 0.4784314 0.4784314 1 0.4862745 0.4862745 0.4862745 1 0.4784314 0.4784314 0.4784314 1 0.4784314 0.4784314 0.4784314 1 0.4784314 0.4784314 0.4784314 1 0.4784314 0.4784314 0.4784314 1 0.4862745 0.4862745 0.4862745 1 0.682353 0.682353 0.682353 1 0.8196079 0.8196079 0.8196079 1 0.7647059 0.7647059 0.7647059 1 0.9372549 0.9372549 0.9372549 1 0.7647059 0.7647059 0.7647059 1 0.8196079 0.8196079 0.8196079 1 0.8196079 0.8196079 0.8196079 1 0.854902 0.854902 0.854902 1 0.9372549 0.9372549 0.9372549 1 0.4784314 0.4784314 0.4784314 1 0.4196078 0.4196078 0.4196078 1 0.5294118 0.5294118 0.5294118 1 0.4784314 0.4784314 0.4784314 1 0.5294118 0.5294118 0.5294118 1 0.4196078 0.4196078 0.4196078 1 0.5294118 0.5294118 0.5294118 1 0.4784314 0.4784314 0.4784314 1 0.6588236 0.6588236 0.6588236 1 0.4784314 0.4784314 0.4784314 1 0.6588236 0.6588236 0.6588236 1 0.4784314 0.4784314 0.4784314 1 0.4784314 0.4784314 0.4784314 1 0.4784314 0.4784314 0.4784314 1 0.4784314 0.4784314 0.4784314 1 0.4784314 0.4784314 0.4784314 1 0.4784314 0.4784314 0.4784314 1 0.4784314 0.4784314 0.4784314 1 0.4784314 0.4784314 0.4784314 1 0.4784314 0.4784314 0.4784314 1 0.4196078 0.4196078 0.4196078 1 0.5294118 0.5294118 0.5294118 1 0.4196078 0.4196078 0.4196078 1 0.4784314 0.4784314 0.4784314 1 0.4196078 0.4196078 0.4196078 1 0.5294118 0.5294118 0.5294118 1 0.4784314 0.4784314 0.4784314 1 0.6588236 0.6588236 0.6588236 1 0.4784314 0.4784314 0.4784314 1 0.5294118 0.5294118 0.5294118 1 0.7568628 0.7568628 0.7568628 1 0.7686275 0.7686275 0.7686275 1 0.6196079 0.6196079 0.6196079 1 0.8117647 0.8117647 0.8117647 1 0.6196079 0.6196079 0.6196079 1 0.7686275 0.7686275 0.7686275 1 0.4196078 0.4196078 0.4196078 1 0.2156863 0.2156863 0.2156863 1 0.4392157 0.4392157 0.4392157 1 0.4392157 0.4392157 0.4392157 1 0.4392157 0.4392157 0.4392157 1 0.2156863 0.2156863 0.2156863 1 0.4196078 0.4196078 0.4196078 1 0.5882353 0.5882353 0.5882353 1 0.5176471 0.5176471 0.5176471 1 0.6078432 0.6078432 0.6078432 1 0.5176471 0.5176471 0.5176471 1 0.5882353 0.5882353 0.5882353 1 0.5803922 0.5803922 0.5803922 1 0.5176471 0.5176471 0.5176471 1 0.6078432 0.6078432 0.6078432 1 0.5725491 0.5725491 0.5725491 1 0.6078432 0.6078432 0.6078432 1 0.5176471 0.5176471 0.5176471 1 0.5176471 0.5176471 0.5176471 1 0.6078432 0.6078432 0.6078432 1 0.5764706 0.5764706 0.5764706 1 0.682353 0.682353 0.682353 1 0.854902 0.854902 0.854902 1 0.8196079 0.8196079 0.8196079 1 0.7647059 0.7647059 0.7647059 1 0.9372549 0.9372549 0.9372549 1 0.8196079 0.8196079 0.8196079 1 0.5294118 0.5294118 0.5294118 1 0.5372549 0.5372549 0.5372549 1 0.9176471 0.9176471 0.9176471 1 0.9176471 0.9176471 0.9176471 1 0.9294118 0.9294118 0.9294118 1 0.5294118 0.5294118 0.5294118 1 0.8431373 0.8431373 0.8431373 1 0.9176471 0.9176471 0.9176471 1 0.5372549 0.5372549 0.5372549 1 0.9176471 0.9176471 0.9176471 1 0.8431373 0.8431373 0.8431373 1 0.9921569 0.9921569 0.9921569 1 0.9176471 0.9176471 0.9176471 1 0.9921569 0.9921569 0.9921569 1 0.9294118 0.9294118 0.9294118 1 0.5411765 0.5411765 0.5411765 1 0.5725491 0.5725491 0.5725491 1 0.7960785 0.7960785 0.7960785 1 0.5372549 0.5372549 0.5372549 1 0.509804 0.509804 0.509804 1 0.8431373 0.8431373 0.8431373 1 0.7607843 0.7607843 0.7607843 1 0.7960785 0.7960785 0.7960785 1 0.5725491 0.5725491 0.5725491 1 0.5725491 0.5725491 0.5725491 1 0.5450981 0.5450981 0.5450981 1 0.7607843 0.7607843 0.7607843 1 0.7960785 0.7960785 0.7960785 1 0.7607843 0.7607843 0.7607843 1 0.7058824 0.7058824 0.7058824 1 0.7333334 0.7333334 0.7333334 1 0.7607843 0.7607843 0.7607843 1 0.5450981 0.5450981 0.5450981 1 0.7607843 0.7607843 0.7607843 1 0.7333334 0.7333334 0.7333334 1 0.7960785 0.7960785 0.7960785 1 0.7960785 0.7960785 0.7960785 1 0.7058824 0.7058824 0.7058824 1 0.7607843 0.7607843 0.7607843 1 0.7960785 0.7960785 0.7960785 1 0.7058824 0.7058824 0.7058824 1 0.8156863 0.8156863 0.8156863 1 0.6039216 0.6039216 0.6039216 1 0.8156863 0.8156863 0.8156863 1 0.7058824 0.7058824 0.7058824 1 0.7058824 0.7058824 0.7058824 1 0.5019608 0.5019608 0.5019608 1 0.6039216 0.6039216 0.6039216 1 0.7058824 0.7058824 0.7058824 1 0.7960785 0.7960785 0.7960785 1 0.5019608 0.5019608 0.5019608 1 0.8156863 0.8156863 0.8156863 1 0.6039216 0.6039216 0.6039216 1 0.7450981 0.7450981 0.7450981 1 0.7450981 0.7450981 0.7450981 1 0.5411765 0.5411765 0.5411765 1 0.8156863 0.8156863 0.8156863 1 0.7960785 0.7960785 0.7960785 1 0.8156863 0.8156863 0.8156863 1 0.5411765 0.5411765 0.5411765 1 0.5019608 0.5019608 0.5019608 1 0.7450981 0.7450981 0.7450981 1 0.6039216 0.6039216 0.6039216 1 0.5411765 0.5411765 0.5411765 1 0.7450981 0.7450981 0.7450981 1 0.5960785 0.5960785 0.5960785 1 0.5019608 0.5019608 0.5019608 1 0.5960785 0.5960785 0.5960785 1 0.7450981 0.7450981 0.7450981 1 0.8078432 0.8078432 0.8078432 1 0.7450981 0.7450981 0.7450981 1 0.5960785 0.5960785 0.5960785 1 0.5568628 0.5568628 0.5568628 1 0.7450981 0.7450981 0.7450981 1 0.8078432 0.8078432 0.8078432 1 0.5568628 0.5568628 0.5568628 1 0.5960785 0.5960785 0.5960785 1 0.7450981 0.7450981 0.7450981 1 0.5058824 0.5058824 0.5058824 1 0.5372549 0.5372549 0.5372549 1 0.8431373 0.8431373 0.8431373 1 0.8431373 0.8431373 0.8431373 1 0.5372549 0.5372549 0.5372549 1 0.5058824 0.5058824 0.5058824 1 0.5803922 0.5803922 0.5803922 1 0.5568628 0.5568628 0.5568628 1 0.8117647 0.8117647 0.8117647 1 0.8078432 0.8078432 0.8078432 1 0.8117647 0.8117647 0.8117647 1 0.5568628 0.5568628 0.5568628 1 0.5803922 0.5803922 0.5803922 1 0.8117647 0.8117647 0.8117647 1 0.7803922 0.7803922 0.7803922 1 0.7803922 0.7803922 0.7803922 1 0.5529412 0.5529412 0.5529412 1 0.5803922 0.5803922 0.5803922 1 0.5372549 0.5372549 0.5372549 1 0.5294118 0.5294118 0.5294118 1 0.9176471 0.9176471 0.9176471 1 0.9176471 0.9176471 0.9176471 1 0.8431373 0.8431373 0.8431373 1 0.5372549 0.5372549 0.5372549 1 0.8431373 0.8431373 0.8431373 1 0.9176471 0.9176471 0.9176471 1 0.9921569 0.9921569 0.9921569 1 0.9294118 0.9294118 0.9294118 1 0.9921569 0.9921569 0.9921569 1 0.9176471 0.9176471 0.9176471 1 0.9294118 0.9294118 0.9294118 1 0.9176471 0.9176471 0.9176471 1 0.5294118 0.5294118 0.5294118 1 0.9294118 0.9294118 0.9294118 1 0.5294118 0.5294118 0.5294118 1 0.5019608 0.5019608 0.5019608 1 0.827451 0.827451 0.827451 1 0.9450981 0.9450981 0.9450981 1 0.9294118 0.9294118 0.9294118 1 0.827451 0.827451 0.827451 1 0.9294118 0.9294118 0.9294118 1 0.5019608 0.5019608 0.5019608 1 0.9921569 0.9921569 0.9921569 1 0.9294118 0.9294118 0.9294118 1 0.9450981 0.9450981 0.9450981 1 0.5019608 0.5019608 0.5019608 1 0.5019608 0.5019608 0.5019608 1 0.9294118 0.9294118 0.9294118 1 0.5019608 0.5019608 0.5019608 1 0.5529412 0.5529412 0.5529412 1 0.7372549 0.7372549 0.7372549 1 0.7372549 0.7372549 0.7372549 1 0.5137255 0.5137255 0.5137255 1 0.5019608 0.5019608 0.5019608 1 0.7803922 0.7803922 0.7803922 1 0.7372549 0.7372549 0.7372549 1 0.5529412 0.5529412 0.5529412 1 0.7176471 0.7176471 0.7176471 1 0.7372549 0.7372549 0.7372549 1 0.8 0.8 0.8 1 0.7372549 0.7372549 0.7372549 1 0.7176471 0.7176471 0.7176471 1 0.5137255 0.5137255 0.5137255 1 0.7686275 0.7686275 0.7686275 1 0.8 0.8 0.8 1 0.7372549 0.7372549 0.7372549 1 0.7372549 0.7372549 0.7372549 1 0.7803922 0.7803922 0.7803922 1 0.7686275 0.7686275 0.7686275 1 0.7215687 0.7215687 0.7215687 1 0.7686275 0.7686275 0.7686275 1 0.7803922 0.7803922 0.7803922 1 0.5019608 0.5019608 0.5019608 1 0.7686275 0.7686275 0.7686275 1 0.7215687 0.7215687 0.7215687 1 0.7686275 0.7686275 0.7686275 1 0.5019608 0.5019608 0.5019608 1 0.8 0.8 0.8 1 0.5019608 0.5019608 0.5019608 1 0.7686275 0.7686275 0.7686275 1 0.5019608 0.5019608 0.5019608 1 0.5019608 0.5019608 0.5019608 1 0.5019608 0.5019608 0.5019608 1 0.7686275 0.7686275 0.7686275 1 0.5019608 0.5019608 0.5019608 1 0.5019608 0.5019608 0.5019608 1 0.5019608 0.5019608 0.5019608 1 0.5019608 0.5019608 0.5019608 1 0.5019608 0.5019608 0.5019608 1 0.5019608 0.5019608 0.5019608 1 0.5372549 0.5372549 0.5372549 1 0.5019608 0.5019608 0.5019608 1 0.5019608 0.5019608 0.5019608 1 0.5019608 0.5019608 0.5019608 1 0.5764706 0.5764706 0.5764706 1 0.5019608 0.5019608 0.5019608 1 0.6 0.6 0.6 1 0.5019608 0.5019608 0.5019608 1 0.5764706 0.5764706 0.5764706 1 0.5019608 0.5019608 0.5019608 1 0.5019608 0.5019608 0.5019608 1 0.5019608 0.5019608 0.5019608 1 0.5019608 0.5019608 0.5019608 1 0.5019608 0.5019608 0.5019608 1 0.5019608 0.5019608 0.5019608 1 0.5019608 0.5019608 0.5019608 1 0.6 0.6 0.6 1 0.5372549 0.5372549 0.5372549 1 0.5019608 0.5019608 0.5019608 1 0.5019608 0.5019608 0.5019608 1 0.5019608 0.5019608 0.5019608 1 0.5960785 0.5960785 0.5960785 1 0.5019608 0.5019608 0.5019608 1 0.5019608 0.5019608 0.5019608 1 0.5019608 0.5019608 0.5019608 1 0.5019608 0.5019608 0.5019608 1 0.5019608 0.5019608 0.5019608 1 0.5019608 0.5019608 0.5019608 1 0.5019608 0.5019608 0.5019608 1 0.5019608 0.5019608 0.5019608 1 0.5019608 0.5019608 0.5019608 1 0.5019608 0.5019608 0.5019608 1 0.5960785 0.5960785 0.5960785 1 0.5019608 0.5019608 0.5019608 1 0.5019608 0.5019608 0.5019608 1 0.5019608 0.5019608 0.5019608 1 0.5019608 0.5019608 0.5019608 1 0.5019608 0.5019608 0.5019608 1 0.5019608 0.5019608 0.5019608 1 0.6039216 0.6039216 0.6039216 1 0.5019608 0.5019608 0.5019608 1 0.5019608 0.5019608 0.5019608 1 0.5019608 0.5019608 0.5019608 1 0.5019608 0.5019608 0.5019608 1 0.5019608 0.5019608 0.5019608 1 0.5019608 0.5019608 0.5019608 1 0.5019608 0.5019608 0.5019608 1 0.5019608 0.5019608 0.5019608 1 0.5019608 0.5019608 0.5019608 1 0.5019608 0.5019608 0.5019608 1 0.5019608 0.5019608 0.5019608 1 0.5019608 0.5019608 0.5019608 1 0.6039216 0.6039216 0.6039216 1 0.5019608 0.5019608 0.5019608 1 0.5019608 0.5019608 0.5019608 1 0.5019608 0.5019608 0.5019608 1 0.5764706 0.5764706 0.5764706 1 0.5764706 0.5764706 0.5764706 1 0.5764706 0.5764706 0.5764706 1 0.5019608 0.5019608 0.5019608 1 0.5019608 0.5019608 0.5019608 1 0.5019608 0.5019608 0.5019608 1 0.5764706 0.5764706 0.5764706 1 0.5764706 0.5764706 0.5764706 1 0.5764706 0.5764706 0.5764706 1 0.5019608 0.5019608 0.5019608 1 0.5764706 0.5764706 0.5764706 1 0.5921569 0.5921569 0.5921569 1 0.5764706 0.5764706 0.5764706 1 0.5921569 0.5921569 0.5921569 1 0.5764706 0.5764706 0.5764706 1 0.6313726 0.6313726 0.6313726 1 0.5764706 0.5764706 0.5764706 1 0.6313726 0.6313726 0.6313726 1 0.5764706 0.5764706 0.5764706 1 0.6313726 0.6313726 0.6313726 1 0.5764706 0.5764706 0.5764706 1 0.682353 0.682353 0.682353 1 0.682353 0.682353 0.682353 1 0.5019608 0.5019608 0.5019608 1 0.6313726 0.6313726 0.6313726 1 0.5019608 0.5019608 0.5019608 1 0.6313726 0.6313726 0.6313726 1 0.5019608 0.5019608 0.5019608 1 0.5921569 0.5921569 0.5921569 1 0.6313726 0.6313726 0.6313726 1 0.5019608 0.5019608 0.5019608 1 0.5019608 0.5019608 0.5019608 1 0.5019608 0.5019608 0.5019608 1 0.5921569 0.5921569 0.5921569 1 0.5019608 0.5019608 0.5019608 1 0.5019608 0.5019608 0.5019608 1 0.6196079 0.6196079 0.6196079 1 0.5019608 0.5019608 0.5019608 1 0.6196079 0.6196079 0.6196079 1 0.5019608 0.5019608 0.5019608 1 0.5019608 0.5019608 0.5019608 1 0.5921569 0.5921569 0.5921569 1 0.5019608 0.5019608 0.5019608 1 0.5019608 0.5019608 0.5019608 1 0.5019608 0.5019608 0.5019608 1 0.6196079 0.6196079 0.6196079 1 0.6156863 0.6156863 0.6156863 1 0.6196079 0.6196079 0.6196079 1 0.5019608 0.5019608 0.5019608 1 0.6156863 0.6156863 0.6156863 1 0.5019608 0.5019608 0.5019608 1 0.6196079 0.6196079 0.6196079 1 0.6196079 0.6196079 0.6196079 1 0.7450981 0.7450981 0.7450981 1 0.7882353 0.7882353 0.7882353 1 0.7450981 0.7450981 0.7450981 1 0.6196079 0.6196079 0.6196079 1 0.6156863 0.6156863 0.6156863 1 0.7882353 0.7882353 0.7882353 1 0.7058824 0.7058824 0.7058824 1 0.6196079 0.6196079 0.6196079 1 0.6196079 0.6196079 0.6196079 1 0.7058824 0.7058824 0.7058824 1 0.5019608 0.5019608 0.5019608 1 0.6196079 0.6196079 0.6196079 1 0.5019608 0.5019608 0.5019608 1 0.5019608 0.5019608 0.5019608 1 0.5019608 0.5019608 0.5019608 1 0.5019608 0.5019608 0.5019608 1 0.7058824 0.7058824 0.7058824 1 0.5176471 0.5176471 0.5176471 1 0.6941177 0.6941177 0.6941177 1 0.5019608 0.5019608 0.5019608 1 0.6313726 0.6313726 0.6313726 1 0.5019608 0.5019608 0.5019608 1 0.6941177 0.6941177 0.6941177 1 0.5019608 0.5019608 0.5019608 1 0.6313726 0.6313726 0.6313726 1 0.5019608 0.5019608 0.5019608 1 0.6941177 0.6941177 0.6941177 1 0.5176471 0.5176471 0.5176471 1 0.7215687 0.7215687 0.7215687 1 0.7215687 0.7215687 0.7215687 1 0.5764706 0.5764706 0.5764706 1 0.6941177 0.6941177 0.6941177 1 0.6313726 0.6313726 0.6313726 1 0.6941177 0.6941177 0.6941177 1 0.5764706 0.5764706 0.5764706 1 0.5019608 0.5019608 0.5019608 1 0.7215687 0.7215687 0.7215687 1 0.5176471 0.5176471 0.5176471 1 0.7215687 0.7215687 0.7215687 1 0.5019608 0.5019608 0.5019608 1 0.7058824 0.7058824 0.7058824 1 0.5764706 0.5764706 0.5764706 1 0.7215687 0.7215687 0.7215687 1 0.6 0.6 0.6 1 0.7215687 0.7215687 0.7215687 1 0.7058824 0.7058824 0.7058824 1 0.6941177 0.6941177 0.6941177 1 0.6941177 0.6941177 0.6941177 1 0.6 0.6 0.6 1 0.7215687 0.7215687 0.7215687 1 0.5137255 0.5137255 0.5137255 1 0.7058824 0.7058824 0.7058824 1 0.5019608 0.5019608 0.5019608 1 0.7058824 0.7058824 0.7058824 1 0.5137255 0.5137255 0.5137255 1 0.7176471 0.7176471 0.7176471 1 0.7176471 0.7176471 0.7176471 1 0.6941177 0.6941177 0.6941177 1 0.7058824 0.7058824 0.7058824 1 0.5372549 0.5372549 0.5372549 1 0.6941177 0.6941177 0.6941177 1 0.5019608 0.5019608 0.5019608 1 0.5019608 0.5019608 0.5019608 1 0.5019608 0.5019608 0.5019608 1 0.6941177 0.6941177 0.6941177 1 0.6941177 0.6941177 0.6941177 1 0.7568628 0.7568628 0.7568628 1 0.5019608 0.5019608 0.5019608 1 0.6941177 0.6941177 0.6941177 1 0.7176471 0.7176471 0.7176471 1 0.7568628 0.7568628 0.7568628 1 0.6941177 0.6941177 0.6941177 1 0.5372549 0.5372549 0.5372549 1 0.6 0.6 0.6 1 0.5019608 0.5019608 0.5019608 1 0.5019608 0.5019608 0.5019608 1 0.7568628 0.7568628 0.7568628 1 0.7568628 0.7568628 0.7568628 1 0.8 0.8 0.8 1 0.5019608 0.5019608 0.5019608 1 0.8 0.8 0.8 1 0.7568628 0.7568628 0.7568628 1 0.7176471 0.7176471 0.7176471 1 0.5019608 0.5019608 0.5019608 1 0.5019608 0.5019608 0.5019608 1 0.5372549 0.5372549 0.5372549 1 0.5019608 0.5019608 0.5019608 1 0.5372549 0.5372549 0.5372549 1 0.5019608 0.5019608 0.5019608 1 0.5019608 0.5019608 0.5019608 1 0.5019608 0.5019608 0.5019608 1 0.827451 0.827451 0.827451 1 0.827451 0.827451 0.827451 1 0.5019608 0.5019608 0.5019608 1 0.5019608 0.5019608 0.5019608 1 0.5764706 0.5764706 0.5764706 1 0.5764706 0.5764706 0.5764706 1 0.6313726 0.6313726 0.6313726 1 0.5921569 0.5921569 0.5921569 1 0.6313726 0.6313726 0.6313726 1 0.5764706 0.5764706 0.5764706 1 0.5921569 0.5921569 0.5921569 1 0.5019608 0.5019608 0.5019608 1 0.6313726 0.6313726 0.6313726 1 0.5764706 0.5764706 0.5764706 1 0.5019608 0.5019608 0.5019608 1 0.5764706 0.5764706 0.5764706 1 0.5019608 0.5019608 0.5019608 1 0.5764706 0.5764706 0.5764706 1 0.5019608 0.5019608 0.5019608 1 0.5764706 0.5764706 0.5764706 1 0.5764706 0.5764706 0.5764706 1 0.5921569 0.5921569 0.5921569 1 0.5764706 0.5764706 0.5764706 1 0.5019608 0.5019608 0.5019608 1 0.5764706 0.5764706 0.5764706 1 0.7058824 0.7058824 0.7058824 1 0.827451 0.827451 0.827451 1 0.5019608 0.5019608 0.5019608 1 0.7058824 0.7058824 0.7058824 1 0.7882353 0.7882353 0.7882353 1 0.827451 0.827451 0.827451 1 0.8705883 0.8705883 0.8705883 1 0.7882353 0.7882353 0.7882353 1 0.7450981 0.7450981 0.7450981 1 0.9450981 0.9450981 0.9450981 1 0.827451 0.827451 0.827451 1 0.7882353 0.7882353 0.7882353 1 0.7882353 0.7882353 0.7882353 1 0.9137255 0.9137255 0.9137255 1 0.9450981 0.9450981 0.9450981 1 0.7882353 0.7882353 0.7882353 1 0.8705883 0.8705883 0.8705883 1 0.9137255 0.9137255 0.9137255 1 0.9843137 0.9843137 0.9843137 1 0.8705883 0.8705883 0.8705883 1 0.8745098 0.8745098 0.8745098 1 0.9843137 0.9843137 0.9843137 1 0.9137255 0.9137255 0.9137255 1 0.8705883 0.8705883 0.8705883 1 0.7450981 0.7450981 0.7450981 1 0.8745098 0.8745098 0.8745098 1 0.8705883 0.8705883 0.8705883 1 0.8745098 0.8745098 0.8745098 1 0.9137255 0.9137255 0.9137255 1 0.9843137 0.9843137 0.9843137 1 0.8745098 0.8745098 0.8745098 1 0.7882353 0.7882353 0.7882353 1 0.9137255 0.9137255 0.9137255 1 0.7882353 0.7882353 0.7882353 1 0.8745098 0.8745098 0.8745098 1 0.7450981 0.7450981 0.7450981 1 0.9450981 0.9450981 0.9450981 1 0.9137255 0.9137255 0.9137255 1 0.7882353 0.7882353 0.7882353 1 0.7882353 0.7882353 0.7882353 1 0.7450981 0.7450981 0.7450981 1 0.6196079 0.6196079 0.6196079 1 0.827451 0.827451 0.827451 1 0.7882353 0.7882353 0.7882353 1 0.7058824 0.7058824 0.7058824 1 0.6196079 0.6196079 0.6196079 1 0.7058824 0.7058824 0.7058824 1 0.7882353 0.7882353 0.7882353 1 0.7882353 0.7882353 0.7882353 1 0.827451 0.827451 0.827451 1 0.9450981 0.9450981 0.9450981 1 0.9450981 0.9450981 0.9450981 1 0.9294118 0.9294118 0.9294118 1 0.9921569 0.9921569 0.9921569 1 0.9294118 0.9294118 0.9294118 1 0.9450981 0.9450981 0.9450981 1 0.827451 0.827451 0.827451 1 0.9921569 0.9921569 0.9921569 1 0.9843137 0.9843137 0.9843137 1 0.9450981 0.9450981 0.9450981 1 0.9137255 0.9137255 0.9137255 1 0.9450981 0.9450981 0.9450981 1 0.9843137 0.9843137 0.9843137 1 0.9921569 0.9921569 0.9921569 1 1 1 1 1 0.9843137 0.9843137 0.9843137 1 0.9843137 0.9843137 0.9843137 1 0.9843137 0.9843137 0.9843137 1 1 1 1 1 0.9843137 0.9843137 0.9843137 1 0.9843137 0.9843137 0.9843137 1 0.9137255 0.9137255 0.9137255 1 0.9843137 0.9843137 0.9843137 1 1 1 1 1 1 1 1 1 1 1 1 1 0.9921569 0.9921569 0.9921569 1 0.9568628 0.9568628 0.9568628 1 0.9568628 0.9568628 0.9568628 1 1 1 1 1 1 1 1 1 0.9568628 0.9568628 0.9568628 1 0.9921569 0.9921569 0.9921569 1 0.8431373 0.8431373 0.8431373 1 0.8431373 0.8431373 0.8431373 1 0.8392157 0.8392157 0.8392157 1 0.9568628 0.9568628 0.9568628 1 0.8431373 0.8431373 0.8431373 1 0.9568628 0.9568628 0.9568628 1 0.8392157 0.8392157 0.8392157 1 0.8431373 0.8431373 0.8431373 1 0.9921569 0.9921569 0.9921569 1 0.9568628 0.9568628 0.9568628 1 1 1 1 1 0.9568628 0.9568628 0.9568628 1 0.9921569 0.9921569 0.9921569 1 0.8431373 0.8431373 0.8431373 1 0.5372549 0.5372549 0.5372549 1 0.8392157 0.8392157 0.8392157 1 0.8431373 0.8431373 0.8431373 1 0.8392157 0.8392157 0.8392157 1 0.5372549 0.5372549 0.5372549 1 1 1 1 1 0.9843137 0.9843137 0.9843137 1 0.9843137 0.9843137 0.9843137 1 1 1 1 1 0.9921569 0.9921569 0.9921569 1 0.9843137 0.9843137 0.9843137 1 0.9843137 0.9843137 0.9843137 1 0.9450981 0.9450981 0.9450981 1 0.9137255 0.9137255 0.9137255 1 0.9137255 0.9137255 0.9137255 1 0.9843137 0.9843137 0.9843137 1 0.9843137 0.9843137 0.9843137 1 0.9450981 0.9450981 0.9450981 1 0.9843137 0.9843137 0.9843137 1 0.9921569 0.9921569 0.9921569 1 0.827451 0.827451 0.827451 1 0.7058824 0.7058824 0.7058824 1 0.5019608 0.5019608 0.5019608 1 0.827451 0.827451 0.827451 1 0.5019608 0.5019608 0.5019608 1 0.9294118 0.9294118 0.9294118 1 0.5019608 0.5019608 0.5019608 1 0.5019608 0.5019608 0.5019608 1 0.827451 0.827451 0.827451 1 0.5019608 0.5019608 0.5019608 1 0.827451 0.827451 0.827451 1 0.5019608 0.5019608 0.5019608 1 0.5019608 0.5019608 0.5019608 1 0.682353 0.682353 0.682353 1 0.5137255 0.5137255 0.5137255 1 0.7137255 0.7137255 0.7137255 1 0.5137255 0.5137255 0.5137255 1 0.682353 0.682353 0.682353 1 0.5019608 0.5019608 0.5019608 1 0.5019608 0.5019608 0.5019608 1 0.7058824 0.7058824 0.7058824 1 0.5137255 0.5137255 0.5137255 1 0.7137255 0.7137255 0.7137255 1 0.5019608 0.5019608 0.5019608 1 0.6901961 0.6901961 0.6901961 1 0.7137255 0.7137255 0.7137255 1 0.6392157 0.6392157 0.6392157 1 0.5764706 0.5764706 0.5764706 1 0.6392157 0.6392157 0.6392157 1 0.7137255 0.7137255 0.7137255 1 0.7137255 0.7137255 0.7137255 1 0.682353 0.682353 0.682353 1 0.5764706 0.5764706 0.5764706 1 0.7137255 0.7137255 0.7137255 1 0.6901961 0.6901961 0.6901961 1 0.6862745 0.6862745 0.6862745 1 0.6862745 0.6862745 0.6862745 1 0.5019608 0.5019608 0.5019608 1 0.7137255 0.7137255 0.7137255 1 0.5019608 0.5019608 0.5019608 1 0.6862745 0.6862745 0.6862745 1 0.5137255 0.5137255 0.5137255 1 0.7215687 0.7215687 0.7215687 1 0.6862745 0.6862745 0.6862745 1 0.6901961 0.6901961 0.6901961 1 0.7215687 0.7215687 0.7215687 1 0.5137255 0.5137255 0.5137255 1 0.6862745 0.6862745 0.6862745 1 0.5137255 0.5137255 0.5137255 1 0.7215687 0.7215687 0.7215687 1 0.7333334 0.7333334 0.7333334 1 0.7882353 0.7882353 0.7882353 1 0.7333334 0.7333334 0.7333334 1 0.7215687 0.7215687 0.7215687 1 0.6901961 0.6901961 0.6901961 1 0.7803922 0.7803922 0.7803922 1 0.7215687 0.7215687 0.7215687 1 0.7882353 0.7882353 0.7882353 1 0.7215687 0.7215687 0.7215687 1 0.7803922 0.7803922 0.7803922 1 0.7803922 0.7803922 0.7803922 1 0.5019608 0.5019608 0.5019608 1 0.7882353 0.7882353 0.7882353 1 0.7960785 0.7960785 0.7960785 1 0.7882353 0.7882353 0.7882353 1 0.5019608 0.5019608 0.5019608 1 0.7882353 0.7882353 0.7882353 1 0.7960785 0.7960785 0.7960785 1 0.7333334 0.7333334 0.7333334 1 0.7960785 0.7960785 0.7960785 1 0.5019608 0.5019608 0.5019608 1 0.5019608 0.5019608 0.5019608 1 0.5019608 0.5019608 0.5019608 1 0.5019608 0.5019608 0.5019608 1 0.5019608 0.5019608 0.5019608 1 0.5019608 0.5019608 0.5019608 1 0.5019608 0.5019608 0.5019608 1 0.5019608 0.5019608 0.5019608 1 0.5019608 0.5019608 0.5019608 1 0.7803922 0.7803922 0.7803922 1 0.5019608 0.5019608 0.5019608 1 0.5019608 0.5019608 0.5019608 1 0.5019608 0.5019608 0.5019608 1 0.5019608 0.5019608 0.5019608 1 0.5019608 0.5019608 0.5019608 1 0.5019608 0.5019608 0.5019608 1 0.5019608 0.5019608 0.5019608 1 0.5019608 0.5019608 0.5019608 1 0.6901961 0.6901961 0.6901961 1 0.5019608 0.5019608 0.5019608 1 0.6901961 0.6901961 0.6901961 1 0.5019608 0.5019608 0.5019608 1 0.7803922 0.7803922 0.7803922 1 0.5019608 0.5019608 0.5019608 1 0.5019608 0.5019608 0.5019608 1 0.5019608 0.5019608 0.5019608 1 0.5019608 0.5019608 0.5019608 1 0.5019608 0.5019608 0.5019608 1 0.6901961 0.6901961 0.6901961 1 0.6901961 0.6901961 0.6901961 1 0.6392157 0.6392157 0.6392157 1 0.5019608 0.5019608 0.5019608 1 0.5019608 0.5019608 0.5019608 1 0.5019608 0.5019608 0.5019608 1 0.6392157 0.6392157 0.6392157 1 0.5019608 0.5019608 0.5019608 1 0.5019608 0.5019608 0.5019608 1 0.7960785 0.7960785 0.7960785 1 0.6392157 0.6392157 0.6392157 1 0.5764706 0.5764706 0.5764706 1 0.5019608 0.5019608 0.5019608 1 0.5019608 0.5019608 0.5019608 1 0.9294118 0.9294118 0.9294118 1 0.5019608 0.5019608 0.5019608 1 0.5137255 0.5137255 0.5137255 1 0.7333334 0.7333334 0.7333334 1 0.5019608 0.5019608 0.5019608 1 0.5450981 0.5450981 0.5450981 1 0.5019608 0.5019608 0.5019608 1 0.7333334 0.7333334 0.7333334 1 0.5019608 0.5019608 0.5019608 1 0.5294118 0.5294118 0.5294118 1 0.9294118 0.9294118 0.9294118 1 0.7058824 0.7058824 0.7058824 1 0.6196079 0.6196079 0.6196079 1 0.5019608 0.5019608 0.5019608 1 0.6156863 0.6156863 0.6156863 1 0.6196079 0.6196079 0.6196079 1 0.7450981 0.7450981 0.7450981 1 0.7215687 0.7215687 0.7215687 1 0.5960785 0.5960785 0.5960785 1 0.5019608 0.5019608 0.5019608 1 0.8117647 0.8117647 0.8117647 1 0.8078432 0.8078432 0.8078432 1 0.7215687 0.7215687 0.7215687 1 0.7215687 0.7215687 0.7215687 1 0.7803922 0.7803922 0.7803922 1 0.8117647 0.8117647 0.8117647 1 0.5960785 0.5960785 0.5960785 1 0.7215687 0.7215687 0.7215687 1 0.8078432 0.8078432 0.8078432 1 0.5372549 0.5372549 0.5372549 1 0.8431373 0.8431373 0.8431373 1 0.509804 0.509804 0.509804 1 0.6862745 0.6862745 0.6862745 1 0.8392157 0.8392157 0.8392157 1 0.6941177 0.6941177 0.6941177 1 0.6862745 0.6862745 0.6862745 1 0.6941177 0.6941177 0.6941177 1 0.5254902 0.5254902 0.5254902 1 0.5254902 0.5254902 0.5254902 1 0.5254902 0.5254902 0.5254902 1 0.6941177 0.6941177 0.6941177 1 0.6941177 0.6941177 0.6941177 1 0.8431373 0.8431373 0.8431373 1 0.7137255 0.7137255 0.7137255 1 0.6941177 0.6941177 0.6941177 1 0.7137255 0.7137255 0.7137255 1 0.5254902 0.5254902 0.5254902 1 0.8431373 0.8431373 0.8431373 1 0.6941177 0.6941177 0.6941177 1 0.8392157 0.8392157 0.8392157 1 0.5254902 0.5254902 0.5254902 1 0.7019608 0.7019608 0.7019608 1 0.5254902 0.5254902 0.5254902 1 0.7529412 0.7529412 0.7529412 1 0.7019608 0.7019608 0.7019608 1 0.5254902 0.5254902 0.5254902 1 0.7529412 0.7529412 0.7529412 1 0.5254902 0.5254902 0.5254902 1 0.7137255 0.7137255 0.7137255 1 0.5254902 0.5254902 0.5254902 1 0.5254902 0.5254902 0.5254902 1 0.5254902 0.5254902 0.5254902 1 0.5254902 0.5254902 0.5254902 1 0.5254902 0.5254902 0.5254902 1 0.5254902 0.5254902 0.5254902 1 0.7019608 0.7019608 0.7019608 1 0.5254902 0.5254902 0.5254902 1 0.5254902 0.5254902 0.5254902 1 0.5254902 0.5254902 0.5254902 1 0.5254902 0.5254902 0.5254902 1 0.5254902 0.5254902 0.5254902 1 0.5254902 0.5254902 0.5254902 1 0.5254902 0.5254902 0.5254902 1 0.7176471 0.7176471 0.7176471 1 0.5254902 0.5254902 0.5254902 1 0.5254902 0.5254902 0.5254902 1 0.5254902 0.5254902 0.5254902 1 0.5254902 0.5254902 0.5254902 1 0.5843138 0.5843138 0.5843138 1 0.5254902 0.5254902 0.5254902 1 0.7686275 0.7686275 0.7686275 1 0.5254902 0.5254902 0.5254902 1 0.5843138 0.5843138 0.5843138 1 0.5254902 0.5254902 0.5254902 1 0.5254902 0.5254902 0.5254902 1 0.5254902 0.5254902 0.5254902 1 0.5254902 0.5254902 0.5254902 1 0.5254902 0.5254902 0.5254902 1 0.5254902 0.5254902 0.5254902 1 0.5254902 0.5254902 0.5254902 1 0.5254902 0.5254902 0.5254902 1 0.5254902 0.5254902 0.5254902 1 0.5254902 0.5254902 0.5254902 1 0.5254902 0.5254902 0.5254902 1 0.5254902 0.5254902 0.5254902 1 0.5254902 0.5254902 0.5254902 1 0.7686275 0.7686275 0.7686275 1 0.7411765 0.7411765 0.7411765 1 0.7411765 0.7411765 0.7411765 1 0.7176471 0.7176471 0.7176471 1 0.5254902 0.5254902 0.5254902 1 0.8156863 0.8156863 0.8156863 1 0.8235294 0.8235294 0.8235294 1 0.7411765 0.7411765 0.7411765 1 0.7176471 0.7176471 0.7176471 1 0.7411765 0.7411765 0.7411765 1 0.8235294 0.8235294 0.8235294 1 0.7411765 0.7411765 0.7411765 1 0.7686275 0.7686275 0.7686275 1 0.8156863 0.8156863 0.8156863 1 0.8156863 0.8156863 0.8156863 1 0.8078432 0.8078432 0.8078432 1 0.8352941 0.8352941 0.8352941 1 0.8078432 0.8078432 0.8078432 1 0.8156863 0.8156863 0.8156863 1 0.7686275 0.7686275 0.7686275 1 0.8352941 0.8352941 0.8352941 1 0.8352941 0.8352941 0.8352941 1 0.8156863 0.8156863 0.8156863 1 0.8235294 0.8235294 0.8235294 1 0.8156863 0.8156863 0.8156863 1 0.8352941 0.8352941 0.8352941 1 0.8352941 0.8352941 0.8352941 1 0.8431373 0.8431373 0.8431373 1 0.8235294 0.8235294 0.8235294 1 0.8431373 0.8431373 0.8431373 1 0.8352941 0.8352941 0.8352941 1 0.8313726 0.8313726 0.8313726 1 0.7529412 0.7529412 0.7529412 1 0.8313726 0.8313726 0.8313726 1 0.8352941 0.8352941 0.8352941 1 0.8352941 0.8352941 0.8352941 1 0.7490196 0.7490196 0.7490196 1 0.7529412 0.7529412 0.7529412 1 0.7490196 0.7490196 0.7490196 1 0.8352941 0.8352941 0.8352941 1 0.7686275 0.7686275 0.7686275 1 0.8352941 0.8352941 0.8352941 1 0.7686275 0.7686275 0.7686275 1 0.8352941 0.8352941 0.8352941 1 0.7686275 0.7686275 0.7686275 1 0.8352941 0.8352941 0.8352941 1 0.6901961 0.6901961 0.6901961 1 0.7686275 0.7686275 0.7686275 1 0.6901961 0.6901961 0.6901961 1 0.6745098 0.6745098 0.6745098 1 0.7490196 0.7490196 0.7490196 1 0.7686275 0.7686275 0.7686275 1 0.6196079 0.6196079 0.6196079 1 0.6392157 0.6392157 0.6392157 1 0.6196079 0.6196079 0.6196079 1 0.7686275 0.7686275 0.7686275 1 0.7686275 0.7686275 0.7686275 1 0.6745098 0.6745098 0.6745098 1 0.6392157 0.6392157 0.6392157 1 0.6196079 0.6196079 0.6196079 1 0.6392157 0.6392157 0.6392157 1 0.627451 0.627451 0.627451 1 0.6470589 0.6470589 0.6470589 1 0.627451 0.627451 0.627451 1 0.6392157 0.6392157 0.6392157 1 0.6392157 0.6392157 0.6392157 1 0.6705883 0.6705883 0.6705883 1 0.6470589 0.6470589 0.6470589 1 0.6705883 0.6705883 0.6705883 1 0.6392157 0.6392157 0.6392157 1 0.6745098 0.6745098 0.6745098 1 0.627451 0.627451 0.627451 1 0.7137255 0.7137255 0.7137255 1 0.7137255 0.7137255 0.7137255 1 0.627451 0.627451 0.627451 1 0.7137255 0.7137255 0.7137255 1 0.6196079 0.6196079 0.6196079 1 0.7137255 0.7137255 0.7137255 1 0.627451 0.627451 0.627451 1 0.6705883 0.6705883 0.6705883 1 0.627451 0.627451 0.627451 1 0.6470589 0.6470589 0.6470589 1 0.654902 0.654902 0.654902 1 0.654902 0.654902 0.654902 1 0.6705883 0.6705883 0.6705883 1 0.627451 0.627451 0.627451 1 0.6705883 0.6705883 0.6705883 1 0.7176471 0.7176471 0.7176471 1 0.7137255 0.7137255 0.7137255 1 0.6705883 0.6705883 0.6705883 1 0.654902 0.654902 0.654902 1 0.6941177 0.6941177 0.6941177 1 0.7176471 0.7176471 0.7176471 1 0.6705883 0.6705883 0.6705883 1 0.6862745 0.6862745 0.6862745 1 0.6941177 0.6941177 0.6941177 1 0.6862745 0.6862745 0.6862745 1 0.6705883 0.6705883 0.6705883 1 0.6862745 0.6862745 0.6862745 1 0.6941177 0.6941177 0.6941177 1 0.7254902 0.7254902 0.7254902 1 0.6862745 0.6862745 0.6862745 1 0.7254902 0.7254902 0.7254902 1 0.7176471 0.7176471 0.7176471 1 0.7254902 0.7254902 0.7254902 1 0.6941177 0.6941177 0.6941177 1 0.7254902 0.7254902 0.7254902 1 0.7333334 0.7333334 0.7333334 1 0.7176471 0.7176471 0.7176471 1 0.7254902 0.7254902 0.7254902 1 0.7450981 0.7450981 0.7450981 1 0.7254902 0.7254902 0.7254902 1 0.7568628 0.7568628 0.7568628 1 0.7254902 0.7254902 0.7254902 1 0.7568628 0.7568628 0.7568628 1 0.7254902 0.7254902 0.7254902 1 0.7254902 0.7254902 0.7254902 1 0.7450981 0.7450981 0.7450981 1 0.7333334 0.7333334 0.7333334 1 0.7215687 0.7215687 0.7215687 1 0.7333334 0.7333334 0.7333334 1 0.7450981 0.7450981 0.7450981 1 0.7568628 0.7568628 0.7568628 1 0.7215687 0.7215687 0.7215687 1 0.7450981 0.7450981 0.7450981 1 0.6470589 0.6470589 0.6470589 1 0.7450981 0.7450981 0.7450981 1 0.7215687 0.7215687 0.7215687 1 0.7215687 0.7215687 0.7215687 1 0.7450981 0.7450981 0.7450981 1 0.7019608 0.7019608 0.7019608 1 0.6470589 0.6470589 0.6470589 1 0.7019608 0.7019608 0.7019608 1 0.7450981 0.7450981 0.7450981 1 0.7019608 0.7019608 0.7019608 1 0.7215687 0.7215687 0.7215687 1 0.7215687 0.7215687 0.7215687 1 0.7254902 0.7254902 0.7254902 1 0.7215687 0.7215687 0.7215687 1 0.7215687 0.7215687 0.7215687 1 0.7215687 0.7215687 0.7215687 1 0.7411765 0.7411765 0.7411765 1 0.7254902 0.7254902 0.7254902 1 0.7607843 0.7607843 0.7607843 1 0.7254902 0.7254902 0.7254902 1 0.7411765 0.7411765 0.7411765 1 0.7411765 0.7411765 0.7411765 1 0.7960785 0.7960785 0.7960785 1 0.7607843 0.7607843 0.7607843 1 0.7960785 0.7960785 0.7960785 1 0.7607843 0.7607843 0.7607843 1 0.7960785 0.7960785 0.7960785 1 0.7607843 0.7607843 0.7607843 1 0.7960785 0.7960785 0.7960785 1 0.7803922 0.7803922 0.7803922 1 0.7960785 0.7960785 0.7960785 1 0.7803922 0.7803922 0.7803922 1 0.7960785 0.7960785 0.7960785 1 0.7803922 0.7803922 0.7803922 1 0.7960785 0.7960785 0.7960785 1 0.8078432 0.8078432 0.8078432 1 0.7960785 0.7960785 0.7960785 1 0.8078432 0.8078432 0.8078432 1 0.7960785 0.7960785 0.7960785 1 0.7960785 0.7960785 0.7960785 1 0.7960785 0.7960785 0.7960785 1 0.8117647 0.8117647 0.8117647 1 0.8117647 0.8117647 0.8117647 1 0.8078432 0.8078432 0.8078432 1 0.7960785 0.7960785 0.7960785 1 0.7882353 0.7882353 0.7882353 1 0.8117647 0.8117647 0.8117647 1 0.7960785 0.7960785 0.7960785 1 0.7882353 0.7882353 0.7882353 1 0.7686275 0.7686275 0.7686275 1 0.8117647 0.8117647 0.8117647 1 0.7411765 0.7411765 0.7411765 1 0.8117647 0.8117647 0.8117647 1 0.7686275 0.7686275 0.7686275 1 0.8117647 0.8117647 0.8117647 1 0.7254902 0.7254902 0.7254902 1 0.8078432 0.8078432 0.8078432 1 0.8117647 0.8117647 0.8117647 1 0.7411765 0.7411765 0.7411765 1 0.7254902 0.7254902 0.7254902 1 0.7411765 0.7411765 0.7411765 1 0.7686275 0.7686275 0.7686275 1 0.7490196 0.7490196 0.7490196 1 0.7490196 0.7490196 0.7490196 1 0.7137255 0.7137255 0.7137255 1 0.7411765 0.7411765 0.7411765 1 0.7176471 0.7176471 0.7176471 1 0.7254902 0.7254902 0.7254902 1 0.7411765 0.7411765 0.7411765 1 0.7176471 0.7176471 0.7176471 1 0.7411765 0.7411765 0.7411765 1 0.7137255 0.7137255 0.7137255 1 0.7137255 0.7137255 0.7137255 1 0.6941177 0.6941177 0.6941177 1 0.7176471 0.7176471 0.7176471 1 0.6784314 0.6784314 0.6784314 1 0.7176471 0.7176471 0.7176471 1 0.7176471 0.7176471 0.7176471 1 0.7254902 0.7254902 0.7254902 1 0.7176471 0.7176471 0.7176471 1 0.7176471 0.7176471 0.7176471 1 0.6784314 0.6784314 0.6784314 1 0.7176471 0.7176471 0.7176471 1 0.6941177 0.6941177 0.6941177 1 0.6784314 0.6784314 0.6784314 1 0.6901961 0.6901961 0.6901961 1 0.6941177 0.6941177 0.6941177 1 0.6784314 0.6784314 0.6784314 1 0.654902 0.654902 0.654902 1 0.6901961 0.6901961 0.6901961 1 0.6784314 0.6784314 0.6784314 1 0.6941177 0.6941177 0.6941177 1 0.7176471 0.7176471 0.7176471 1 0.654902 0.654902 0.654902 1 0.6784314 0.6784314 0.6784314 1 0.6745098 0.6745098 0.6745098 1 0.6941177 0.6941177 0.6941177 1 0.6745098 0.6745098 0.6745098 1 0.6784314 0.6784314 0.6784314 1 0.6745098 0.6745098 0.6745098 1 0.6196079 0.6196079 0.6196079 1 0.654902 0.654902 0.654902 1 0.6941177 0.6941177 0.6941177 1 0.6941177 0.6941177 0.6941177 1 0.6745098 0.6745098 0.6745098 1 0.6196079 0.6196079 0.6196079 1 0.6745098 0.6745098 0.6745098 1 0.6941177 0.6941177 0.6941177 1 0.6196079 0.6196079 0.6196079 1 0.5764706 0.5764706 0.5764706 1 0.6039216 0.6039216 0.6039216 1 0.6666667 0.6666667 0.6666667 1 0.5764706 0.5764706 0.5764706 1 0.6196079 0.6196079 0.6196079 1 0.6039216 0.6039216 0.6039216 1 0.654902 0.654902 0.654902 1 0.6196079 0.6196079 0.6196079 1 0.6196079 0.6196079 0.6196079 1 0.6941177 0.6941177 0.6941177 1 0.6666667 0.6666667 0.6666667 1 0.7019608 0.7019608 0.7019608 1 0.6666667 0.6666667 0.6666667 1 0.6941177 0.6941177 0.6941177 1 0.7019608 0.7019608 0.7019608 1 0.6784314 0.6784314 0.6784314 1 0.6666667 0.6666667 0.6666667 1 0.5764706 0.5764706 0.5764706 1 0.6666667 0.6666667 0.6666667 1 0.6156863 0.6156863 0.6156863 1 0.6745098 0.6745098 0.6745098 1 0.6666667 0.6666667 0.6666667 1 0.6784314 0.6784314 0.6784314 1 0.6745098 0.6745098 0.6745098 1 0.6156863 0.6156863 0.6156863 1 0.6666667 0.6666667 0.6666667 1 0.6156863 0.6156863 0.6156863 1 0.5764706 0.5764706 0.5764706 1 0.5764706 0.5764706 0.5764706 1 0.6745098 0.6745098 0.6745098 1 0.6 0.6 0.6 1 0.6156863 0.6156863 0.6156863 1 0.5764706 0.5764706 0.5764706 1 0.6156863 0.6156863 0.6156863 1 0.6 0.6 0.6 1 0.5019608 0.5019608 0.5019608 1 0.6 0.6 0.6 1 0.5921569 0.5921569 0.5921569 1 0.5764706 0.5764706 0.5764706 1 0.6 0.6 0.6 1 0.5019608 0.5019608 0.5019608 1 0.6 0.6 0.6 1 0.6745098 0.6745098 0.6745098 1 0.5372549 0.5372549 0.5372549 1 0.5372549 0.5372549 0.5372549 1 0.5921569 0.5921569 0.5921569 1 0.6 0.6 0.6 1 0.6745098 0.6745098 0.6745098 1 0.5019608 0.5019608 0.5019608 1 0.5372549 0.5372549 0.5372549 1 0.4627451 0.4627451 0.4627451 1 0.5372549 0.5372549 0.5372549 1 0.5019608 0.5019608 0.5019608 1 0.5019608 0.5019608 0.5019608 1 0.5372549 0.5372549 0.5372549 1 0.4627451 0.4627451 0.4627451 1 0.5372549 0.5372549 0.5372549 1 0.5019608 0.5019608 0.5019608 1 0.5921569 0.5921569 0.5921569 1 0.6745098 0.6745098 0.6745098 1 0.5372549 0.5372549 0.5372549 1 0.6745098 0.6745098 0.6745098 1 0.5019608 0.5019608 0.5019608 1 0.4627451 0.4627451 0.4627451 1 0.4196078 0.4196078 0.4196078 1 0.4627451 0.4627451 0.4627451 1 0.5019608 0.5019608 0.5019608 1 0.5019608 0.5019608 0.5019608 1 0.5019608 0.5019608 0.5019608 1 0.4196078 0.4196078 0.4196078 1 0.4627451 0.4627451 0.4627451 1 0.4196078 0.4196078 0.4196078 1 0.4196078 0.4196078 0.4196078 1 0.4627451 0.4627451 0.4627451 1 0.4627451 0.4627451 0.4627451 1 0.4196078 0.4196078 0.4196078 1 0.4862745 0.4862745 0.4862745 1 0.4627451 0.4627451 0.4627451 1 0.4196078 0.4196078 0.4196078 1 0.4627451 0.4627451 0.4627451 1 0.4196078 0.4196078 0.4196078 1 0.4627451 0.4627451 0.4627451 1 0.4196078 0.4196078 0.4196078 1 0.4627451 0.4627451 0.4627451 1 0.4862745 0.4862745 0.4862745 1 0.4196078 0.4196078 0.4196078 1 0.5019608 0.5019608 0.5019608 1 0.4196078 0.4196078 0.4196078 1 0.4862745 0.4862745 0.4862745 1 0.5019608 0.5019608 0.5019608 1 0.4862745 0.4862745 0.4862745 1 0.4196078 0.4196078 0.4196078 1 0.4196078 0.4196078 0.4196078 1 0.4196078 0.4196078 0.4196078 1 0.4627451 0.4627451 0.4627451 1 0.4196078 0.4196078 0.4196078 1 0.4196078 0.4196078 0.4196078 1 0.4627451 0.4627451 0.4627451 1 0.4627451 0.4627451 0.4627451 1 0.4627451 0.4627451 0.4627451 1 0.4196078 0.4196078 0.4196078 1 0.4627451 0.4627451 0.4627451 1 0.5686275 0.5686275 0.5686275 1 0.4196078 0.4196078 0.4196078 1 0.4627451 0.4627451 0.4627451 1 0.7019608 0.7019608 0.7019608 1 0.5686275 0.5686275 0.5686275 1 0.7019608 0.7019608 0.7019608 1 0.4627451 0.4627451 0.4627451 1 0.6313726 0.6313726 0.6313726 1 0.4627451 0.4627451 0.4627451 1 0.6313726 0.6313726 0.6313726 1 0.4627451 0.4627451 0.4627451 1 0.4627451 0.4627451 0.4627451 1 0.4862745 0.4862745 0.4862745 1 0.6313726 0.6313726 0.6313726 1 0.6901961 0.6901961 0.6901961 1 0.6313726 0.6313726 0.6313726 1 0.4862745 0.4862745 0.4862745 1 0.8078432 0.8078432 0.8078432 1 0.6313726 0.6313726 0.6313726 1 0.7764706 0.7764706 0.7764706 1 0.6901961 0.6901961 0.6901961 1 0.7764706 0.7764706 0.7764706 1 0.6313726 0.6313726 0.6313726 1 0.6313726 0.6313726 0.6313726 1 0.8078432 0.8078432 0.8078432 1 0.7019608 0.7019608 0.7019608 1 0.8078432 0.8078432 0.8078432 1 0.8235294 0.8235294 0.8235294 1 0.8862745 0.8862745 0.8862745 1 0.8235294 0.8235294 0.8235294 1 0.8078432 0.8078432 0.8078432 1 0.8078432 0.8078432 0.8078432 1 0.8862745 0.8862745 0.8862745 1 0.7019608 0.7019608 0.7019608 1 0.8078432 0.8078432 0.8078432 1 0.7764706 0.7764706 0.7764706 1 0.8078432 0.8078432 0.8078432 1 0.8078432 0.8078432 0.8078432 1 0.9098039 0.9098039 0.9098039 1 0.8196079 0.8196079 0.8196079 1 0.8862745 0.8862745 0.8862745 1 0.8862745 0.8862745 0.8862745 1 0.8941177 0.8941177 0.8941177 1 0.9098039 0.9098039 0.9098039 1 0.8941177 0.8941177 0.8941177 1 0.8862745 0.8862745 0.8862745 1 0.8235294 0.8235294 0.8235294 1 0.7019608 0.7019608 0.7019608 1 0.8862745 0.8862745 0.8862745 1 0.8196079 0.8196079 0.8196079 1 0.8941177 0.8941177 0.8941177 1 0.7137255 0.7137255 0.7137255 1 0.8431373 0.8431373 0.8431373 1 0.7137255 0.7137255 0.7137255 1 0.8941177 0.8941177 0.8941177 1 0.7568628 0.7568628 0.7568628 1 0.8431373 0.8431373 0.8431373 1 0.9176471 0.9176471 0.9176471 1 0.8941177 0.8941177 0.8941177 1 0.9098039 0.9098039 0.9098039 1 0.8941177 0.8941177 0.8941177 1 0.9176471 0.9176471 0.9176471 1 0.8235294 0.8235294 0.8235294 1 0.7568628 0.7568628 0.7568628 1 0.8941177 0.8941177 0.8941177 1 0.7137255 0.7137255 0.7137255 1 0.7568628 0.7568628 0.7568628 1 0.7529412 0.7529412 0.7529412 1 0.8235294 0.8235294 0.8235294 1 0.7529412 0.7529412 0.7529412 1 0.7568628 0.7568628 0.7568628 1 0.8431373 0.8431373 0.8431373 1 0.9058824 0.9058824 0.9058824 1 0.9176471 0.9176471 0.9176471 1 0.9176471 0.9176471 0.9176471 1 0.9019608 0.9019608 0.9019608 1 0.9098039 0.9098039 0.9098039 1 0.9372549 0.9372549 0.9372549 1 0.9019608 0.9019608 0.9019608 1 0.9176471 0.9176471 0.9176471 1 0.9372549 0.9372549 0.9372549 1 0.9176471 0.9176471 0.9176471 1 0.9058824 0.9058824 0.9058824 1 0.972549 0.972549 0.972549 1 0.9372549 0.9372549 0.9372549 1 0.9254902 0.9254902 0.9254902 1 0.9372549 0.9372549 0.9372549 1 0.972549 0.972549 0.972549 1 0.9490196 0.9490196 0.9490196 1 0.9019608 0.9019608 0.9019608 1 0.9372549 0.9372549 0.9372549 1 0.9490196 0.9490196 0.9490196 1 0.9058824 0.9058824 0.9058824 1 0.9254902 0.9254902 0.9254902 1 0.9372549 0.9372549 0.9372549 1 0.9058824 0.9058824 0.9058824 1 0.8431373 0.8431373 0.8431373 1 0.9254902 0.9254902 0.9254902 1 0.8392157 0.8392157 0.8392157 1 0.9254902 0.9254902 0.9254902 1 0.8431373 0.8431373 0.8431373 1 0.8392157 0.8392157 0.8392157 1 0.8352941 0.8352941 0.8352941 1 0.9176471 0.9176471 0.9176471 1 0.9176471 0.9176471 0.9176471 1 0.9176471 0.9176471 0.9176471 1 0.9686275 0.9686275 0.9686275 1 0.9176471 0.9176471 0.9176471 1 0.9176471 0.9176471 0.9176471 1 0.8352941 0.8352941 0.8352941 1 0.8352941 0.8352941 0.8352941 1 0.8313726 0.8313726 0.8313726 1 0.9176471 0.9176471 0.9176471 1 0.8313726 0.8313726 0.8313726 1 0.8352941 0.8352941 0.8352941 1 0.6941177 0.6941177 0.6941177 1 0.8392157 0.8392157 0.8392157 1 0.6941177 0.6941177 0.6941177 1 0.8352941 0.8352941 0.8352941 1 0.6941177 0.6941177 0.6941177 1 0.6862745 0.6862745 0.6862745 1 0.5647059 0.5647059 0.5647059 1 0.5647059 0.5647059 0.5647059 1 0.7137255 0.7137255 0.7137255 1 0.6941177 0.6941177 0.6941177 1 0.6941177 0.6941177 0.6941177 1 0.8392157 0.8392157 0.8392157 1 0.6862745 0.6862745 0.6862745 1 0.8313726 0.8313726 0.8313726 1 0.6941177 0.6941177 0.6941177 1 0.7137255 0.7137255 0.7137255 1 0.827451 0.827451 0.827451 1 0.7137255 0.7137255 0.7137255 1 0.7176471 0.7176471 0.7176471 1 0.7137255 0.7137255 0.7137255 1 0.827451 0.827451 0.827451 1 0.8313726 0.8313726 0.8313726 1 0.6156863 0.6156863 0.6156863 1 0.7176471 0.7176471 0.7176471 1 0.7137255 0.7137255 0.7137255 1 0.7137255 0.7137255 0.7137255 1 0.5647059 0.5647059 0.5647059 1 0.6156863 0.6156863 0.6156863 1 0.7176471 0.7176471 0.7176471 1 0.6156863 0.6156863 0.6156863 1 0.6431373 0.6431373 0.6431373 1 0.5764706 0.5764706 0.5764706 1 0.6431373 0.6431373 0.6431373 1 0.6156863 0.6156863 0.6156863 1 0.6156863 0.6156863 0.6156863 1 0.5647059 0.5647059 0.5647059 1 0.5764706 0.5764706 0.5764706 1 0.5647059 0.5647059 0.5647059 1 0.6156863 0.6156863 0.6156863 1 0.5647059 0.5647059 0.5647059 1 0.5529412 0.5529412 0.5529412 1 0.5764706 0.5764706 0.5764706 1 0.5647059 0.5647059 0.5647059 1 0.5647059 0.5647059 0.5647059 1 0.5372549 0.5372549 0.5372549 1 0.5529412 0.5529412 0.5529412 1 0.5647059 0.5647059 0.5647059 1 0.5254902 0.5254902 0.5254902 1 0.5372549 0.5372549 0.5372549 1 0.5647059 0.5647059 0.5647059 1 0.5254902 0.5254902 0.5254902 1 0.5647059 0.5647059 0.5647059 1 0.5254902 0.5254902 0.5254902 1 0.5647059 0.5647059 0.5647059 1 0.5254902 0.5254902 0.5254902 1 0.5254902 0.5254902 0.5254902 1 0.5254902 0.5254902 0.5254902 1 0.5254902 0.5254902 0.5254902 1 0.5254902 0.5254902 0.5254902 1 0.5803922 0.5803922 0.5803922 1 0.654902 0.654902 0.654902 1 0.654902 0.654902 0.654902 1 0.5372549 0.5372549 0.5372549 1 0.5254902 0.5254902 0.5254902 1 0.5803922 0.5803922 0.5803922 1 0.5254902 0.5254902 0.5254902 1 0.5254902 0.5254902 0.5254902 1 0.5254902 0.5254902 0.5254902 1 0.5254902 0.5254902 0.5254902 1 0.5803922 0.5803922 0.5803922 1 0.7450981 0.7450981 0.7450981 1 0.5803922 0.5803922 0.5803922 1 0.5254902 0.5254902 0.5254902 1 0.7882353 0.7882353 0.7882353 1 0.654902 0.654902 0.654902 1 0.5803922 0.5803922 0.5803922 1 0.5803922 0.5803922 0.5803922 1 0.7450981 0.7450981 0.7450981 1 0.7882353 0.7882353 0.7882353 1 0.854902 0.854902 0.854902 1 0.7882353 0.7882353 0.7882353 1 0.7450981 0.7450981 0.7450981 1 0.854902 0.854902 0.854902 1 0.7450981 0.7450981 0.7450981 1 0.8431373 0.8431373 0.8431373 1 0.8431373 0.8431373 0.8431373 1 0.7450981 0.7450981 0.7450981 1 0.8 0.8 0.8 1 0.6784314 0.6784314 0.6784314 1 0.8 0.8 0.8 1 0.7450981 0.7450981 0.7450981 1 0.7450981 0.7450981 0.7450981 1 0.5254902 0.5254902 0.5254902 1 0.6784314 0.6784314 0.6784314 1 0.8 0.8 0.8 1 0.6784314 0.6784314 0.6784314 1 0.7411765 0.7411765 0.7411765 1 0.5254902 0.5254902 0.5254902 1 0.7411765 0.7411765 0.7411765 1 0.6784314 0.6784314 0.6784314 1 0.5254902 0.5254902 0.5254902 1 0.6784314 0.6784314 0.6784314 1 0.5254902 0.5254902 0.5254902 1 0.6784314 0.6784314 0.6784314 1 0.5254902 0.5254902 0.5254902 1 0.5254902 0.5254902 0.5254902 1 0.5254902 0.5254902 0.5254902 1 0.5254902 0.5254902 0.5254902 1 0.5254902 0.5254902 0.5254902 1 0.5254902 0.5254902 0.5254902 1 0.5254902 0.5254902 0.5254902 1 0.7411765 0.7411765 0.7411765 1 0.7411765 0.7411765 0.7411765 1 0.854902 0.854902 0.854902 1 0.8 0.8 0.8 1 0.854902 0.854902 0.854902 1 0.7411765 0.7411765 0.7411765 1 0.8431373 0.8431373 0.8431373 1 0.7176471 0.7176471 0.7176471 1 0.7411765 0.7411765 0.7411765 1 0.5254902 0.5254902 0.5254902 1 0.7176471 0.7176471 0.7176471 1 0.8431373 0.8431373 0.8431373 1 0.7411765 0.7411765 0.7411765 1 0.8862745 0.8862745 0.8862745 1 0.8 0.8 0.8 1 0.854902 0.854902 0.854902 1 0.8509804 0.8509804 0.8509804 1 0.8862745 0.8862745 0.8862745 1 0.854902 0.854902 0.854902 1 0.8431373 0.8431373 0.8431373 1 0.8509804 0.8509804 0.8509804 1 0.854902 0.854902 0.854902 1 0.8862745 0.8862745 0.8862745 1 0.8509804 0.8509804 0.8509804 1 0.8784314 0.8784314 0.8784314 1 0.8196079 0.8196079 0.8196079 1 0.8784314 0.8784314 0.8784314 1 0.8509804 0.8509804 0.8509804 1 0.8509804 0.8509804 0.8509804 1 0.8431373 0.8431373 0.8431373 1 0.8313726 0.8313726 0.8313726 1 0.8509804 0.8509804 0.8509804 1 0.7882353 0.7882353 0.7882353 1 0.8196079 0.8196079 0.8196079 1 0.8509804 0.8509804 0.8509804 1 0.8313726 0.8313726 0.8313726 1 0.7882353 0.7882353 0.7882353 1 0.7529412 0.7529412 0.7529412 1 0.7882353 0.7882353 0.7882353 1 0.8313726 0.8313726 0.8313726 1 0.7882353 0.7882353 0.7882353 1 0.7176471 0.7176471 0.7176471 1 0.7490196 0.7490196 0.7490196 1 0.7176471 0.7176471 0.7176471 1 0.7882353 0.7882353 0.7882353 1 0.7529412 0.7529412 0.7529412 1 0.7490196 0.7490196 0.7490196 1 0.8196079 0.8196079 0.8196079 1 0.7882353 0.7882353 0.7882353 1 0.8196079 0.8196079 0.8196079 1 0.7490196 0.7490196 0.7490196 1 0.7686275 0.7686275 0.7686275 1 0.7372549 0.7372549 0.7372549 1 0.7686275 0.7686275 0.7686275 1 0.7490196 0.7490196 0.7490196 1 0.7490196 0.7490196 0.7490196 1 0.7490196 0.7490196 0.7490196 1 0.7372549 0.7372549 0.7372549 1 0.7490196 0.7490196 0.7490196 1 0.7450981 0.7450981 0.7450981 1 0.7450981 0.7450981 0.7450981 1 0.7450981 0.7450981 0.7450981 1 0.7490196 0.7490196 0.7490196 1 0.7176471 0.7176471 0.7176471 1 0.7333334 0.7333334 0.7333334 1 0.7450981 0.7450981 0.7450981 1 0.7411765 0.7411765 0.7411765 1 0.7137255 0.7137255 0.7137255 1 0.7411765 0.7411765 0.7411765 1 0.7450981 0.7450981 0.7450981 1 0.7450981 0.7450981 0.7450981 1 0.7176471 0.7176471 0.7176471 1 0.7137255 0.7137255 0.7137255 1 0.7333334 0.7333334 0.7333334 1 0.7450981 0.7450981 0.7450981 1 0.7450981 0.7450981 0.7450981 1 0.7411765 0.7411765 0.7411765 1 0.7372549 0.7372549 0.7372549 1 0.7333334 0.7333334 0.7333334 1 0.7215687 0.7215687 0.7215687 1 0.7333334 0.7333334 0.7333334 1 0.7372549 0.7372549 0.7372549 1 0.7215687 0.7215687 0.7215687 1 0.7058824 0.7058824 0.7058824 1 0.7333334 0.7333334 0.7333334 1 0.7450981 0.7450981 0.7450981 1 0.7333334 0.7333334 0.7333334 1 0.7058824 0.7058824 0.7058824 1 0.7058824 0.7058824 0.7058824 1 0.7215687 0.7215687 0.7215687 1 0.6313726 0.6313726 0.6313726 1 0.7450981 0.7450981 0.7450981 1 0.7058824 0.7058824 0.7058824 1 0.682353 0.682353 0.682353 1 0.6313726 0.6313726 0.6313726 1 0.682353 0.682353 0.682353 1 0.7058824 0.7058824 0.7058824 1 0.6509804 0.6509804 0.6509804 1 0.6313726 0.6313726 0.6313726 1 0.7215687 0.7215687 0.7215687 1 0.6313726 0.6313726 0.6313726 1 0.6509804 0.6509804 0.6509804 1 0.5764706 0.5764706 0.5764706 1 0.6313726 0.6313726 0.6313726 1 0.5764706 0.5764706 0.5764706 1 0.6156863 0.6156863 0.6156863 1 0.6313726 0.6313726 0.6313726 1 0.6156863 0.6156863 0.6156863 1 0.682353 0.682353 0.682353 1 0.5764706 0.5764706 0.5764706 1 0.6156863 0.6156863 0.6156863 1 0.5764706 0.5764706 0.5764706 1 0.5019608 0.5019608 0.5019608 1 0.682353 0.682353 0.682353 1 0.6156863 0.6156863 0.6156863 1 0.6156863 0.6156863 0.6156863 1 0.5764706 0.5764706 0.5764706 1 0.5019608 0.5019608 0.5019608 1 0.5019608 0.5019608 0.5019608 1 0.5019608 0.5019608 0.5019608 1 0.5764706 0.5764706 0.5764706 1 0.6862745 0.6862745 0.6862745 1 0.5019608 0.5019608 0.5019608 1 0.5019608 0.5019608 0.5019608 1 0.5019608 0.5019608 0.5019608 1 0.6862745 0.6862745 0.6862745 1 0.682353 0.682353 0.682353 1 0.6862745 0.6862745 0.6862745 1 0.7647059 0.7647059 0.7647059 1 0.7568628 0.7568628 0.7568628 1 0.7647059 0.7647059 0.7647059 1 0.6862745 0.6862745 0.6862745 1 0.682353 0.682353 0.682353 1 0.7568628 0.7568628 0.7568628 1 0.682353 0.682353 0.682353 1 0.6862745 0.6862745 0.6862745 1 0.5019608 0.5019608 0.5019608 1 0.682353 0.682353 0.682353 1 0.6862745 0.6862745 0.6862745 1 0.682353 0.682353 0.682353 1 0.682353 0.682353 0.682353 1 0.7647059 0.7647059 0.7647059 1 0.682353 0.682353 0.682353 1 0.682353 0.682353 0.682353 1 0.5019608 0.5019608 0.5019608 1 0.7647059 0.7647059 0.7647059 1 0.7686275 0.7686275 0.7686275 1 0.682353 0.682353 0.682353 1 0.7647059 0.7647059 0.7647059 1 0.682353 0.682353 0.682353 1 0.7686275 0.7686275 0.7686275 1 0.5019608 0.5019608 0.5019608 1 0.5019608 0.5019608 0.5019608 1 0.682353 0.682353 0.682353 1 0.682353 0.682353 0.682353 1 0.5019608 0.5019608 0.5019608 1 0.5019608 0.5019608 0.5019608 1 0.7647059 0.7647059 0.7647059 1 0.8196079 0.8196079 0.8196079 1 0.7686275 0.7686275 0.7686275 1 0.7686275 0.7686275 0.7686275 1 0.8196079 0.8196079 0.8196079 1 0.7647059 0.7647059 0.7647059 1 0.7686275 0.7686275 0.7686275 1 0.8156863 0.8156863 0.8156863 1 0.8196079 0.8196079 0.8196079 1 0.8156863 0.8156863 0.8156863 1 0.7686275 0.7686275 0.7686275 1 0.8196079 0.8196079 0.8196079 1 0.8666667 0.8666667 0.8666667 1 0.8627451 0.8627451 0.8627451 1 0.8156863 0.8156863 0.8156863 1 0.8666667 0.8666667 0.8666667 1 0.8156863 0.8156863 0.8156863 1 0.8627451 0.8627451 0.8627451 1 0.8156863 0.8156863 0.8156863 1 0.8196079 0.8196079 0.8196079 1 0.8666667 0.8666667 0.8666667 1 0.8666667 0.8666667 0.8666667 1 0.8196079 0.8196079 0.8196079 1 0.8156863 0.8156863 0.8156863 1 0.8196079 0.8196079 0.8196079 1 0.8666667 0.8666667 0.8666667 1 0.8 0.8 0.8 1 0.8431373 0.8431373 0.8431373 1 0.8 0.8 0.8 1 0.8666667 0.8666667 0.8666667 1 0.8627451 0.8627451 0.8627451 1 0.9137255 0.9137255 0.9137255 1 0.8666667 0.8666667 0.8666667 1 0.8666667 0.8666667 0.8666667 1 0.9137255 0.9137255 0.9137255 1 0.8431373 0.8431373 0.8431373 1 0.8980392 0.8980392 0.8980392 1 0.8431373 0.8431373 0.8431373 1 0.9137255 0.9137255 0.9137255 1 0.9137255 0.9137255 0.9137255 1 0.9098039 0.9098039 0.9098039 1 0.8980392 0.8980392 0.8980392 1 0.9058824 0.9058824 0.9058824 1 0.9137255 0.9137255 0.9137255 1 0.9137255 0.9137255 0.9137255 1 0.9137255 0.9137255 0.9137255 1 0.8627451 0.8627451 0.8627451 1 0.9058824 0.9058824 0.9058824 1 0.9098039 0.9098039 0.9098039 1 0.9137255 0.9137255 0.9137255 1 0.9137255 0.9137255 0.9137255 1 0.854902 0.854902 0.854902 1 0.9137255 0.9137255 0.9137255 1 0.9058824 0.9058824 0.9058824 1 0.9137255 0.9137255 0.9137255 1 0.854902 0.854902 0.854902 1 0.9098039 0.9098039 0.9098039 1 0.9137255 0.9137255 0.9137255 1 0.9058824 0.9058824 0.9058824 1 0.9058824 0.9058824 0.9058824 1 0.9058824 0.9058824 0.9058824 1 0.8431373 0.8431373 0.8431373 1 0.854902 0.854902 0.854902 1 0.8431373 0.8431373 0.8431373 1 0.9058824 0.9058824 0.9058824 1 0.854902 0.854902 0.854902 1 0.9137255 0.9137255 0.9137255 1 0.854902 0.854902 0.854902 1 0.9058824 0.9058824 0.9058824 1 0.9137255 0.9137255 0.9137255 1 0.9058824 0.9058824 0.9058824 1 0.9058824 0.9058824 0.9058824 1 0.9137255 0.9137255 0.9137255 1 0.9098039 0.9098039 0.9098039 1 0.854902 0.854902 0.854902 1 0.9058824 0.9058824 0.9058824 1 0.9098039 0.9098039 0.9098039 1 0.9137255 0.9137255 0.9137255 1 0.9098039 0.9098039 0.9098039 1 0.9137255 0.9137255 0.9137255 1 0.9098039 0.9098039 0.9098039 1 0.8431373 0.8431373 0.8431373 1 0.9098039 0.9098039 0.9098039 1 0.8862745 0.8862745 0.8862745 1 0.8431373 0.8431373 0.8431373 1 0.854902 0.854902 0.854902 1 0.9098039 0.9098039 0.9098039 1 0.9098039 0.9098039 0.9098039 1 0.8941177 0.8941177 0.8941177 1 0.8862745 0.8862745 0.8862745 1 0.9098039 0.9098039 0.9098039 1 0.8941177 0.8941177 0.8941177 1 0.9098039 0.9098039 0.9098039 1 0.8784314 0.8784314 0.8784314 1 0.8862745 0.8862745 0.8862745 1 0.8941177 0.8941177 0.8941177 1 0.9098039 0.9098039 0.9098039 1 0.8431373 0.8431373 0.8431373 1 0.8941177 0.8941177 0.8941177 1 0.8941177 0.8941177 0.8941177 1 0.8196079 0.8196079 0.8196079 1 0.8784314 0.8784314 0.8784314 1 0.8431373 0.8431373 0.8431373 1 0.8196079 0.8196079 0.8196079 1 0.8941177 0.8941177 0.8941177 1 0.8431373 0.8431373 0.8431373 1 0.9098039 0.9098039 0.9098039 1 0.8666667 0.8666667 0.8666667 1 0.8666667 0.8666667 0.8666667 1 0.8 0.8 0.8 1 0.8431373 0.8431373 0.8431373 1 0.8196079 0.8196079 0.8196079 1 0.8431373 0.8431373 0.8431373 1 0.7686275 0.7686275 0.7686275 1 0.8 0.8 0.8 1 0.7686275 0.7686275 0.7686275 1 0.8431373 0.8431373 0.8431373 1 0.8196079 0.8196079 0.8196079 1 0.7647059 0.7647059 0.7647059 1 0.8 0.8 0.8 1 0.8 0.8 0.8 1 0.8666667 0.8666667 0.8666667 1 0.8196079 0.8196079 0.8196079 1 0.8 0.8 0.8 1 0.7568628 0.7568628 0.7568628 1 0.7686275 0.7686275 0.7686275 1 0.7568628 0.7568628 0.7568628 1 0.8 0.8 0.8 1 0.7647059 0.7647059 0.7647059 1 0.7568628 0.7568628 0.7568628 1 0.682353 0.682353 0.682353 1 0.7372549 0.7372549 0.7372549 1 0.7568628 0.7568628 0.7568628 1 0.682353 0.682353 0.682353 1 0.682353 0.682353 0.682353 1 0.7568628 0.7568628 0.7568628 1 0.7647059 0.7647059 0.7647059 1 0.682353 0.682353 0.682353 1 0.7372549 0.7372549 0.7372549 1 0.7686275 0.7686275 0.7686275 1 0.7568628 0.7568628 0.7568628 1 0.7450981 0.7450981 0.7450981 1 0.7490196 0.7490196 0.7490196 1 0.7372549 0.7372549 0.7372549 1 0.7686275 0.7686275 0.7686275 1 0.7372549 0.7372549 0.7372549 1 0.7490196 0.7490196 0.7490196 1 0.7450981 0.7450981 0.7450981 1 0.7372549 0.7372549 0.7372549 1 0.682353 0.682353 0.682353 1 0.7490196 0.7490196 0.7490196 1 0.7058824 0.7058824 0.7058824 1 0.7333334 0.7333334 0.7333334 1 0.7333334 0.7333334 0.7333334 1 0.7411765 0.7411765 0.7411765 1 0.7490196 0.7490196 0.7490196 1 0.7490196 0.7490196 0.7490196 1 0.682353 0.682353 0.682353 1 0.7058824 0.7058824 0.7058824 1 0.7490196 0.7490196 0.7490196 1 0.7490196 0.7490196 0.7490196 1 0.7411765 0.7411765 0.7411765 1 0.7333334 0.7333334 0.7333334 1 0.7450981 0.7450981 0.7450981 1 0.7411765 0.7411765 0.7411765 1 0.6941177 0.6941177 0.6941177 1 0.7176471 0.7176471 0.7176471 1 0.7411765 0.7411765 0.7411765 1 0.6941177 0.6941177 0.6941177 1 0.7411765 0.7411765 0.7411765 1 0.7450981 0.7450981 0.7450981 1 0.7490196 0.7490196 0.7490196 1 0.7411765 0.7411765 0.7411765 1 0.7176471 0.7176471 0.7176471 1 0.7450981 0.7450981 0.7450981 1 0.7333334 0.7333334 0.7333334 1 0.7333334 0.7333334 0.7333334 1 0.6941177 0.6941177 0.6941177 1 0.7450981 0.7450981 0.7450981 1 0.7215687 0.7215687 0.7215687 1 0.7372549 0.7372549 0.7372549 1 0.7215687 0.7215687 0.7215687 1 0.7450981 0.7450981 0.7450981 1 0.7450981 0.7450981 0.7450981 1 0.7333334 0.7333334 0.7333334 1 0.7372549 0.7372549 0.7372549 1 0.7333334 0.7333334 0.7333334 1 0.6941177 0.6941177 0.6941177 1 0.7411765 0.7411765 0.7411765 1 0.7333334 0.7333334 0.7333334 1 0.7215687 0.7215687 0.7215687 1 0.6941177 0.6941177 0.6941177 1 0.7215687 0.7215687 0.7215687 1 0.7333334 0.7333334 0.7333334 1 0.7333334 0.7333334 0.7333334 1 0.7411765 0.7411765 0.7411765 1 0.7372549 0.7372549 0.7372549 1 0.7333334 0.7333334 0.7333334 1 0.654902 0.654902 0.654902 1 0.6941177 0.6941177 0.6941177 1 0.7215687 0.7215687 0.7215687 1 0.7215687 0.7215687 0.7215687 1 0.7333334 0.7333334 0.7333334 1 0.7058824 0.7058824 0.7058824 1 0.7058824 0.7058824 0.7058824 1 0.6313726 0.6313726 0.6313726 1 0.7215687 0.7215687 0.7215687 1 0.654902 0.654902 0.654902 1 0.7215687 0.7215687 0.7215687 1 0.6313726 0.6313726 0.6313726 1 0.6313726 0.6313726 0.6313726 1 0.7058824 0.7058824 0.7058824 1 0.682353 0.682353 0.682353 1 0.6313726 0.6313726 0.6313726 1 0.5764706 0.5764706 0.5764706 1 0.654902 0.654902 0.654902 1 0.682353 0.682353 0.682353 1 0.6156863 0.6156863 0.6156863 1 0.6313726 0.6313726 0.6313726 1 0.5764706 0.5764706 0.5764706 1 0.6313726 0.6313726 0.6313726 1 0.6156863 0.6156863 0.6156863 1 0.5764706 0.5764706 0.5764706 1 0.5764706 0.5764706 0.5764706 1 0.6039216 0.6039216 0.6039216 1 0.5764706 0.5764706 0.5764706 1 0.5764706 0.5764706 0.5764706 1 0.5764706 0.5764706 0.5764706 1 0.5764706 0.5764706 0.5764706 1 0.5764706 0.5764706 0.5764706 1 0.5764706 0.5764706 0.5764706 1 0.6156863 0.6156863 0.6156863 1 0.5764706 0.5764706 0.5764706 1 0.5764706 0.5764706 0.5764706 1 0.6039216 0.6039216 0.6039216 1 0.654902 0.654902 0.654902 1 0.5764706 0.5764706 0.5764706 1 0.6039216 0.6039216 0.6039216 1 0.6588236 0.6588236 0.6588236 1 0.6941177 0.6941177 0.6941177 1 0.6941177 0.6941177 0.6941177 1 0.654902 0.654902 0.654902 1 0.6039216 0.6039216 0.6039216 1 0.6117647 0.6117647 0.6117647 1 0.6039216 0.6039216 0.6039216 1 0.5764706 0.5764706 0.5764706 1 0.6117647 0.6117647 0.6117647 1 0.6588236 0.6588236 0.6588236 1 0.6039216 0.6039216 0.6039216 1 0.6588236 0.6588236 0.6588236 1 0.6666667 0.6666667 0.6666667 1 0.6784314 0.6784314 0.6784314 1 0.6588236 0.6588236 0.6588236 1 0.6117647 0.6117647 0.6117647 1 0.6666667 0.6666667 0.6666667 1 0.6784314 0.6784314 0.6784314 1 0.6941177 0.6941177 0.6941177 1 0.6588236 0.6588236 0.6588236 1 0.6901961 0.6901961 0.6901961 1 0.6784314 0.6784314 0.6784314 1 0.6666667 0.6666667 0.6666667 1 0.6784314 0.6784314 0.6784314 1 0.6901961 0.6901961 0.6901961 1 0.7137255 0.7137255 0.7137255 1 0.6784314 0.6784314 0.6784314 1 0.7137255 0.7137255 0.7137255 1 0.7058824 0.7058824 0.7058824 1 0.6784314 0.6784314 0.6784314 1 0.6941177 0.6941177 0.6941177 1 0.6941177 0.6941177 0.6941177 1 0.7058824 0.7058824 0.7058824 1 0.6941177 0.6941177 0.6941177 1 0.6784314 0.6784314 0.6784314 1 0.7254902 0.7254902 0.7254902 1 0.7058824 0.7058824 0.7058824 1 0.7137255 0.7137255 0.7137255 1 0.7254902 0.7254902 0.7254902 1 0.7411765 0.7411765 0.7411765 1 0.7058824 0.7058824 0.7058824 1 0.7058824 0.7058824 0.7058824 1 0.7215687 0.7215687 0.7215687 1 0.7254902 0.7254902 0.7254902 1 0.7215687 0.7215687 0.7215687 1 0.7058824 0.7058824 0.7058824 1 0.7019608 0.7019608 0.7019608 1 0.7254902 0.7254902 0.7254902 1 0.7019608 0.7019608 0.7019608 1 0.7058824 0.7058824 0.7058824 1 0.6941177 0.6941177 0.6941177 1 0.7058824 0.7058824 0.7058824 1 0.7411765 0.7411765 0.7411765 1 0.7254902 0.7254902 0.7254902 1 0.7686275 0.7686275 0.7686275 1 0.7019608 0.7019608 0.7019608 1 0.7686275 0.7686275 0.7686275 1 0.7254902 0.7254902 0.7254902 1 0.8078432 0.8078432 0.8078432 1 0.8117647 0.8117647 0.8117647 1 0.7254902 0.7254902 0.7254902 1 0.7372549 0.7372549 0.7372549 1 0.8117647 0.8117647 0.8117647 1 0.8078432 0.8078432 0.8078432 1 0.7254902 0.7254902 0.7254902 1 0.7137255 0.7137255 0.7137255 1 0.7372549 0.7372549 0.7372549 1 0.7254902 0.7254902 0.7254902 1 0.7686275 0.7686275 0.7686275 1 0.8078432 0.8078432 0.8078432 1 0.7960785 0.7960785 0.7960785 1 0.7960785 0.7960785 0.7960785 1 0.7960785 0.7960785 0.7960785 1 0.8078432 0.8078432 0.8078432 1 0.8078432 0.8078432 0.8078432 1 0.8117647 0.8117647 0.8117647 1 0.7960785 0.7960785 0.7960785 1 0.7960785 0.7960785 0.7960785 1 0.7960785 0.7960785 0.7960785 1 0.8117647 0.8117647 0.8117647 1 0.8117647 0.8117647 0.8117647 1 0.7921569 0.7921569 0.7921569 1 0.7960785 0.7960785 0.7960785 1 0.7960785 0.7960785 0.7960785 1 0.7960785 0.7960785 0.7960785 1 0.7921569 0.7921569 0.7921569 1 0.7921569 0.7921569 0.7921569 1 0.7921569 0.7921569 0.7921569 1 0.7960785 0.7960785 0.7960785 1 0.7411765 0.7411765 0.7411765 1 0.7960785 0.7960785 0.7960785 1 0.7921569 0.7921569 0.7921569 1 0.7921569 0.7921569 0.7921569 1 0.7764706 0.7764706 0.7764706 1 0.7411765 0.7411765 0.7411765 1 0.7764706 0.7764706 0.7764706 1 0.7647059 0.7647059 0.7647059 1 0.7411765 0.7411765 0.7411765 1 0.7215687 0.7215687 0.7215687 1 0.7411765 0.7411765 0.7411765 1 0.7647059 0.7647059 0.7647059 1 0.7647059 0.7647059 0.7647059 1 0.7529412 0.7529412 0.7529412 1 0.7215687 0.7215687 0.7215687 1 0.6470589 0.6470589 0.6470589 1 0.7215687 0.7215687 0.7215687 1 0.7529412 0.7529412 0.7529412 1 0.7529412 0.7529412 0.7529412 1 0.7019608 0.7019608 0.7019608 1 0.6470589 0.6470589 0.6470589 1 0.7529412 0.7529412 0.7529412 1 0.7254902 0.7254902 0.7254902 1 0.7019608 0.7019608 0.7019608 1 0.7215687 0.7215687 0.7215687 1 0.7019608 0.7019608 0.7019608 1 0.7254902 0.7254902 0.7254902 1 0.7254902 0.7254902 0.7254902 1 0.7294118 0.7294118 0.7294118 1 0.7215687 0.7215687 0.7215687 1 0.7411765 0.7411765 0.7411765 1 0.7215687 0.7215687 0.7215687 1 0.7294118 0.7294118 0.7294118 1 0.7294118 0.7294118 0.7294118 1 0.7686275 0.7686275 0.7686275 1 0.7411765 0.7411765 0.7411765 1 0.7960785 0.7960785 0.7960785 1 0.7411765 0.7411765 0.7411765 1 0.7686275 0.7686275 0.7686275 1 0.7294118 0.7294118 0.7294118 1 0.7215687 0.7215687 0.7215687 1 0.7686275 0.7686275 0.7686275 1 0.7686275 0.7686275 0.7686275 1 0.7960785 0.7960785 0.7960785 1 0.7960785 0.7960785 0.7960785 1 0.7019608 0.7019608 0.7019608 1 0.7686275 0.7686275 0.7686275 1 0.7215687 0.7215687 0.7215687 1 0.7686275 0.7686275 0.7686275 1 0.7019608 0.7019608 0.7019608 1 0.7686275 0.7686275 0.7686275 1 0.7686275 0.7686275 0.7686275 1 0.7686275 0.7686275 0.7686275 1 0.7960785 0.7960785 0.7960785 1 0.7960785 0.7960785 0.7960785 1 0.7960785 0.7960785 0.7960785 1 0.7686275 0.7686275 0.7686275 1 0.7254902 0.7254902 0.7254902 1 0.7137255 0.7137255 0.7137255 1 0.7294118 0.7294118 0.7294118 1 0.7215687 0.7215687 0.7215687 1 0.7294118 0.7294118 0.7294118 1 0.7137255 0.7137255 0.7137255 1 0.7137255 0.7137255 0.7137255 1 0.7254902 0.7254902 0.7254902 1 0.7137255 0.7137255 0.7137255 1 0.7254902 0.7254902 0.7254902 1 0.7137255 0.7137255 0.7137255 1 0.7137255 0.7137255 0.7137255 1 0.7137255 0.7137255 0.7137255 1 0.7254902 0.7254902 0.7254902 1 0.7254902 0.7254902 0.7254902 1 0.7137255 0.7137255 0.7137255 1 0.7137255 0.7137255 0.7137255 1 0.7137255 0.7137255 0.7137255 1 0.7137255 0.7137255 0.7137255 1 0.7254902 0.7254902 0.7254902 1 0.7215687 0.7215687 0.7215687 1 0.7529412 0.7529412 0.7529412 1 0.7137255 0.7137255 0.7137255 1 0.7254902 0.7254902 0.7254902 1 0.7137255 0.7137255 0.7137255 1 0.7529412 0.7529412 0.7529412 1 0.7215687 0.7215687 0.7215687 1 0.7215687 0.7215687 0.7215687 1 0.7137255 0.7137255 0.7137255 1 0.7137255 0.7137255 0.7137255 1 0.7176471 0.7176471 0.7176471 1 0.7176471 0.7176471 0.7176471 1 0.7215687 0.7215687 0.7215687 1 0.7215687 0.7215687 0.7215687 1 0.7647059 0.7647059 0.7647059 1 0.7176471 0.7176471 0.7176471 1 0.7647059 0.7647059 0.7647059 1 0.7215687 0.7215687 0.7215687 1 0.7529412 0.7529412 0.7529412 1 0.6862745 0.6862745 0.6862745 1 0.7137255 0.7137255 0.7137255 1 0.7215687 0.7215687 0.7215687 1 0.6862745 0.6862745 0.6862745 1 0.7215687 0.7215687 0.7215687 1 0.7176471 0.7176471 0.7176471 1 0.7176471 0.7176471 0.7176471 1 0.6705883 0.6705883 0.6705883 1 0.6862745 0.6862745 0.6862745 1 0.6705883 0.6705883 0.6705883 1 0.7176471 0.7176471 0.7176471 1 0.6627451 0.6627451 0.6627451 1 0.7450981 0.7450981 0.7450981 1 0.7176471 0.7176471 0.7176471 1 0.7686275 0.7686275 0.7686275 1 0.7450981 0.7450981 0.7450981 1 0.6627451 0.6627451 0.6627451 1 0.7176471 0.7176471 0.7176471 1 0.7176471 0.7176471 0.7176471 1 0.7176471 0.7176471 0.7176471 1 0.7647059 0.7647059 0.7647059 1 0.7647059 0.7647059 0.7647059 1 0.7686275 0.7686275 0.7686275 1 0.7176471 0.7176471 0.7176471 1 0.7686275 0.7686275 0.7686275 1 0.7647059 0.7647059 0.7647059 1 0.7921569 0.7921569 0.7921569 1 0.7647059 0.7647059 0.7647059 1 0.7686275 0.7686275 0.7686275 1 0.7686275 0.7686275 0.7686275 1 0.7764706 0.7764706 0.7764706 1 0.7921569 0.7921569 0.7921569 1 0.7647059 0.7647059 0.7647059 1 0.7764706 0.7764706 0.7764706 1 0.7647059 0.7647059 0.7647059 1 0.7176471 0.7176471 0.7176471 1 0.7686275 0.7686275 0.7686275 1 0.7764706 0.7764706 0.7764706 1 0.7686275 0.7686275 0.7686275 1 0.7686275 0.7686275 0.7686275 1 0.7686275 0.7686275 0.7686275 1 0.7764706 0.7764706 0.7764706 1 0.7686275 0.7686275 0.7686275 1 0.7686275 0.7686275 0.7686275 1 0.7921569 0.7921569 0.7921569 1 0.7686275 0.7686275 0.7686275 1 0.7686275 0.7686275 0.7686275 1 0.7686275 0.7686275 0.7686275 1 0.7921569 0.7921569 0.7921569 1 0.7921569 0.7921569 0.7921569 1 0.7686275 0.7686275 0.7686275 1 0.7411765 0.7411765 0.7411765 1 0.7450981 0.7450981 0.7450981 1 0.7686275 0.7686275 0.7686275 1 0.7764706 0.7764706 0.7764706 1 0.7411765 0.7411765 0.7411765 1 0.7686275 0.7686275 0.7686275 1 0.7686275 0.7686275 0.7686275 1 0.7686275 0.7686275 0.7686275 1 0.7450981 0.7450981 0.7450981 1 0.7411765 0.7411765 0.7411765 1 0.7294118 0.7294118 0.7294118 1 0.7058824 0.7058824 0.7058824 1 0.7411765 0.7411765 0.7411765 1 0.7058824 0.7058824 0.7058824 1 0.7450981 0.7450981 0.7450981 1 0.7411765 0.7411765 0.7411765 1 0.7764706 0.7764706 0.7764706 1 0.7294118 0.7294118 0.7294118 1 0.7019608 0.7019608 0.7019608 1 0.7058824 0.7058824 0.7058824 1 0.7294118 0.7294118 0.7294118 1 0.7294118 0.7294118 0.7294118 1 0.6901961 0.6901961 0.6901961 1 0.7019608 0.7019608 0.7019608 1 0.6901961 0.6901961 0.6901961 1 0.7294118 0.7294118 0.7294118 1 0.7764706 0.7764706 0.7764706 1 0.6705883 0.6705883 0.6705883 1 0.7058824 0.7058824 0.7058824 1 0.7019608 0.7019608 0.7019608 1 0.6666667 0.6666667 0.6666667 1 0.7019608 0.7019608 0.7019608 1 0.6901961 0.6901961 0.6901961 1 0.7019608 0.7019608 0.7019608 1 0.6666667 0.6666667 0.6666667 1 0.6117647 0.6117647 0.6117647 1 0.7019608 0.7019608 0.7019608 1 0.6117647 0.6117647 0.6117647 1 0.6705883 0.6705883 0.6705883 1 0.5764706 0.5764706 0.5764706 1 0.6705883 0.6705883 0.6705883 1 0.6117647 0.6117647 0.6117647 1 0.7058824 0.7058824 0.7058824 1 0.6705883 0.6705883 0.6705883 1 0.6784314 0.6784314 0.6784314 1 0.6745098 0.6745098 0.6745098 1 0.6784314 0.6784314 0.6784314 1 0.6705883 0.6705883 0.6705883 1 0.6705883 0.6705883 0.6705883 1 0.6196079 0.6196079 0.6196079 1 0.6745098 0.6745098 0.6745098 1 0.6705883 0.6705883 0.6705883 1 0.5764706 0.5764706 0.5764706 1 0.6196079 0.6196079 0.6196079 1 0.5764706 0.5764706 0.5764706 1 0.5960785 0.5960785 0.5960785 1 0.6196079 0.6196079 0.6196079 1 0.6196079 0.6196079 0.6196079 1 0.5764706 0.5764706 0.5764706 1 0.5764706 0.5764706 0.5764706 1 0.6745098 0.6745098 0.6745098 1 0.6196079 0.6196079 0.6196079 1 0.5960785 0.5960785 0.5960785 1 0.5764706 0.5764706 0.5764706 1 0.5019608 0.5019608 0.5019608 1 0.5960785 0.5960785 0.5960785 1 0.5921569 0.5921569 0.5921569 1 0.5960785 0.5960785 0.5960785 1 0.5019608 0.5019608 0.5019608 1 0.5960785 0.5960785 0.5960785 1 0.5921569 0.5921569 0.5921569 1 0.5372549 0.5372549 0.5372549 1 0.5960785 0.5960785 0.5960785 1 0.5372549 0.5372549 0.5372549 1 0.6745098 0.6745098 0.6745098 1 0.5372549 0.5372549 0.5372549 1 0.5019608 0.5019608 0.5019608 1 0.6784314 0.6784314 0.6784314 1 0.5372549 0.5372549 0.5372549 1 0.5019608 0.5019608 0.5019608 1 0.5019608 0.5019608 0.5019608 1 0.6784314 0.6784314 0.6784314 1 0.6745098 0.6745098 0.6745098 1 0.5372549 0.5372549 0.5372549 1 0.5019608 0.5019608 0.5019608 1 0.5372549 0.5372549 0.5372549 1 0.5921569 0.5921569 0.5921569 1 0.4862745 0.4862745 0.4862745 1 0.6784314 0.6784314 0.6784314 1 0.5019608 0.5019608 0.5019608 1 0.6745098 0.6745098 0.6745098 1 0.6784314 0.6784314 0.6784314 1 0.6627451 0.6627451 0.6627451 1 0.6784314 0.6784314 0.6784314 1 0.6784314 0.6784314 0.6784314 1 0.7686275 0.7686275 0.7686275 1 0.6784314 0.6784314 0.6784314 1 0.6627451 0.6627451 0.6627451 1 0.6784314 0.6784314 0.6784314 1 0.6784314 0.6784314 0.6784314 1 0.4862745 0.4862745 0.4862745 1 0.6941177 0.6941177 0.6941177 1 0.6941177 0.6941177 0.6941177 1 0.7686275 0.7686275 0.7686275 1 0.6784314 0.6784314 0.6784314 1 0.6941177 0.6941177 0.6941177 1 0.8313726 0.8313726 0.8313726 1 0.7686275 0.7686275 0.7686275 1 0.8352941 0.8352941 0.8352941 1 0.7686275 0.7686275 0.7686275 1 0.8313726 0.8313726 0.8313726 1 0.7686275 0.7686275 0.7686275 1 0.8352941 0.8352941 0.8352941 1 0.7490196 0.7490196 0.7490196 1 0.7490196 0.7490196 0.7490196 1 0.6196079 0.6196079 0.6196079 1 0.7686275 0.7686275 0.7686275 1 0.6784314 0.6784314 0.6784314 1 0.7686275 0.7686275 0.7686275 1 0.6196079 0.6196079 0.6196079 1 0.7176471 0.7176471 0.7176471 1 0.6941177 0.6941177 0.6941177 1 0.6196079 0.6196079 0.6196079 1 0.6196079 0.6196079 0.6196079 1 0.6196079 0.6196079 0.6196079 1 0.6941177 0.6941177 0.6941177 1 0.6196079 0.6196079 0.6196079 1 0.7490196 0.7490196 0.7490196 1 0.7176471 0.7176471 0.7176471 1 0.6196079 0.6196079 0.6196079 1 0.6196079 0.6196079 0.6196079 1 0.6784314 0.6784314 0.6784314 1 0.6705883 0.6705883 0.6705883 1 0.6627451 0.6627451 0.6627451 1 0.6196079 0.6196079 0.6196079 1 0.6392157 0.6392157 0.6392157 1 0.6196079 0.6196079 0.6196079 1 0.6627451 0.6627451 0.6627451 1 0.6705883 0.6705883 0.6705883 1 0.6196079 0.6196079 0.6196079 1 0.7215687 0.7215687 0.7215687 1 0.6392157 0.6392157 0.6392157 1 0.6784314 0.6784314 0.6784314 1 0.6196079 0.6196079 0.6196079 1 0.6941177 0.6941177 0.6941177 1 0.7215687 0.7215687 0.7215687 1 0.6196079 0.6196079 0.6196079 1 0.6627451 0.6627451 0.6627451 1 0.7450981 0.7450981 0.7450981 1 0.6392157 0.6392157 0.6392157 1 0.6627451 0.6627451 0.6627451 1 0.6392157 0.6392157 0.6392157 1 0.7450981 0.7450981 0.7450981 1 0.6627451 0.6627451 0.6627451 1 0.6784314 0.6784314 0.6784314 1 0.6392157 0.6392157 0.6392157 1 0.7529412 0.7529412 0.7529412 1 0.7490196 0.7490196 0.7490196 1 0.8352941 0.8352941 0.8352941 1 0.7529412 0.7529412 0.7529412 1 0.7176471 0.7176471 0.7176471 1 0.7490196 0.7490196 0.7490196 1 0.8352941 0.8352941 0.8352941 1 0.8352941 0.8352941 0.8352941 1 0.7529412 0.7529412 0.7529412 1 0.7529412 0.7529412 0.7529412 1 0.8352941 0.8352941 0.8352941 1 0.7882353 0.7882353 0.7882353 1 0.7529412 0.7529412 0.7529412 1 0.7882353 0.7882353 0.7882353 1 0.7176471 0.7176471 0.7176471 1 0.8509804 0.8509804 0.8509804 1 0.7882353 0.7882353 0.7882353 1 0.8352941 0.8352941 0.8352941 1 0.7176471 0.7176471 0.7176471 1 0.7882353 0.7882353 0.7882353 1 0.7490196 0.7490196 0.7490196 1 0.7882353 0.7882353 0.7882353 1 0.8196079 0.8196079 0.8196079 1 0.7490196 0.7490196 0.7490196 1 0.8196079 0.8196079 0.8196079 1 0.7882353 0.7882353 0.7882353 1 0.8431373 0.8431373 0.8431373 1 0.8509804 0.8509804 0.8509804 1 0.8392157 0.8392157 0.8392157 1 0.854902 0.854902 0.854902 1 0.854902 0.854902 0.854902 1 0.8862745 0.8862745 0.8862745 1 0.8431373 0.8431373 0.8431373 1 0.8784314 0.8784314 0.8784314 1 0.8431373 0.8431373 0.8431373 1 0.8862745 0.8862745 0.8862745 1 0.8431373 0.8431373 0.8431373 1 0.8784314 0.8784314 0.8784314 1 0.8196079 0.8196079 0.8196079 1 0.8352941 0.8352941 0.8352941 1 0.8392157 0.8392157 0.8392157 1 0.8509804 0.8509804 0.8509804 1 0.8352941 0.8352941 0.8352941 1 0.8352941 0.8352941 0.8352941 1 0.8392157 0.8392157 0.8392157 1 0.8235294 0.8235294 0.8235294 1 0.8392157 0.8392157 0.8392157 1 0.8352941 0.8352941 0.8352941 1 0.8235294 0.8235294 0.8235294 1 0.7137255 0.7137255 0.7137255 1 0.8392157 0.8392157 0.8392157 1 0.7411765 0.7411765 0.7411765 1 0.8392157 0.8392157 0.8392157 1 0.7137255 0.7137255 0.7137255 1 0.7411765 0.7411765 0.7411765 1 0.854902 0.854902 0.854902 1 0.8392157 0.8392157 0.8392157 1 0.5254902 0.5254902 0.5254902 1 0.7411765 0.7411765 0.7411765 1 0.5254902 0.5254902 0.5254902 1 0.5254902 0.5254902 0.5254902 1 0.6784314 0.6784314 0.6784314 1 0.7450981 0.7450981 0.7450981 1 0.7137255 0.7137255 0.7137255 1 0.5254902 0.5254902 0.5254902 1 0.7411765 0.7411765 0.7411765 1 0.7450981 0.7450981 0.7450981 1 0.8 0.8 0.8 1 0.854902 0.854902 0.854902 1 0.8 0.8 0.8 1 0.7450981 0.7450981 0.7450981 1 0.6784314 0.6784314 0.6784314 1 0.5254902 0.5254902 0.5254902 1 0.5254902 0.5254902 0.5254902 1 0.5254902 0.5254902 0.5254902 1 0.5254902 0.5254902 0.5254902 1 0.7137255 0.7137255 0.7137255 1 0.5254902 0.5254902 0.5254902 1 0.5254902 0.5254902 0.5254902 1 0.5254902 0.5254902 0.5254902 1 0.5254902 0.5254902 0.5254902 1 0.5254902 0.5254902 0.5254902 1 0.5254902 0.5254902 0.5254902 1 0.5254902 0.5254902 0.5254902 1 0.5254902 0.5254902 0.5254902 1 0.5254902 0.5254902 0.5254902 1 0.6784314 0.6784314 0.6784314 1 0.5254902 0.5254902 0.5254902 1 0.5254902 0.5254902 0.5254902 1 0.5254902 0.5254902 0.5254902 1 0.6784314 0.6784314 0.6784314 1 0.5254902 0.5254902 0.5254902 1 0.5254902 0.5254902 0.5254902 1 0.5254902 0.5254902 0.5254902 1 0.5254902 0.5254902 0.5254902 1 0.5254902 0.5254902 0.5254902 1 0.5254902 0.5254902 0.5254902 1 0.5254902 0.5254902 0.5254902 1 0.5254902 0.5254902 0.5254902 1 0.5254902 0.5254902 0.5254902 1 0.5254902 0.5254902 0.5254902 1 0.5254902 0.5254902 0.5254902 1 0.5254902 0.5254902 0.5254902 1 0.5254902 0.5254902 0.5254902 1 0.5254902 0.5254902 0.5254902 1 0.5254902 0.5254902 0.5254902 1 0.5254902 0.5254902 0.5254902 1 0.5254902 0.5254902 0.5254902 1 0.5254902 0.5254902 0.5254902 1 0.5254902 0.5254902 0.5254902 1 0.5254902 0.5254902 0.5254902 1 0.5254902 0.5254902 0.5254902 1 0.5254902 0.5254902 0.5254902 1 0.5254902 0.5254902 0.5254902 1 0.5254902 0.5254902 0.5254902 1 0.5254902 0.5254902 0.5254902 1 0.5647059 0.5647059 0.5647059 1 0.5254902 0.5254902 0.5254902 1 0.6862745 0.6862745 0.6862745 1 0.5647059 0.5647059 0.5647059 1 0.5254902 0.5254902 0.5254902 1 0.6941177 0.6941177 0.6941177 1 0.5254902 0.5254902 0.5254902 1 0.6862745 0.6862745 0.6862745 1 0.5254902 0.5254902 0.5254902 1 0.6941177 0.6941177 0.6941177 1 0.8392157 0.8392157 0.8392157 1 0.6862745 0.6862745 0.6862745 1 0.6941177 0.6941177 0.6941177 1 0.6862745 0.6862745 0.6862745 1 0.8392157 0.8392157 0.8392157 1 0.6941177 0.6941177 0.6941177 1 0.6941177 0.6941177 0.6941177 1 0.5647059 0.5647059 0.5647059 1 0.6862745 0.6862745 0.6862745 1 0.8313726 0.8313726 0.8313726 1 0.8352941 0.8352941 0.8352941 1 0.6941177 0.6941177 0.6941177 1 0.8313726 0.8313726 0.8313726 1 0.6941177 0.6941177 0.6941177 1 0.8392157 0.8392157 0.8392157 1 0.6941177 0.6941177 0.6941177 1 0.7137255 0.7137255 0.7137255 1 0.5647059 0.5647059 0.5647059 1 0.7137255 0.7137255 0.7137255 1 0.6941177 0.6941177 0.6941177 1 0.8352941 0.8352941 0.8352941 1 0.8313726 0.8313726 0.8313726 1 0.9176471 0.9176471 0.9176471 1 0.8352941 0.8352941 0.8352941 1 0.9176471 0.9176471 0.9176471 1 0.8352941 0.8352941 0.8352941 1 0.9176471 0.9176471 0.9176471 1 0.8352941 0.8352941 0.8352941 1 0.9176471 0.9176471 0.9176471 1 0.827451 0.827451 0.827451 1 0.8352941 0.8352941 0.8352941 1 0.827451 0.827451 0.827451 1 0.7137255 0.7137255 0.7137255 1 0.9176471 0.9176471 0.9176471 1 0.9607843 0.9607843 0.9607843 1 0.9176471 0.9176471 0.9176471 1 0.9176471 0.9176471 0.9176471 1 0.9176471 0.9176471 0.9176471 1 0.9607843 0.9607843 0.9607843 1 0.9176471 0.9176471 0.9176471 1 0.9176471 0.9176471 0.9176471 1 0.8313726 0.8313726 0.8313726 1 0.8313726 0.8313726 0.8313726 1 0.827451 0.827451 0.827451 1 0.9176471 0.9176471 0.9176471 1 0.9607843 0.9607843 0.9607843 1 0.9176471 0.9176471 0.9176471 1 0.9647059 0.9647059 0.9647059 1 0.9843137 0.9843137 0.9843137 1 0.9607843 0.9607843 0.9607843 1 0.9686275 0.9686275 0.9686275 1 0.9647059 0.9647059 0.9647059 1 0.9607843 0.9607843 0.9607843 1 0.9843137 0.9843137 0.9843137 1 0.9607843 0.9607843 0.9607843 1 0.9647059 0.9647059 0.9647059 1 0.9882353 0.9882353 0.9882353 1 0.9882353 0.9882353 0.9882353 1 0.9686275 0.9686275 0.9686275 1 0.9607843 0.9607843 0.9607843 1 0.9607843 0.9607843 0.9607843 1 0.9647059 0.9647059 0.9647059 1 0.9176471 0.9176471 0.9176471 1 1 1 1 1 0.9764706 0.9764706 0.9764706 1 0.9490196 0.9490196 0.9490196 1 0.972549 0.972549 0.972549 1 0.9490196 0.9490196 0.9490196 1 0.9764706 0.9764706 0.9764706 1 0.972549 0.972549 0.972549 1 0.9882353 0.9882353 0.9882353 1 0.9647059 0.9647059 0.9647059 1 0.9882353 0.9882353 0.9882353 1 1 1 1 1 0.9803922 0.9803922 0.9803922 1 0.9803922 0.9803922 0.9803922 1 0.9686275 0.9686275 0.9686275 1 0.9882353 0.9882353 0.9882353 1 0.9686275 0.9686275 0.9686275 1 0.9803922 0.9803922 0.9803922 1 0.9843137 0.9843137 0.9843137 1 1 1 1 1 0.9843137 0.9843137 0.9843137 1 0.9803922 0.9803922 0.9803922 1 0.9803922 0.9803922 0.9803922 1 1 1 1 1 1 1 1 1 1 1 1 1 0.9803922 0.9803922 0.9803922 1 1 1 1 1 0.8862745 0.8862745 0.8862745 1 0.9647059 0.9647059 0.9647059 1 0.9490196 0.9490196 0.9490196 1 0.9490196 0.9490196 0.9490196 1 0.9647059 0.9647059 0.9647059 1 0.8862745 0.8862745 0.8862745 1 1 1 1 1 0.9490196 0.9490196 0.9490196 1 0.9647059 0.9647059 0.9647059 1 0.9490196 0.9490196 0.9490196 1 1 1 1 1 0.9647059 0.9647059 0.9647059 1 0.9647059 0.9647059 0.9647059 1 0.8117647 0.8117647 0.8117647 1 0.8862745 0.8862745 0.8862745 1 0.8117647 0.8117647 0.8117647 1 0.9647059 0.9647059 0.9647059 1 0.9372549 0.9372549 0.9372549 1 0.9490196 0.9490196 0.9490196 1 0.9647059 0.9647059 0.9647059 1 1 1 1 1 0.9490196 0.9490196 0.9490196 1 0.9372549 0.9372549 0.9372549 1 0.9647059 0.9647059 0.9647059 1 0.9372549 0.9372549 0.9372549 1 0.9490196 0.9490196 0.9490196 1 0.9019608 0.9019608 0.9019608 1 0.9019608 0.9019608 0.9019608 1 0.8392157 0.8392157 0.8392157 1 0.9372549 0.9372549 0.9372549 1 0.8117647 0.8117647 0.8117647 1 0.9372549 0.9372549 0.9372549 1 0.8392157 0.8392157 0.8392157 1 0.7490196 0.7490196 0.7490196 1 0.9019608 0.9019608 0.9019608 1 0.8196079 0.8196079 0.8196079 1 0.9019608 0.9019608 0.9019608 1 0.7490196 0.7490196 0.7490196 1 0.8392157 0.8392157 0.8392157 1 0.9098039 0.9098039 0.9098039 1 0.8196079 0.8196079 0.8196079 1 0.9019608 0.9019608 0.9019608 1 0.9372549 0.9372549 0.9372549 1 0.9019608 0.9019608 0.9019608 1 0.9490196 0.9490196 0.9490196 1 0.9019608 0.9019608 0.9019608 1 0.9254902 0.9254902 0.9254902 1 0.9098039 0.9098039 0.9098039 1 0.9254902 0.9254902 0.9254902 1 0.9019608 0.9019608 0.9019608 1 0.9372549 0.9372549 0.9372549 1 0.9372549 0.9372549 0.9372549 1 0.9058824 0.9058824 0.9058824 1 0.9254902 0.9254902 0.9254902 1 0.972549 0.972549 0.972549 1 0.9254902 0.9254902 0.9254902 1 0.9372549 0.9372549 0.9372549 1 0.9490196 0.9490196 0.9490196 1 0.972549 0.972549 0.972549 1 0.9372549 0.9372549 0.9372549 1 0.9058824 0.9058824 0.9058824 1 0.9372549 0.9372549 0.9372549 1 0.9254902 0.9254902 0.9254902 1 0.8509804 0.8509804 0.8509804 1 0.9254902 0.9254902 0.9254902 1 0.9058824 0.9058824 0.9058824 1 0.9254902 0.9254902 0.9254902 1 0.8509804 0.8509804 0.8509804 1 0.9058824 0.9058824 0.9058824 1 0.9254902 0.9254902 0.9254902 1 0.8509804 0.8509804 0.8509804 1 0.8941177 0.8941177 0.8941177 1 0.8941177 0.8941177 0.8941177 1 0.8509804 0.8509804 0.8509804 1 0.7176471 0.7176471 0.7176471 1 0.6941177 0.6941177 0.6941177 1 0.7176471 0.7176471 0.7176471 1 0.8509804 0.8509804 0.8509804 1 0.6941177 0.6941177 0.6941177 1 0.8509804 0.8509804 0.8509804 1 0.8392157 0.8392157 0.8392157 1 0.9254902 0.9254902 0.9254902 1 0.8392157 0.8392157 0.8392157 1 0.8509804 0.8509804 0.8509804 1 0.7176471 0.7176471 0.7176471 1 0.7490196 0.7490196 0.7490196 1 0.8941177 0.8941177 0.8941177 1 0.6941177 0.6941177 0.6941177 1 0.5254902 0.5254902 0.5254902 1 0.7176471 0.7176471 0.7176471 1 0.7490196 0.7490196 0.7490196 1 0.7176471 0.7176471 0.7176471 1 0.5254902 0.5254902 0.5254902 1 0.8235294 0.8235294 0.8235294 1 0.8941177 0.8941177 0.8941177 1 0.7490196 0.7490196 0.7490196 1 0.5254902 0.5254902 0.5254902 1 0.7529412 0.7529412 0.7529412 1 0.7490196 0.7490196 0.7490196 1 0.8235294 0.8235294 0.8235294 1 0.7490196 0.7490196 0.7490196 1 0.7529412 0.7529412 0.7529412 1 0.8235294 0.8235294 0.8235294 1 0.7529412 0.7529412 0.7529412 1 0.7686275 0.7686275 0.7686275 1 0.7019608 0.7019608 0.7019608 1 0.7647059 0.7647059 0.7647059 1 0.7529412 0.7529412 0.7529412 1 0.7019608 0.7019608 0.7019608 1 0.7529412 0.7529412 0.7529412 1 0.5254902 0.5254902 0.5254902 1 0.7333334 0.7333334 0.7333334 1 0.7529412 0.7529412 0.7529412 1 0.7647059 0.7647059 0.7647059 1 0.7333334 0.7333334 0.7333334 1 0.7647059 0.7647059 0.7647059 1 0.7529412 0.7529412 0.7529412 1 0.7686275 0.7686275 0.7686275 1 0.7529412 0.7529412 0.7529412 1 0.7647059 0.7647059 0.7647059 1 0.7686275 0.7686275 0.7686275 1 0.7529412 0.7529412 0.7529412 1 0.5843138 0.5843138 0.5843138 1 0.7137255 0.7137255 0.7137255 1 0.5843138 0.5843138 0.5843138 1 0.7529412 0.7529412 0.7529412 1 0.7529412 0.7529412 0.7529412 1 0.7333334 0.7333334 0.7333334 1 0.7137255 0.7137255 0.7137255 1 0.7764706 0.7764706 0.7764706 1 0.7137255 0.7137255 0.7137255 1 0.7333334 0.7333334 0.7333334 1 0.7137255 0.7137255 0.7137255 1 0.6470589 0.6470589 0.6470589 1 0.5843138 0.5843138 0.5843138 1 0.7137255 0.7137255 0.7137255 1 0.7764706 0.7764706 0.7764706 1 0.6470589 0.6470589 0.6470589 1 0.6470589 0.6470589 0.6470589 1 0.6470589 0.6470589 0.6470589 1 0.7411765 0.7411765 0.7411765 1 0.7411765 0.7411765 0.7411765 1 0.6470589 0.6470589 0.6470589 1 0.7764706 0.7764706 0.7764706 1 0.6470589 0.6470589 0.6470589 1 0.6470589 0.6470589 0.6470589 1 0.5254902 0.5254902 0.5254902 1 0.5254902 0.5254902 0.5254902 1 0.5843138 0.5843138 0.5843138 1 0.6470589 0.6470589 0.6470589 1 0.5254902 0.5254902 0.5254902 1 0.5254902 0.5254902 0.5254902 1 0.6470589 0.6470589 0.6470589 1 0.5254902 0.5254902 0.5254902 1 0.5254902 0.5254902 0.5254902 1 0.5254902 0.5254902 0.5254902 1 0.5843138 0.5843138 0.5843138 1 0.5254902 0.5254902 0.5254902 1 0.5254902 0.5254902 0.5254902 1 0.5254902 0.5254902 0.5254902 1 0.5647059 0.5647059 0.5647059 1 0.5254902 0.5254902 0.5254902 1 0.5254902 0.5254902 0.5254902 1 0.5254902 0.5254902 0.5254902 1 0.5647059 0.5647059 0.5647059 1 0.5254902 0.5254902 0.5254902 1 0.5254902 0.5254902 0.5254902 1 0.5254902 0.5254902 0.5254902 1 0.5254902 0.5254902 0.5254902 1 0.5254902 0.5254902 0.5254902 1 0.5843138 0.5843138 0.5843138 1 0.5254902 0.5254902 0.5254902 1 0.5254902 0.5254902 0.5254902 1 0.5254902 0.5254902 0.5254902 1 0.5254902 0.5254902 0.5254902 1 0.5254902 0.5254902 0.5254902 1 0.5254902 0.5254902 0.5254902 1 0.5254902 0.5254902 0.5254902 1 0.5843138 0.5843138 0.5843138 1 0.5254902 0.5254902 0.5254902 1 0.5254902 0.5254902 0.5254902 1 0.5254902 0.5254902 0.5254902 1 0.5254902 0.5254902 0.5254902 1 0.5254902 0.5254902 0.5254902 1 0.5254902 0.5254902 0.5254902 1 0.5254902 0.5254902 0.5254902 1 0.5254902 0.5254902 0.5254902 1 0.5254902 0.5254902 0.5254902 1 0.5254902 0.5254902 0.5254902 1 0.5254902 0.5254902 0.5254902 1 0.5254902 0.5254902 0.5254902 1 0.5254902 0.5254902 0.5254902 1 0.5254902 0.5254902 0.5254902 1 0.5254902 0.5254902 0.5254902 1 0.5254902 0.5254902 0.5254902 1 0.5254902 0.5254902 0.5254902 1 0.5254902 0.5254902 0.5254902 1 0.5254902 0.5254902 0.5254902 1 0.5254902 0.5254902 0.5254902 1 0.5254902 0.5254902 0.5254902 1 0.5254902 0.5254902 0.5254902 1 0.5254902 0.5254902 0.5254902 1 0.5254902 0.5254902 0.5254902 1 0.5254902 0.5254902 0.5254902 1 0.5254902 0.5254902 0.5254902 1 0.5254902 0.5254902 0.5254902 1 0.5254902 0.5254902 0.5254902 1 0.7019608 0.7019608 0.7019608 1 0.5254902 0.5254902 0.5254902 1 0.5254902 0.5254902 0.5254902 1 0.7019608 0.7019608 0.7019608 1 0.5254902 0.5254902 0.5254902 1 0.5254902 0.5254902 0.5254902 1 0.5254902 0.5254902 0.5254902 1 0.5254902 0.5254902 0.5254902 1 0.5254902 0.5254902 0.5254902 1 0.7019608 0.7019608 0.7019608 1 0.5254902 0.5254902 0.5254902 1 0.5254902 0.5254902 0.5254902 1 0.5254902 0.5254902 0.5254902 1 0.5647059 0.5647059 0.5647059 1 0.5254902 0.5254902 0.5254902 1 0.5254902 0.5254902 0.5254902 1 0.7294118 0.7294118 0.7294118 1 0.7019608 0.7019608 0.7019608 1 0.7294118 0.7294118 0.7294118 1 0.5254902 0.5254902 0.5254902 1 0.5647059 0.5647059 0.5647059 1 0.7294118 0.7294118 0.7294118 1 0.7803922 0.7803922 0.7803922 1 0.8117647 0.8117647 0.8117647 1 0.5647059 0.5647059 0.5647059 1 0.7803922 0.7803922 0.7803922 1 0.7294118 0.7294118 0.7294118 1 0.7294118 0.7294118 0.7294118 1 0.8117647 0.8117647 0.8117647 1 0.7647059 0.7647059 0.7647059 1 0.7647059 0.7647059 0.7647059 1 0.7019608 0.7019608 0.7019608 1 0.7294118 0.7294118 0.7294118 1 0.8352941 0.8352941 0.8352941 1 0.8117647 0.8117647 0.8117647 1 0.7803922 0.7803922 0.7803922 1 0.7882353 0.7882353 0.7882353 1 0.7647059 0.7647059 0.7647059 1 0.8117647 0.8117647 0.8117647 1 0.8117647 0.8117647 0.8117647 1 0.8392157 0.8392157 0.8392157 1 0.7882353 0.7882353 0.7882353 1 0.8117647 0.8117647 0.8117647 1 0.8352941 0.8352941 0.8352941 1 0.8392157 0.8392157 0.8392157 1 0.8509804 0.8509804 0.8509804 1 0.8352941 0.8352941 0.8352941 1 0.8235294 0.8235294 0.8235294 1 0.8509804 0.8509804 0.8509804 1 0.8392157 0.8392157 0.8392157 1 0.8352941 0.8352941 0.8352941 1 0.7803922 0.7803922 0.7803922 1 0.8235294 0.8235294 0.8235294 1 0.8352941 0.8352941 0.8352941 1 0.8235294 0.8235294 0.8235294 1 0.8313726 0.8313726 0.8313726 1 0.8509804 0.8509804 0.8509804 1 0.8313726 0.8313726 0.8313726 1 0.8235294 0.8235294 0.8235294 1 0.8117647 0.8117647 0.8117647 1 0.8235294 0.8235294 0.8235294 1 0.7803922 0.7803922 0.7803922 1 0.7882353 0.7882353 0.7882353 1 0.7882353 0.7882353 0.7882353 1 0.8117647 0.8117647 0.8117647 1 0.8235294 0.8235294 0.8235294 1 0.6392157 0.6392157 0.6392157 1 0.7882353 0.7882353 0.7882353 1 0.7803922 0.7803922 0.7803922 1 0.8117647 0.8117647 0.8117647 1 0.7882353 0.7882353 0.7882353 1 0.7803922 0.7803922 0.7803922 1 0.6392157 0.6392157 0.6392157 1 0.7803922 0.7803922 0.7803922 1 0.7882353 0.7882353 0.7882353 1 0.7803922 0.7803922 0.7803922 1 0.5647059 0.5647059 0.5647059 1 0.6392157 0.6392157 0.6392157 1 0.6196079 0.6196079 0.6196079 1 0.6862745 0.6862745 0.6862745 1 0.6392157 0.6392157 0.6392157 1 0.6392157 0.6392157 0.6392157 1 0.5254902 0.5254902 0.5254902 1 0.6196079 0.6196079 0.6196079 1 0.5254902 0.5254902 0.5254902 1 0.6392157 0.6392157 0.6392157 1 0.5647059 0.5647059 0.5647059 1 0.7803922 0.7803922 0.7803922 1 0.6392157 0.6392157 0.6392157 1 0.6862745 0.6862745 0.6862745 1 0.6196079 0.6196079 0.6196079 1 0.5254902 0.5254902 0.5254902 1 0.6862745 0.6862745 0.6862745 1 0.6862745 0.6862745 0.6862745 1 0.5254902 0.5254902 0.5254902 1 0.7803922 0.7803922 0.7803922 1 0.5254902 0.5254902 0.5254902 1 0.6862745 0.6862745 0.6862745 1 0.5254902 0.5254902 0.5254902 1 0.5254902 0.5254902 0.5254902 1 0.5254902 0.5254902 0.5254902 1 0.8117647 0.8117647 0.8117647 1 0.8117647 0.8117647 0.8117647 1 0.7803922 0.7803922 0.7803922 1 0.5254902 0.5254902 0.5254902 1 0.5254902 0.5254902 0.5254902 1 0.8117647 0.8117647 0.8117647 1 0.5254902 0.5254902 0.5254902 1 0.5254902 0.5254902 0.5254902 1 0.7960785 0.7960785 0.7960785 1 0.5254902 0.5254902 0.5254902 1 0.8117647 0.8117647 0.8117647 1 0.5254902 0.5254902 0.5254902 1 0.7960785 0.7960785 0.7960785 1 0.7960785 0.7960785 0.7960785 1 0.5254902 0.5254902 0.5254902 1 0.7882353 0.7882353 0.7882353 1 0.7882353 0.7882353 0.7882353 1 0.8313726 0.8313726 0.8313726 1 0.7960785 0.7960785 0.7960785 1 0.8117647 0.8117647 0.8117647 1 0.7960785 0.7960785 0.7960785 1 0.8313726 0.8313726 0.8313726 1 0.7882353 0.7882353 0.7882353 1 0.7686275 0.7686275 0.7686275 1 0.7882353 0.7882353 0.7882353 1 0.7882353 0.7882353 0.7882353 1 0.5254902 0.5254902 0.5254902 1 0.7686275 0.7686275 0.7686275 1 0.7882353 0.7882353 0.7882353 1 0.8235294 0.8235294 0.8235294 1 0.7882353 0.7882353 0.7882353 1 0.8313726 0.8313726 0.8313726 1 0.7882353 0.7882353 0.7882353 1 0.8235294 0.8235294 0.8235294 1 0.5254902 0.5254902 0.5254902 1 0.7882353 0.7882353 0.7882353 1 0.5254902 0.5254902 0.5254902 1 0.7607843 0.7607843 0.7607843 1 0.7686275 0.7686275 0.7686275 1 0.5254902 0.5254902 0.5254902 1 0.5254902 0.5254902 0.5254902 1 0.5254902 0.5254902 0.5254902 1 0.7607843 0.7607843 0.7607843 1 0.7137255 0.7137255 0.7137255 1 0.7803922 0.7803922 0.7803922 1 0.7607843 0.7607843 0.7607843 1 0.7686275 0.7686275 0.7686275 1 0.7607843 0.7607843 0.7607843 1 0.7803922 0.7803922 0.7803922 1 0.7607843 0.7607843 0.7607843 1 0.6941177 0.6941177 0.6941177 1 0.7137255 0.7137255 0.7137255 1 0.6941177 0.6941177 0.6941177 1 0.7607843 0.7607843 0.7607843 1 0.5254902 0.5254902 0.5254902 1 0.7803922 0.7803922 0.7803922 1 0.7137255 0.7137255 0.7137255 1 0.6705883 0.6705883 0.6705883 1 0.5254902 0.5254902 0.5254902 1 0.6705883 0.6705883 0.6705883 1 0.7137255 0.7137255 0.7137255 1 0.7137255 0.7137255 0.7137255 1 0.5921569 0.5921569 0.5921569 1 0.5254902 0.5254902 0.5254902 1 0.7137255 0.7137255 0.7137255 1 0.6313726 0.6313726 0.6313726 1 0.5921569 0.5921569 0.5921569 1 0.6313726 0.6313726 0.6313726 1 0.7137255 0.7137255 0.7137255 1 0.6941177 0.6941177 0.6941177 1 0.5254902 0.5254902 0.5254902 1 0.6313726 0.6313726 0.6313726 1 0.5254902 0.5254902 0.5254902 1 0.6941177 0.6941177 0.6941177 1 0.5254902 0.5254902 0.5254902 1 0.6313726 0.6313726 0.6313726 1 0.6313726 0.6313726 0.6313726 1 0.5764706 0.5764706 0.5764706 1 0.5254902 0.5254902 0.5254902 1 0.6313726 0.6313726 0.6313726 1 0.5254902 0.5254902 0.5254902 1 0.5764706 0.5764706 0.5764706 1 0.5254902 0.5254902 0.5254902 1 0.5921569 0.5921569 0.5921569 1 0.6313726 0.6313726 0.6313726 1 0.5921569 0.5921569 0.5921569 1 0.5254902 0.5254902 0.5254902 1 0.5254902 0.5254902 0.5254902 1 0.5254902 0.5254902 0.5254902 1 0.5254902 0.5254902 0.5254902 1 0.5254902 0.5254902 0.5254902 1 0.5568628 0.5568628 0.5568628 1 0.5254902 0.5254902 0.5254902 1 0.5764706 0.5764706 0.5764706 1 0.5254902 0.5254902 0.5254902 1 0.5568628 0.5568628 0.5568628 1 0.5254902 0.5254902 0.5254902 1 0.6 0.6 0.6 1 0.5254902 0.5254902 0.5254902 1 0.5568628 0.5568628 0.5568628 1 0.5568628 0.5568628 0.5568628 1 0.5254902 0.5254902 0.5254902 1 0.6 0.6 0.6 1 0.5254902 0.5254902 0.5254902 1 0.5568628 0.5568628 0.5568628 1 0.5254902 0.5254902 0.5254902 1 0.5764706 0.5764706 0.5764706 1 0.5254902 0.5254902 0.5254902 1 0.5568628 0.5568628 0.5568628 1 0.5254902 0.5254902 0.5254902 1 0.5764706 0.5764706 0.5764706 1 0.5254902 0.5254902 0.5254902 1 0.6196079 0.6196079 0.6196079 1 0.6 0.6 0.6 1 0.5254902 0.5254902 0.5254902 1 0.5254902 0.5254902 0.5254902 1 0.5254902 0.5254902 0.5254902 1 0.6196079 0.6196079 0.6196079 1 0.5254902 0.5254902 0.5254902 1 0.6196079 0.6196079 0.6196079 1 0.5254902 0.5254902 0.5254902 1 0.5254902 0.5254902 0.5254902 1 0.6 0.6 0.6 1 0.5254902 0.5254902 0.5254902 1 0.6196079 0.6196079 0.6196079 1 0.5254902 0.5254902 0.5254902 1 0.6 0.6 0.6 1 0.5254902 0.5254902 0.5254902 1 0.6196079 0.6196079 0.6196079 1 0.5254902 0.5254902 0.5254902 1 0.5254902 0.5254902 0.5254902 1 0.5254902 0.5254902 0.5254902 1 0.5254902 0.5254902 0.5254902 1 0.5254902 0.5254902 0.5254902 1 0.5254902 0.5254902 0.5254902 1 0.5254902 0.5254902 0.5254902 1 0.5254902 0.5254902 0.5254902 1 0.5254902 0.5254902 0.5254902 1 0.5254902 0.5254902 0.5254902 1 0.5254902 0.5254902 0.5254902 1 0.5254902 0.5254902 0.5254902 1 0.5254902 0.5254902 0.5254902 1 0.5647059 0.5647059 0.5647059 1 0.5254902 0.5254902 0.5254902 1 0.5254902 0.5254902 0.5254902 1 0.5647059 0.5647059 0.5647059 1 0.5254902 0.5254902 0.5254902 1 0.5254902 0.5254902 0.5254902 1 0.5254902 0.5254902 0.5254902 1 0.5254902 0.5254902 0.5254902 1 0.5254902 0.5254902 0.5254902 1 0.5254902 0.5254902 0.5254902 1 0.5254902 0.5254902 0.5254902 1 0.5254902 0.5254902 0.5254902 1 0.5254902 0.5254902 0.5254902 1 0.5254902 0.5254902 0.5254902 1 0.5921569 0.5921569 0.5921569 1 0.5254902 0.5254902 0.5254902 1 0.5254902 0.5254902 0.5254902 1 0.5254902 0.5254902 0.5254902 1 0.5254902 0.5254902 0.5254902 1 0.5254902 0.5254902 0.5254902 1 0.5254902 0.5254902 0.5254902 1 0.5254902 0.5254902 0.5254902 1 0.5254902 0.5254902 0.5254902 1 0.5254902 0.5254902 0.5254902 1 0.5254902 0.5254902 0.5254902 1 0.6941177 0.6941177 0.6941177 1 0.5254902 0.5254902 0.5254902 1 0.5254902 0.5254902 0.5254902 1 0.5254902 0.5254902 0.5254902 1 0.6941177 0.6941177 0.6941177 1 0.5254902 0.5254902 0.5254902 1 0.5647059 0.5647059 0.5647059 1 0.6705883 0.6705883 0.6705883 1 0.5647059 0.5647059 0.5647059 1 0.5254902 0.5254902 0.5254902 1 0.5254902 0.5254902 0.5254902 1 0.6705883 0.6705883 0.6705883 1 0.7568628 0.7568628 0.7568628 1 0.7803922 0.7803922 0.7803922 1 0.6705883 0.6705883 0.6705883 1 0.7058824 0.7058824 0.7058824 1 0.7568628 0.7568628 0.7568628 1 0.7058824 0.7058824 0.7058824 1 0.6705883 0.6705883 0.6705883 1 0.5647059 0.5647059 0.5647059 1 0.7764706 0.7764706 0.7764706 1 0.7568628 0.7568628 0.7568628 1 0.7058824 0.7058824 0.7058824 1 0.7058824 0.7058824 0.7058824 1 0.6941177 0.6941177 0.6941177 1 0.7764706 0.7764706 0.7764706 1 0.5647059 0.5647059 0.5647059 1 0.5254902 0.5254902 0.5254902 1 0.7058824 0.7058824 0.7058824 1 0.6941177 0.6941177 0.6941177 1 0.7058824 0.7058824 0.7058824 1 0.5254902 0.5254902 0.5254902 1 0.7411765 0.7411765 0.7411765 1 0.6941177 0.6941177 0.6941177 1 0.6470589 0.6470589 0.6470589 1 0.7411765 0.7411765 0.7411765 1 0.7764706 0.7764706 0.7764706 1 0.6941177 0.6941177 0.6941177 1 0.5254902 0.5254902 0.5254902 1 0.6470589 0.6470589 0.6470589 1 0.6941177 0.6941177 0.6941177 1 0.7764706 0.7764706 0.7764706 1 0.7411765 0.7411765 0.7411765 1 0.827451 0.827451 0.827451 1 0.827451 0.827451 0.827451 1 0.7921569 0.7921569 0.7921569 1 0.7764706 0.7764706 0.7764706 1 0.7568628 0.7568628 0.7568628 1 0.7764706 0.7764706 0.7764706 1 0.7921569 0.7921569 0.7921569 1 0.7921569 0.7921569 0.7921569 1 0.827451 0.827451 0.827451 1 0.8392157 0.8392157 0.8392157 1 0.7921569 0.7921569 0.7921569 1 0.8392157 0.8392157 0.8392157 1 0.8235294 0.8235294 0.8235294 1 0.7921569 0.7921569 0.7921569 1 0.7803922 0.7803922 0.7803922 1 0.7568628 0.7568628 0.7568628 1 0.7803922 0.7803922 0.7803922 1 0.7921569 0.7921569 0.7921569 1 0.7882353 0.7882353 0.7882353 1 0.8235294 0.8235294 0.8235294 1 0.7882353 0.7882353 0.7882353 1 0.7921569 0.7921569 0.7921569 1 0.8392157 0.8392157 0.8392157 1 0.827451 0.827451 0.827451 1 0.8509804 0.8509804 0.8509804 1 0.8509804 0.8509804 0.8509804 1 0.8235294 0.8235294 0.8235294 1 0.8392157 0.8392157 0.8392157 1 0.7764706 0.7764706 0.7764706 1 0.827451 0.827451 0.827451 1 0.7411765 0.7411765 0.7411765 1 0.8392157 0.8392157 0.8392157 1 0.8509804 0.8509804 0.8509804 1 0.827451 0.827451 0.827451 1 0.827451 0.827451 0.827451 1 0.7882353 0.7882353 0.7882353 1 0.8392157 0.8392157 0.8392157 1 0.7882353 0.7882353 0.7882353 1 0.827451 0.827451 0.827451 1 0.7764706 0.7764706 0.7764706 1 0.7803922 0.7803922 0.7803922 1 0.7882353 0.7882353 0.7882353 1 0.7686275 0.7686275 0.7686275 1 0.8235294 0.8235294 0.8235294 1 0.8509804 0.8509804 0.8509804 1 0.8313726 0.8313726 0.8313726 1 0.7647059 0.7647059 0.7647059 1 0.7882353 0.7882353 0.7882353 1 0.7333334 0.7333334 0.7333334 1 0.7764706 0.7764706 0.7764706 1 0.7333334 0.7333334 0.7333334 1 0.7882353 0.7882353 0.7882353 1 0.5843138 0.5843138 0.5843138 1 0.5254902 0.5254902 0.5254902 1 0.7686275 0.7686275 0.7686275 1 0.7686275 0.7686275 0.7686275 1 0.8078432 0.8078432 0.8078432 1 0.8235294 0.8235294 0.8235294 1 0.7450981 0.7450981 0.7450981 1 0.7686275 0.7686275 0.7686275 1 0.5254902 0.5254902 0.5254902 1 0.8078432 0.8078432 0.8078432 1 0.7686275 0.7686275 0.7686275 1 0.8156863 0.8156863 0.8156863 1 0.7450981 0.7450981 0.7450981 1 0.8156863 0.8156863 0.8156863 1 0.7686275 0.7686275 0.7686275 1 0.7450981 0.7450981 0.7450981 1 0.5254902 0.5254902 0.5254902 1 0.7137255 0.7137255 0.7137255 1 0.7137255 0.7137255 0.7137255 1 0.8235294 0.8235294 0.8235294 1 0.7450981 0.7450981 0.7450981 1 0.8156863 0.8156863 0.8156863 1 0.7450981 0.7450981 0.7450981 1 0.8235294 0.8235294 0.8235294 1 0.8156863 0.8156863 0.8156863 1 0.8313726 0.8313726 0.8313726 1 0.8078432 0.8078432 0.8078432 1 0.8313726 0.8313726 0.8313726 1 0.8156863 0.8156863 0.8156863 1 0.8352941 0.8352941 0.8352941 1 0.8235294 0.8235294 0.8235294 1 0.8352941 0.8352941 0.8352941 1 0.8156863 0.8156863 0.8156863 1 0.8078432 0.8078432 0.8078432 1 0.8235294 0.8235294 0.8235294 1 0.8078432 0.8078432 0.8078432 1 0.8078432 0.8078432 0.8078432 1 0.7686275 0.7686275 0.7686275 1 0.8078432 0.8078432 0.8078432 1 0.7686275 0.7686275 0.7686275 1 0.8078432 0.8078432 0.8078432 1 0.8313726 0.8313726 0.8313726 1 0.6313726 0.6313726 0.6313726 1 0.8078432 0.8078432 0.8078432 1 0.7686275 0.7686275 0.7686275 1 0.8313726 0.8313726 0.8313726 1 0.6941177 0.6941177 0.6941177 1 0.7686275 0.7686275 0.7686275 1 0.6313726 0.6313726 0.6313726 1 0.7686275 0.7686275 0.7686275 1 0.6941177 0.6941177 0.6941177 1 0.4627451 0.4627451 0.4627451 1 0.4627451 0.4627451 0.4627451 1 0.6313726 0.6313726 0.6313726 1 0.4627451 0.4627451 0.4627451 1 0.6313726 0.6313726 0.6313726 1 0.4862745 0.4862745 0.4862745 1 0.6941177 0.6941177 0.6941177 1 0.4862745 0.4862745 0.4862745 1 0.6313726 0.6313726 0.6313726 1 0.7019608 0.7019608 0.7019608 1 0.6313726 0.6313726 0.6313726 1 0.4627451 0.4627451 0.4627451 1 0.6313726 0.6313726 0.6313726 1 0.7019608 0.7019608 0.7019608 1 0.8078432 0.8078432 0.8078432 1 0.8196079 0.8196079 0.8196079 1 0.7019608 0.7019608 0.7019608 1 0.5686275 0.5686275 0.5686275 1 0.7019608 0.7019608 0.7019608 1 0.8196079 0.8196079 0.8196079 1 0.8862745 0.8862745 0.8862745 1 0.4627451 0.4627451 0.4627451 1 0.5686275 0.5686275 0.5686275 1 0.7019608 0.7019608 0.7019608 1 0.8862745 0.8862745 0.8862745 1 0.8078432 0.8078432 0.8078432 1 0.7019608 0.7019608 0.7019608 1 0.5686275 0.5686275 0.5686275 1 0.4627451 0.4627451 0.4627451 1 0.4196078 0.4196078 0.4196078 1 0.4196078 0.4196078 0.4196078 1 0.7490196 0.7490196 0.7490196 1 0.5686275 0.5686275 0.5686275 1 0.8196079 0.8196079 0.8196079 1 0.5686275 0.5686275 0.5686275 1 0.7490196 0.7490196 0.7490196 1 0.8235294 0.8235294 0.8235294 1 0.8862745 0.8862745 0.8862745 1 0.8941177 0.8941177 0.8941177 1 0.8078432 0.8078432 0.8078432 1 0.8862745 0.8862745 0.8862745 1 0.8235294 0.8235294 0.8235294 1 0.9098039 0.9098039 0.9098039 1 0.8941177 0.8941177 0.8941177 1 0.8862745 0.8862745 0.8862745 1 0.9098039 0.9098039 0.9098039 1 0.8862745 0.8862745 0.8862745 1 0.8196079 0.8196079 0.8196079 1 0.7019608 0.7019608 0.7019608 1 0.5254902 0.5254902 0.5254902 1 0.5254902 0.5254902 0.5254902 1 0.8941177 0.8941177 0.8941177 1 0.9098039 0.9098039 0.9098039 1 0.9254902 0.9254902 0.9254902 1 0.8392157 0.8392157 0.8392157 1 0.9176471 0.9176471 0.9176471 1 0.8313726 0.8313726 0.8313726 1 0.9176471 0.9176471 0.9176471 1 0.8313726 0.8313726 0.8313726 1 0.9176471 0.9176471 0.9176471 1 0.9176471 0.9176471 0.9176471 1 0.972549 0.972549 0.972549 1 0.9176471 0.9176471 0.9176471 1 0.7019608 0.7019608 0.7019608 1 0.8392157 0.8392157 0.8392157 1 0.7490196 0.7490196 0.7490196 1 0.7490196 0.7490196 0.7490196 1 0.6196079 0.6196079 0.6196079 1 0.7019608 0.7019608 0.7019608 1 0.7490196 0.7490196 0.7490196 1 0.4196078 0.4196078 0.4196078 1 0.6196079 0.6196079 0.6196079 1 0.7529412 0.7529412 0.7529412 1 0.6196079 0.6196079 0.6196079 1 0.4196078 0.4196078 0.4196078 1 0.7529412 0.7529412 0.7529412 1 0.7019608 0.7019608 0.7019608 1 0.6196079 0.6196079 0.6196079 1 0.9019608 0.9019608 0.9019608 1 0.7529412 0.7529412 0.7529412 1 0.8196079 0.8196079 0.8196079 1 0.9019608 0.9019608 0.9019608 1 0.8392157 0.8392157 0.8392157 1 0.7529412 0.7529412 0.7529412 1 0.5686275 0.5686275 0.5686275 1 0.8196079 0.8196079 0.8196079 1 0.7529412 0.7529412 0.7529412 1 0.7529412 0.7529412 0.7529412 1 0.4196078 0.4196078 0.4196078 1 0.5686275 0.5686275 0.5686275 1 0.7019608 0.7019608 0.7019608 1 0.7529412 0.7529412 0.7529412 1 0.8392157 0.8392157 0.8392157 1 0.7215687 0.7215687 0.7215687 1 0.8392157 0.8392157 0.8392157 1 0.8117647 0.8117647 0.8117647 1 0.8392157 0.8392157 0.8392157 1 0.7215687 0.7215687 0.7215687 1 0.7019608 0.7019608 0.7019608 1 0.8392157 0.8392157 0.8392157 1 0.9019608 0.9019608 0.9019608 1 0.9294118 0.9294118 0.9294118 1 0.9294118 0.9294118 0.9294118 1 0.8117647 0.8117647 0.8117647 1 0.8392157 0.8392157 0.8392157 1 0.7215687 0.7215687 0.7215687 1 0.8117647 0.8117647 0.8117647 1 0.7686275 0.7686275 0.7686275 1 0.8862745 0.8862745 0.8862745 1 0.7686275 0.7686275 0.7686275 1 0.8117647 0.8117647 0.8117647 1 0.8117647 0.8117647 0.8117647 1 0.9647059 0.9647059 0.9647059 1 0.8862745 0.8862745 0.8862745 1 0.8117647 0.8117647 0.8117647 1 0.9294118 0.9294118 0.9294118 1 0.9647059 0.9647059 0.9647059 1 0.7686275 0.7686275 0.7686275 1 0.8117647 0.8117647 0.8117647 1 0.7215687 0.7215687 0.7215687 1 0.7686275 0.7686275 0.7686275 1 0.8862745 0.8862745 0.8862745 1 0.8117647 0.8117647 0.8117647 1 0.9490196 0.9490196 0.9490196 1 0.9647059 0.9647059 0.9647059 1 0.9294118 0.9294118 0.9294118 1 0.9490196 0.9490196 0.9490196 1 0.9294118 0.9294118 0.9294118 1 0.9019608 0.9019608 0.9019608 1 0.8392157 0.8392157 0.8392157 1 0.7215687 0.7215687 0.7215687 1 0.8117647 0.8117647 0.8117647 1 0.8392157 0.8392157 0.8392157 1 0.7019608 0.7019608 0.7019608 1 0.7215687 0.7215687 0.7215687 1 0.9647059 0.9647059 0.9647059 1 0.9490196 0.9490196 0.9490196 1 1 1 1 1 0.9764706 0.9764706 0.9764706 1 1 1 1 1 0.9490196 0.9490196 0.9490196 1 0.9647059 0.9647059 0.9647059 1 0.9176471 0.9176471 0.9176471 1 0.972549 0.972549 0.972549 1 0.9686275 0.9686275 0.9686275 1 0.9176471 0.9176471 0.9176471 1 0.9647059 0.9647059 0.9647059 1 0.9647059 0.9647059 0.9647059 1 0.9843137 0.9843137 0.9843137 1 0.9686275 0.9686275 0.9686275 1 0.9764706 0.9764706 0.9764706 1 0.9490196 0.9490196 0.9490196 1 0.972549 0.972549 0.972549 1 0.7176471 0.7176471 0.7176471 1 0.7137255 0.7137255 0.7137255 1 0.827451 0.827451 0.827451 1 0.6156863 0.6156863 0.6156863 1 0.5647059 0.5647059 0.5647059 1 0.7137255 0.7137255 0.7137255 1 0.7137255 0.7137255 0.7137255 1 0.7176471 0.7176471 0.7176471 1 0.6156863 0.6156863 0.6156863 1 0.6431373 0.6431373 0.6431373 1 0.6156863 0.6156863 0.6156863 1 0.7176471 0.7176471 0.7176471 1 0.6431373 0.6431373 0.6431373 1 0.5764706 0.5764706 0.5764706 1 0.6156863 0.6156863 0.6156863 1 0.5686275 0.5686275 0.5686275 1 0.6156863 0.6156863 0.6156863 1 0.5764706 0.5764706 0.5764706 1 0.6156863 0.6156863 0.6156863 1 0.5686275 0.5686275 0.5686275 1 0.5647059 0.5647059 0.5647059 1 0.5686275 0.5686275 0.5686275 1 0.5254902 0.5254902 0.5254902 1 0.5254902 0.5254902 0.5254902 1 0.5686275 0.5686275 0.5686275 1 0.5372549 0.5372549 0.5372549 1 0.5254902 0.5254902 0.5254902 1 0.5764706 0.5764706 0.5764706 1 0.5529412 0.5529412 0.5529412 1 0.5686275 0.5686275 0.5686275 1 0.5372549 0.5372549 0.5372549 1 0.5686275 0.5686275 0.5686275 1 0.5529412 0.5529412 0.5529412 1 0.5254902 0.5254902 0.5254902 1 0.5647059 0.5647059 0.5647059 1 0.5686275 0.5686275 0.5686275 1 0.5529412 0.5529412 0.5529412 1 0.682353 0.682353 0.682353 1 0.5372549 0.5372549 0.5372549 1 0.6588236 0.6588236 0.6588236 1 0.5372549 0.5372549 0.5372549 1 0.682353 0.682353 0.682353 1 0.6588236 0.6588236 0.6588236 1 0.5254902 0.5254902 0.5254902 1 0.5372549 0.5372549 0.5372549 1 0.682353 0.682353 0.682353 1 0.7921569 0.7921569 0.7921569 1 0.6588236 0.6588236 0.6588236 1 0.5254902 0.5254902 0.5254902 1 0.6588236 0.6588236 0.6588236 1 0.5803922 0.5803922 0.5803922 1 0.7882353 0.7882353 0.7882353 1 0.5803922 0.5803922 0.5803922 1 0.6588236 0.6588236 0.6588236 1 0.7882353 0.7882353 0.7882353 1 0.6588236 0.6588236 0.6588236 1 0.7921569 0.7921569 0.7921569 1 0.7921569 0.7921569 0.7921569 1 0.8431373 0.8431373 0.8431373 1 0.7882353 0.7882353 0.7882353 1 0.854902 0.854902 0.854902 1 0.7882353 0.7882353 0.7882353 1 0.8431373 0.8431373 0.8431373 1 0.7450981 0.7450981 0.7450981 1 0.5803922 0.5803922 0.5803922 1 0.7882353 0.7882353 0.7882353 1 0.7882353 0.7882353 0.7882353 1 0.854902 0.854902 0.854902 1 0.7450981 0.7450981 0.7450981 1 0.5254902 0.5254902 0.5254902 1 0.7450981 0.7450981 0.7450981 1 0.6784314 0.6784314 0.6784314 1 0.7450981 0.7450981 0.7450981 1 0.5254902 0.5254902 0.5254902 1 0.5803922 0.5803922 0.5803922 1 0.8431373 0.8431373 0.8431373 1 0.7450981 0.7450981 0.7450981 1 0.854902 0.854902 0.854902 1 0.8 0.8 0.8 1 0.6784314 0.6784314 0.6784314 1 0.7450981 0.7450981 0.7450981 1 0.7450981 0.7450981 0.7450981 1 0.8431373 0.8431373 0.8431373 1 0.8 0.8 0.8 1 0.7921569 0.7921569 0.7921569 1 0.682353 0.682353 0.682353 1 0.654902 0.654902 0.654902 1 0.654902 0.654902 0.654902 1 0.7882353 0.7882353 0.7882353 1 0.7921569 0.7921569 0.7921569 1 0.8431373 0.8431373 0.8431373 1 0.7921569 0.7921569 0.7921569 1 0.7882353 0.7882353 0.7882353 1 0.5254902 0.5254902 0.5254902 1 0.5803922 0.5803922 0.5803922 1 0.5254902 0.5254902 0.5254902 1 0.5803922 0.5803922 0.5803922 1 0.5254902 0.5254902 0.5254902 1 0.5254902 0.5254902 0.5254902 1 0.5372549 0.5372549 0.5372549 1 0.654902 0.654902 0.654902 1 0.682353 0.682353 0.682353 1 0.682353 0.682353 0.682353 1 0.5529412 0.5529412 0.5529412 1 0.5372549 0.5372549 0.5372549 1 0.5254902 0.5254902 0.5254902 1 0.5254902 0.5254902 0.5254902 1 0.5254902 0.5254902 0.5254902 1 0.8862745 0.8862745 0.8862745 1 0.854902 0.854902 0.854902 1 0.8 0.8 0.8 1 0.8862745 0.8862745 0.8862745 1 0.8 0.8 0.8 1 0.8431373 0.8431373 0.8431373 1 0.6627451 0.6627451 0.6627451 1 0.7450981 0.7450981 0.7450981 1 0.7058824 0.7058824 0.7058824 1 0.7058824 0.7058824 0.7058824 1 0.6784314 0.6784314 0.6784314 1 0.6627451 0.6627451 0.6627451 1 0.6745098 0.6745098 0.6745098 1 0.6627451 0.6627451 0.6627451 1 0.6784314 0.6784314 0.6784314 1 0.5019608 0.5019608 0.5019608 1 0.5019608 0.5019608 0.5019608 1 0.5921569 0.5921569 0.5921569 1 0.5372549 0.5372549 0.5372549 1 0.5921569 0.5921569 0.5921569 1 0.5019608 0.5019608 0.5019608 1 0.5921569 0.5921569 0.5921569 1 0.5372549 0.5372549 0.5372549 1 0.5019608 0.5019608 0.5019608 1 0.5019608 0.5019608 0.5019608 1 0.5019608 0.5019608 0.5019608 1 0.5372549 0.5372549 0.5372549 1 0.5921569 0.5921569 0.5921569 1 0.5372549 0.5372549 0.5372549 1 0.5019608 0.5019608 0.5019608 1 0.5921569 0.5921569 0.5921569 1 0.5019608 0.5019608 0.5019608 1 0.5372549 0.5372549 0.5372549 1 0.5019608 0.5019608 0.5019608 1 0.5764706 0.5764706 0.5764706 1 0.5019608 0.5019608 0.5019608 1 0.5019608 0.5019608 0.5019608 1 0.5019608 0.5019608 0.5019608 1 0.5764706 0.5764706 0.5764706 1 0.5764706 0.5764706 0.5764706 1 0.5019608 0.5019608 0.5019608 1 0.5764706 0.5764706 0.5764706 1 0.5764706 0.5764706 0.5764706 1 0.6156863 0.6156863 0.6156863 1 0.5019608 0.5019608 0.5019608 1 0.682353 0.682353 0.682353 1 0.5019608 0.5019608 0.5019608 1 0.6156863 0.6156863 0.6156863 1 0.5019608 0.5019608 0.5019608 1 0.682353 0.682353 0.682353 1 0.682353 0.682353 0.682353 1 0.682353 0.682353 0.682353 1 0.5019608 0.5019608 0.5019608 1 0.5019608 0.5019608 0.5019608 1 0.7921569 0.7921569 0.7921569 1 0.8117647 0.8117647 0.8117647 1 0.7686275 0.7686275 0.7686275 1 0.7372549 0.7372549 0.7372549 1 0.7686275 0.7686275 0.7686275 1 0.8117647 0.8117647 0.8117647 1 0.7764706 0.7764706 0.7764706 1 0.7686275 0.7686275 0.7686275 1 0.7372549 0.7372549 0.7372549 1 0.6901961 0.6901961 0.6901961 1 0.7764706 0.7764706 0.7764706 1 0.7372549 0.7372549 0.7372549 1 0.7372549 0.7372549 0.7372549 1 0.7372549 0.7372549 0.7372549 1 0.7764706 0.7764706 0.7764706 1 0.7372549 0.7372549 0.7372549 1 0.7137255 0.7137255 0.7137255 1 0.6901961 0.6901961 0.6901961 1 0.7372549 0.7372549 0.7372549 1 0.7137255 0.7137255 0.7137255 1 0.7372549 0.7372549 0.7372549 1 0.6705883 0.6705883 0.6705883 1 0.7215687 0.7215687 0.7215687 1 0.7137255 0.7137255 0.7137255 1 0.7137255 0.7137255 0.7137255 1 0.6862745 0.6862745 0.6862745 1 0.6705883 0.6705883 0.6705883 1 0.7176471 0.7176471 0.7176471 1 0.7647059 0.7647059 0.7647059 1 0.7764706 0.7764706 0.7764706 1 0.7372549 0.7372549 0.7372549 1 0.7137255 0.7137255 0.7137255 1 0.7215687 0.7215687 0.7215687 1 0.7137255 0.7137255 0.7137255 1 0.7372549 0.7372549 0.7372549 1 0.7254902 0.7254902 0.7254902 1 0.7411765 0.7411765 0.7411765 1 0.7254902 0.7254902 0.7254902 1 0.7372549 0.7372549 0.7372549 1 0.7411765 0.7411765 0.7411765 1 0.7254902 0.7254902 0.7254902 1 0.7254902 0.7254902 0.7254902 1 0.7411765 0.7411765 0.7411765 1 0.6941177 0.6941177 0.6941177 1 0.6941177 0.6941177 0.6941177 1 0.7686275 0.7686275 0.7686275 1 0.7490196 0.7490196 0.7490196 1 0.8196079 0.8196079 0.8196079 1 0.9098039 0.9098039 0.9098039 1 0.9058824 0.9058824 0.9058824 1 0.8627451 0.8627451 0.8627451 1 0.8627451 0.8627451 0.8627451 1 0.8666667 0.8666667 0.8666667 1 0.9098039 0.9098039 0.9098039 1 0.7882353 0.7882353 0.7882353 1 0.854902 0.854902 0.854902 1 0.8431373 0.8431373 0.8431373 1 0.8431373 0.8431373 0.8431373 1 0.9098039 0.9098039 0.9098039 1 0.854902 0.854902 0.854902 1 0.9098039 0.9098039 0.9098039 1 0.8862745 0.8862745 0.8862745 1 0.8980392 0.8980392 0.8980392 1 0.9098039 0.9098039 0.9098039 1 0.8431373 0.8431373 0.8431373 1 0.8862745 0.8862745 0.8862745 1 0.8431373 0.8431373 0.8431373 1 0.8980392 0.8980392 0.8980392 1 0.8196079 0.8196079 0.8196079 1 0.8784314 0.8784314 0.8784314 1 0.8980392 0.8980392 0.8980392 1 0.8862745 0.8862745 0.8862745 1 0.8784314 0.8784314 0.8784314 1 0.8196079 0.8196079 0.8196079 1 0.8980392 0.8980392 0.8980392 1 0.8196079 0.8196079 0.8196079 1 0.7686275 0.7686275 0.7686275 1 0.8431373 0.8431373 0.8431373 1 0.8 0.8 0.8 1 0.8431373 0.8431373 0.8431373 1 0.7686275 0.7686275 0.7686275 1 0.8 0.8 0.8 1 0.7647059 0.7647059 0.7647059 1 0.8196079 0.8196079 0.8196079 1 0.8 0.8 0.8 1 0.7568628 0.7568628 0.7568628 1 0.7647059 0.7647059 0.7647059 1 0.7686275 0.7686275 0.7686275 1 0.7568628 0.7568628 0.7568628 1 0.8 0.8 0.8 1 0.7686275 0.7686275 0.7686275 1 0.7372549 0.7372549 0.7372549 1 0.7568628 0.7568628 0.7568628 1 0.682353 0.682353 0.682353 1 0.7568628 0.7568628 0.7568628 1 0.7372549 0.7372549 0.7372549 1 0.5019608 0.5019608 0.5019608 1 0.5019608 0.5019608 0.5019608 1 0.5764706 0.5764706 0.5764706 1 0.5764706 0.5764706 0.5764706 1 0.5764706 0.5764706 0.5764706 1 0.5019608 0.5019608 0.5019608 1 0.5764706 0.5764706 0.5764706 1 0.5764706 0.5764706 0.5764706 1 0.5764706 0.5764706 0.5764706 1 0.6509804 0.6509804 0.6509804 1 0.7215687 0.7215687 0.7215687 1 0.6901961 0.6901961 0.6901961 1 0.6039216 0.6039216 0.6039216 1 0.5764706 0.5764706 0.5764706 1 0.6509804 0.6509804 0.6509804 1 0.6901961 0.6901961 0.6901961 1 0.6039216 0.6039216 0.6039216 1 0.6509804 0.6509804 0.6509804 1 0.5764706 0.5764706 0.5764706 1 0.6039216 0.6039216 0.6039216 1 0.5764706 0.5764706 0.5764706 1 0.5764706 0.5764706 0.5764706 1 0.5764706 0.5764706 0.5764706 1 0.5764706 0.5764706 0.5764706 1 0.682353 0.682353 0.682353 1 0.7372549 0.7372549 0.7372549 1 0.7490196 0.7490196 0.7490196 1 0.7372549 0.7372549 0.7372549 1 0.6901961 0.6901961 0.6901961 1 0.7215687 0.7215687 0.7215687 1 0.7372549 0.7372549 0.7372549 1 0.7411765 0.7411765 0.7411765 1 0.7411765 0.7411765 0.7411765 1 0.7411765 0.7411765 0.7411765 1 0.7411765 0.7411765 0.7411765 1 0.7372549 0.7372549 0.7372549 1 0.6901961 0.6901961 0.6901961 1 0.7372549 0.7372549 0.7372549 1 0.7411765 0.7411765 0.7411765 1 0.7411765 0.7411765 0.7411765 1 0.6941177 0.6941177 0.6941177 1 0.6901961 0.6901961 0.6901961 1 0.7411765 0.7411765 0.7411765 1 0.7176471 0.7176471 0.7176471 1 0.6941177 0.6941177 0.6941177 1 0.7411765 0.7411765 0.7411765 1 0.7411765 0.7411765 0.7411765 1 0.7215687 0.7215687 0.7215687 1 0.7215687 0.7215687 0.7215687 1 0.7254902 0.7254902 0.7254902 1 0.7411765 0.7411765 0.7411765 1 0.7176471 0.7176471 0.7176471 1 0.7411765 0.7411765 0.7411765 1 0.7254902 0.7254902 0.7254902 1 0.7254902 0.7254902 0.7254902 1 0.7372549 0.7372549 0.7372549 1 0.7176471 0.7176471 0.7176471 1 0.7372549 0.7372549 0.7372549 1 0.7254902 0.7254902 0.7254902 1 0.7137255 0.7137255 0.7137255 1 0.7215687 0.7215687 0.7215687 1 0.7137255 0.7137255 0.7137255 1 0.7254902 0.7254902 0.7254902 1 0.7333334 0.7333334 0.7333334 1 0.7215687 0.7215687 0.7215687 1 0.7137255 0.7137255 0.7137255 1 0.7137255 0.7137255 0.7137255 1 0.7176471 0.7176471 0.7176471 1 0.7333334 0.7333334 0.7333334 1 0.7137255 0.7137255 0.7137255 1 0.7254902 0.7254902 0.7254902 1 0.7372549 0.7372549 0.7372549 1 0.7254902 0.7254902 0.7254902 1 0.7137255 0.7137255 0.7137255 1 0.7215687 0.7215687 0.7215687 1 0.7215687 0.7215687 0.7215687 1 0.7176471 0.7176471 0.7176471 1 0.7137255 0.7137255 0.7137255 1 0.7176471 0.7176471 0.7176471 1 0.7176471 0.7176471 0.7176471 1 0.7372549 0.7372549 0.7372549 1 0.7372549 0.7372549 0.7372549 1 0.7607843 0.7607843 0.7607843 1 0.7176471 0.7176471 0.7176471 1 0.7607843 0.7607843 0.7607843 1 0.7372549 0.7372549 0.7372549 1 0.7254902 0.7254902 0.7254902 1 0.7176471 0.7176471 0.7176471 1 0.7176471 0.7176471 0.7176471 1 0.7254902 0.7254902 0.7254902 1 0.7803922 0.7803922 0.7803922 1 0.7254902 0.7254902 0.7254902 1 0.7176471 0.7176471 0.7176471 1 0.7176471 0.7176471 0.7176471 1 0.7607843 0.7607843 0.7607843 1 0.7803922 0.7803922 0.7803922 1 0.7176471 0.7176471 0.7176471 1 0.7215687 0.7215687 0.7215687 1 0.7411765 0.7411765 0.7411765 1 0.7137255 0.7137255 0.7137255 1 0.7411765 0.7411765 0.7411765 1 0.7411765 0.7411765 0.7411765 1 0.7411765 0.7411765 0.7411765 1 0.7137255 0.7137255 0.7137255 1 0.7176471 0.7176471 0.7176471 1 0.7411765 0.7411765 0.7411765 1 0.7137255 0.7137255 0.7137255 1 0.7137255 0.7137255 0.7137255 1 0.7529412 0.7529412 0.7529412 1 0.7490196 0.7490196 0.7490196 1 0.7176471 0.7176471 0.7176471 1 0.6196079 0.6196079 0.6196079 1 0.7176471 0.7176471 0.7176471 1 0.7490196 0.7490196 0.7490196 1 0.7176471 0.7176471 0.7176471 1 0.6196079 0.6196079 0.6196079 1 0.7137255 0.7137255 0.7137255 1 0.8 0.8 0.8 1 0.8862745 0.8862745 0.8862745 1 0.8431373 0.8431373 0.8431373 1 0.5254902 0.5254902 0.5254902 1 0.5254902 0.5254902 0.5254902 1 0.5254902 0.5254902 0.5254902 1 0.5254902 0.5254902 0.5254902 1 0.5254902 0.5254902 0.5254902 1 0.5254902 0.5254902 0.5254902 1 0.5254902 0.5254902 0.5254902 1 0.5254902 0.5254902 0.5254902 1 0.5254902 0.5254902 0.5254902 1 0.5647059 0.5647059 0.5647059 1 0.5254902 0.5254902 0.5254902 1 0.5254902 0.5254902 0.5254902 1 0.5254902 0.5254902 0.5254902 1 0.5254902 0.5254902 0.5254902 1 0.5254902 0.5254902 0.5254902 1 0.5254902 0.5254902 0.5254902 1 0.5254902 0.5254902 0.5254902 1 0.5254902 0.5254902 0.5254902 1 0.5254902 0.5254902 0.5254902 1 0.5647059 0.5647059 0.5647059 1 0.6862745 0.6862745 0.6862745 1 0.8196079 0.8196079 0.8196079 1 0.9098039 0.9098039 0.9098039 1 0.9019608 0.9019608 0.9019608 1 0.8196079 0.8196079 0.8196079 1 0.5686275 0.5686275 0.5686275 1 0.7019608 0.7019608 0.7019608 1 0.7529412 0.7529412 0.7529412 1 0.8235294 0.8235294 0.8235294 1 0.7686275 0.7686275 0.7686275 1 0.8078432 0.8078432 0.8078432 1 0.7686275 0.7686275 0.7686275 1 0.8235294 0.8235294 0.8235294 1 0.7764706 0.7764706 0.7764706 1 0.8352941 0.8352941 0.8352941 1 0.8078432 0.8078432 0.8078432 1 0.7764706 0.7764706 0.7764706 1 0.6901961 0.6901961 0.6901961 1 0.8352941 0.8352941 0.8352941 1 0.4862745 0.4862745 0.4862745 1 0.6745098 0.6745098 0.6745098 1 0.6901961 0.6901961 0.6901961 1 0.6745098 0.6745098 0.6745098 1 0.4862745 0.4862745 0.4862745 1 0.5019608 0.5019608 0.5019608 1 0.6745098 0.6745098 0.6745098 1 0.6784314 0.6784314 0.6784314 1 0.6705883 0.6705883 0.6705883 1 0.6705883 0.6705883 0.6705883 1 0.6745098 0.6745098 0.6745098 1 0.6745098 0.6745098 0.6745098 1 0.7019608 0.7019608 0.7019608 1 0.6705883 0.6705883 0.6705883 1 0.6784314 0.6784314 0.6784314 1 0.6941177 0.6941177 0.6941177 1 0.7333334 0.7333334 0.7333334 1 0.7019608 0.7019608 0.7019608 1 0.7450981 0.7450981 0.7450981 1 0.7294118 0.7294118 0.7294118 1 0.7019608 0.7019608 0.7019608 1 0.6705883 0.6705883 0.6705883 1 0.7019608 0.7019608 0.7019608 1 0.7294118 0.7294118 0.7294118 1 0.7450981 0.7450981 0.7450981 1 0.7019608 0.7019608 0.7019608 1 0.7333334 0.7333334 0.7333334 1 0.7333334 0.7333334 0.7333334 1 0.6941177 0.6941177 0.6941177 1 0.6941177 0.6941177 0.6941177 1 0.7333334 0.7333334 0.7333334 1 0.6941177 0.6941177 0.6941177 1 0.7490196 0.7490196 0.7490196 1 0.7490196 0.7490196 0.7490196 1 0.7450981 0.7450981 0.7450981 1 0.7333334 0.7333334 0.7333334 1 0.7450981 0.7450981 0.7450981 1 0.7490196 0.7490196 0.7490196 1 0.7294118 0.7294118 0.7294118 1 0.7450981 0.7450981 0.7450981 1 0.7490196 0.7490196 0.7490196 1 0.7490196 0.7490196 0.7490196 1 0.7490196 0.7490196 0.7490196 1 0.7686275 0.7686275 0.7686275 1 0.7490196 0.7490196 0.7490196 1 0.7686275 0.7686275 0.7686275 1 0.7490196 0.7490196 0.7490196 1 0.7490196 0.7490196 0.7490196 1 0.7490196 0.7490196 0.7490196 1 0.7294118 0.7294118 0.7294118 1 0.7490196 0.7490196 0.7490196 1 0.7686275 0.7686275 0.7686275 1 0.7490196 0.7490196 0.7490196 1 0.7686275 0.7686275 0.7686275 1 0.7294118 0.7294118 0.7294118 1 0.7490196 0.7490196 0.7490196 1 0.6941177 0.6941177 0.6941177 1 0.7686275 0.7686275 0.7686275 1 0.6941177 0.6941177 0.6941177 1 0.7490196 0.7490196 0.7490196 1 0.7686275 0.7686275 0.7686275 1 0.8 0.8 0.8 1 0.7686275 0.7686275 0.7686275 1 0.7686275 0.7686275 0.7686275 1 0.7254902 0.7254902 0.7254902 1 0.6941177 0.6941177 0.6941177 1 0.7686275 0.7686275 0.7686275 1 0.7764706 0.7764706 0.7764706 1 0.7254902 0.7254902 0.7254902 1 0.7764706 0.7764706 0.7764706 1 0.7686275 0.7686275 0.7686275 1 0.8 0.8 0.8 1 0.7764706 0.7764706 0.7764706 1 0.8 0.8 0.8 1 0.7411765 0.7411765 0.7411765 1 0.7764706 0.7764706 0.7764706 1 0.7411765 0.7411765 0.7411765 1 0.7568628 0.7568628 0.7568628 1 0.7568628 0.7568628 0.7568628 1 0.7254902 0.7254902 0.7254902 1 0.7764706 0.7764706 0.7764706 1 0.7960785 0.7960785 0.7960785 1 0.7411765 0.7411765 0.7411765 1 0.8 0.8 0.8 1 0.7215687 0.7215687 0.7215687 1 0.7568628 0.7568628 0.7568628 1 0.7411765 0.7411765 0.7411765 1 0.7960785 0.7960785 0.7960785 1 0.7960785 0.7960785 0.7960785 1 0.7882353 0.7882353 0.7882353 1 0.8 0.8 0.8 1 0.7882353 0.7882353 0.7882353 1 0.7960785 0.7960785 0.7960785 1 0.8 0.8 0.8 1 0.7686275 0.7686275 0.7686275 1 0.7882353 0.7882353 0.7882353 1 0.7686275 0.7686275 0.7686275 1 0.7882353 0.7882353 0.7882353 1 0.7686275 0.7686275 0.7686275 1 0.7686275 0.7686275 0.7686275 1 0.7490196 0.7490196 0.7490196 1 0.7686275 0.7686275 0.7686275 1 0.7294118 0.7294118 0.7294118 1 0.6470589 0.6470589 0.6470589 1 0.6705883 0.6705883 0.6705883 1 0.7294118 0.7294118 0.7294118 1 0.654902 0.654902 0.654902 1 0.6470589 0.6470589 0.6470589 1 0.7294118 0.7294118 0.7294118 1 0.6941177 0.6941177 0.6941177 1 0.654902 0.654902 0.654902 1 0.6039216 0.6039216 0.6039216 1 0.6901961 0.6901961 0.6901961 1 0.654902 0.654902 0.654902 1 0.7137255 0.7137255 0.7137255 1 0.7490196 0.7490196 0.7490196 1 0.6941177 0.6941177 0.6941177 1 0.7803922 0.7803922 0.7803922 1 0.8078432 0.8078432 0.8078432 1 0.7254902 0.7254902 0.7254902 1 0.7176471 0.7176471 0.7176471 1 0.8235294 0.8235294 0.8235294 1 0.8431373 0.8431373 0.8431373 1 0.7529412 0.7529412 0.7529412 1 0.7686275 0.7686275 0.7686275 1 0.7333334 0.7333334 0.7333334 1 0.5843138 0.5843138 0.5843138 1 0.7333334 0.7333334 0.7333334 1 0.7686275 0.7686275 0.7686275 1 0.7137255 0.7137255 0.7137255 1 0.7333334 0.7333334 0.7333334 1 0.7333334 0.7333334 0.7333334 1 0.7333334 0.7333334 0.7333334 1 0.5843138 0.5843138 0.5843138 1 0.7137255 0.7137255 0.7137255 1 0.7529412 0.7529412 0.7529412 1 0.7333334 0.7333334 0.7333334 1 0.7333334 0.7333334 0.7333334 1 0.7333334 0.7333334 0.7333334 1 0.7647059 0.7647059 0.7647059 1 0.7529412 0.7529412 0.7529412 1 0.7647059 0.7647059 0.7647059 1 0.7333334 0.7333334 0.7333334 1 0.7803922 0.7803922 0.7803922 1 0.7686275 0.7686275 0.7686275 1 0.7333334 0.7333334 0.7333334 1 0.7137255 0.7137255 0.7137255 1 0.7686275 0.7686275 0.7686275 1 0.7803922 0.7803922 0.7803922 1 0.7333334 0.7333334 0.7333334 1 0.7686275 0.7686275 0.7686275 1 0.827451 0.827451 0.827451 1 0.7803922 0.7803922 0.7803922 1 0.7137255 0.7137255 0.7137255 1 0.6470589 0.6470589 0.6470589 1 0.7686275 0.7686275 0.7686275 1 0.7686275 0.7686275 0.7686275 1 0.7372549 0.7372549 0.7372549 1 0.827451 0.827451 0.827451 1 0.7372549 0.7372549 0.7372549 1 0.7686275 0.7686275 0.7686275 1 0.6470589 0.6470589 0.6470589 1 0.6470589 0.6470589 0.6470589 1 0.7137255 0.7137255 0.7137255 1 0.5843138 0.5843138 0.5843138 1 0.5843138 0.5843138 0.5843138 1 0.5254902 0.5254902 0.5254902 1 0.6470589 0.6470589 0.6470589 1 0.6470589 0.6470589 0.6470589 1 0.5254902 0.5254902 0.5254902 1 0.6470589 0.6470589 0.6470589 1 0.6470589 0.6470589 0.6470589 1 0.7372549 0.7372549 0.7372549 1 0.6470589 0.6470589 0.6470589 1 0.5254902 0.5254902 0.5254902 1 0.5254902 0.5254902 0.5254902 1 0.5254902 0.5254902 0.5254902 1 0.5254902 0.5254902 0.5254902 1 0.6470589 0.6470589 0.6470589 1 0.5254902 0.5254902 0.5254902 1 0.5843138 0.5843138 0.5843138 1 0.5254902 0.5254902 0.5254902 1 0.5254902 0.5254902 0.5254902 1 0.5254902 0.5254902 0.5254902 1 0.5647059 0.5647059 0.5647059 1 0.5254902 0.5254902 0.5254902 1 0.5647059 0.5647059 0.5647059 1 0.5254902 0.5254902 0.5254902 1 0.5254902 0.5254902 0.5254902 1 0.5843138 0.5843138 0.5843138 1 0.5254902 0.5254902 0.5254902 1 0.5254902 0.5254902 0.5254902 1 0.5254902 0.5254902 0.5254902 1 0.5254902 0.5254902 0.5254902 1 0.5254902 0.5254902 0.5254902 1 0.5254902 0.5254902 0.5254902 1 0.5254902 0.5254902 0.5254902 1 0.5254902 0.5254902 0.5254902 1 0.5254902 0.5254902 0.5254902 1 0.5254902 0.5254902 0.5254902 1 0.5254902 0.5254902 0.5254902 1 0.5647059 0.5647059 0.5647059 1 0.5254902 0.5254902 0.5254902 1 0.5254902 0.5254902 0.5254902 1 0.5254902 0.5254902 0.5254902 1 0.5254902 0.5254902 0.5254902 1 0.5254902 0.5254902 0.5254902 1 0.5254902 0.5254902 0.5254902 1 0.6705883 0.6705883 0.6705883 1 0.5647059 0.5647059 0.5647059 1 0.5254902 0.5254902 0.5254902 1 0.5921569 0.5921569 0.5921569 1 0.5254902 0.5254902 0.5254902 1 0.7137255 0.7137255 0.7137255 1 0.5254902 0.5254902 0.5254902 1 0.5921569 0.5921569 0.5921569 1 0.5254902 0.5254902 0.5254902 1 0.7137255 0.7137255 0.7137255 1 0.6705883 0.6705883 0.6705883 1 0.7058824 0.7058824 0.7058824 1 0.5647059 0.5647059 0.5647059 1 0.6705883 0.6705883 0.6705883 1 0.7803922 0.7803922 0.7803922 1 0.6705883 0.6705883 0.6705883 1 0.7137255 0.7137255 0.7137255 1 0.6705883 0.6705883 0.6705883 1 0.7568628 0.7568628 0.7568628 1 0.7058824 0.7058824 0.7058824 1 0.7568628 0.7568628 0.7568628 1 0.6705883 0.6705883 0.6705883 1 0.7803922 0.7803922 0.7803922 1 0.7803922 0.7803922 0.7803922 1 0.7137255 0.7137255 0.7137255 1 0.7568628 0.7568628 0.7568628 1 0.7882353 0.7882353 0.7882353 1 0.8 0.8 0.8 1 0.7803922 0.7803922 0.7803922 1 0.7568628 0.7568628 0.7568628 1 0.7803922 0.7803922 0.7803922 1 0.8 0.8 0.8 1 0.7568628 0.7568628 0.7568628 1 0.7686275 0.7686275 0.7686275 1 0.7803922 0.7803922 0.7803922 1 0.7882353 0.7882353 0.7882353 1 0.7803922 0.7803922 0.7803922 1 0.7686275 0.7686275 0.7686275 1 0.7882353 0.7882353 0.7882353 1 0.7686275 0.7686275 0.7686275 1 0.7882353 0.7882353 0.7882353 1 0.7882353 0.7882353 0.7882353 1 0.827451 0.827451 0.827451 1 0.7882353 0.7882353 0.7882353 1 0.8 0.8 0.8 1 0.7882353 0.7882353 0.7882353 1 0.827451 0.827451 0.827451 1 0.827451 0.827451 0.827451 1 0.8431373 0.8431373 0.8431373 1 0.827451 0.827451 0.827451 1 0.827451 0.827451 0.827451 1 0.7882353 0.7882353 0.7882353 1 0.827451 0.827451 0.827451 1 0.827451 0.827451 0.827451 1 0.8392157 0.8392157 0.8392157 1 0.8 0.8 0.8 1 0.8392157 0.8392157 0.8392157 1 0.827451 0.827451 0.827451 1 0.8431373 0.8431373 0.8431373 1 0.8352941 0.8352941 0.8352941 1 0.827451 0.827451 0.827451 1 0.8431373 0.8431373 0.8431373 1 0.8431373 0.8431373 0.8431373 1 0.8392157 0.8392157 0.8392157 1 0.8352941 0.8352941 0.8352941 1 0.8392157 0.8392157 0.8392157 1 0.8431373 0.8431373 0.8431373 1 0.827451 0.827451 0.827451 1 0.8392157 0.8392157 0.8392157 1 0.8431373 0.8431373 0.8431373 1 0.8235294 0.8235294 0.8235294 1 0.827451 0.827451 0.827451 1 0.8235294 0.8235294 0.8235294 1 0.8431373 0.8431373 0.8431373 1 0.8235294 0.8235294 0.8235294 1 0.7803922 0.7803922 0.7803922 1 0.8392157 0.8392157 0.8392157 1 0.7803922 0.7803922 0.7803922 1 0.8235294 0.8235294 0.8235294 1 0.7882353 0.7882353 0.7882353 1 0.8235294 0.8235294 0.8235294 1 0.827451 0.827451 0.827451 1 0.8078432 0.8078432 0.8078432 1 0.8078432 0.8078432 0.8078432 1 0.7882353 0.7882353 0.7882353 1 0.8235294 0.8235294 0.8235294 1 0.7882353 0.7882353 0.7882353 1 0.7803922 0.7803922 0.7803922 1 0.6313726 0.6313726 0.6313726 1 0.7882353 0.7882353 0.7882353 1 0.8078432 0.8078432 0.8078432 1 0.7803922 0.7803922 0.7803922 1 0.7882353 0.7882353 0.7882353 1 0.6313726 0.6313726 0.6313726 1 0.7803922 0.7803922 0.7803922 1 0.6313726 0.6313726 0.6313726 1 0.6156863 0.6156863 0.6156863 1 0.5254902 0.5254902 0.5254902 1 0.6313726 0.6313726 0.6313726 1 0.6862745 0.6862745 0.6862745 1 0.6156863 0.6156863 0.6156863 1 0.7803922 0.7803922 0.7803922 1 0.6313726 0.6313726 0.6313726 1 0.5647059 0.5647059 0.5647059 1 0.5254902 0.5254902 0.5254902 1 0.5647059 0.5647059 0.5647059 1 0.6313726 0.6313726 0.6313726 1 0.6862745 0.6862745 0.6862745 1 0.6313726 0.6313726 0.6313726 1 0.7803922 0.7803922 0.7803922 1 0.5254902 0.5254902 0.5254902 1 0.6156863 0.6156863 0.6156863 1 0.6862745 0.6862745 0.6862745 1 0.5254902 0.5254902 0.5254902 1 0.6862745 0.6862745 0.6862745 1 0.5254902 0.5254902 0.5254902 1 0.7803922 0.7803922 0.7803922 1 0.5254902 0.5254902 0.5254902 1 0.6862745 0.6862745 0.6862745 1 0.5254902 0.5254902 0.5254902 1 0.8078432 0.8078432 0.8078432 1 0.5254902 0.5254902 0.5254902 1 0.5254902 0.5254902 0.5254902 1 0.7803922 0.7803922 0.7803922 1 0.8078432 0.8078432 0.8078432 1 0.5254902 0.5254902 0.5254902 1 0.5254902 0.5254902 0.5254902 1 0.8078432 0.8078432 0.8078432 1 0.5254902 0.5254902 0.5254902 1 0.5254902 0.5254902 0.5254902 1 0.7960785 0.7960785 0.7960785 1 0.8078432 0.8078432 0.8078432 1 0.7960785 0.7960785 0.7960785 1 0.5254902 0.5254902 0.5254902 1 0.7960785 0.7960785 0.7960785 1 0.7882353 0.7882353 0.7882353 1 0.5254902 0.5254902 0.5254902 1 0.7960785 0.7960785 0.7960785 1 0.8078432 0.8078432 0.8078432 1 0.827451 0.827451 0.827451 1 0.7960785 0.7960785 0.7960785 1 0.827451 0.827451 0.827451 1 0.7882353 0.7882353 0.7882353 1 0.5254902 0.5254902 0.5254902 1 0.5254902 0.5254902 0.5254902 1 0.7882353 0.7882353 0.7882353 1 0.7686275 0.7686275 0.7686275 1 0.7568628 0.7568628 0.7568628 1 0.5254902 0.5254902 0.5254902 1 0.5254902 0.5254902 0.5254902 1 0.7882353 0.7882353 0.7882353 1 0.7686275 0.7686275 0.7686275 1 0.5254902 0.5254902 0.5254902 1 0.5254902 0.5254902 0.5254902 1 0.7568628 0.7568628 0.7568628 1 0.5254902 0.5254902 0.5254902 1 0.5254902 0.5254902 0.5254902 1 0.7019608 0.7019608 0.7019608 1 0.7568628 0.7568628 0.7568628 1 0.7019608 0.7019608 0.7019608 1 0.5254902 0.5254902 0.5254902 1 0.5254902 0.5254902 0.5254902 1 0.7019608 0.7019608 0.7019608 1 0.5254902 0.5254902 0.5254902 1 0.7019608 0.7019608 0.7019608 1 0.7568628 0.7568628 0.7568628 1 0.7137255 0.7137255 0.7137255 1 0.6313726 0.6313726 0.6313726 1 0.5254902 0.5254902 0.5254902 1 0.7019608 0.7019608 0.7019608 1 0.7019608 0.7019608 0.7019608 1 0.7137255 0.7137255 0.7137255 1 0.6313726 0.6313726 0.6313726 1 0.5254902 0.5254902 0.5254902 1 0.6313726 0.6313726 0.6313726 1 0.5254902 0.5254902 0.5254902 1 0.5764706 0.5764706 0.5764706 1 0.5254902 0.5254902 0.5254902 1 0.6313726 0.6313726 0.6313726 1 0.6313726 0.6313726 0.6313726 1 0.5254902 0.5254902 0.5254902 1 0.5764706 0.5764706 0.5764706 1 0.6313726 0.6313726 0.6313726 1 0.5921569 0.5921569 0.5921569 1 0.5254902 0.5254902 0.5254902 1 0.5921569 0.5921569 0.5921569 1 0.6313726 0.6313726 0.6313726 1 0.7137255 0.7137255 0.7137255 1 0.5568628 0.5568628 0.5568628 1 0.5764706 0.5764706 0.5764706 1 0.5254902 0.5254902 0.5254902 1 0.5254902 0.5254902 0.5254902 1 0.5254902 0.5254902 0.5254902 1 0.5568628 0.5568628 0.5568628 1 0.5254902 0.5254902 0.5254902 1 0.5254902 0.5254902 0.5254902 1 0.5254902 0.5254902 0.5254902 1 0.5254902 0.5254902 0.5254902 1 0.5254902 0.5254902 0.5254902 1 0.5921569 0.5921569 0.5921569 1 0.6 0.6 0.6 1 0.5568628 0.5568628 0.5568628 1 0.5254902 0.5254902 0.5254902 1 0.5254902 0.5254902 0.5254902 1 0.5254902 0.5254902 0.5254902 1 0.6 0.6 0.6 1 0.5254902 0.5254902 0.5254902 1 0.5254902 0.5254902 0.5254902 1 0.5254902 0.5254902 0.5254902 1 0.5254902 0.5254902 0.5254902 1 0.5254902 0.5254902 0.5254902 1 0.5254902 0.5254902 0.5254902 1 0.5254902 0.5254902 0.5254902 1 0.5254902 0.5254902 0.5254902 1 0.5254902 0.5254902 0.5254902 1 0.5254902 0.5254902 0.5254902 1 0.5254902 0.5254902 0.5254902 1 0.5254902 0.5254902 0.5254902 1 0.5254902 0.5254902 0.5254902 1 0.5254902 0.5254902 0.5254902 1 0.5254902 0.5254902 0.5254902 1 0.5254902 0.5254902 0.5254902 1 0.5254902 0.5254902 0.5254902 1 0.5254902 0.5254902 0.5254902 1 0.5254902 0.5254902 0.5254902 1 0.5254902 0.5254902 0.5254902 1 0.5254902 0.5254902 0.5254902 1 0.5254902 0.5254902 0.5254902 1 0.5254902 0.5254902 0.5254902 1 0.5254902 0.5254902 0.5254902 1 0.5254902 0.5254902 0.5254902 1 0.5254902 0.5254902 0.5254902 1 0.5254902 0.5254902 0.5254902 1 0.5254902 0.5254902 0.5254902 1 0.5254902 0.5254902 0.5254902 1 0.5254902 0.5254902 0.5254902 1 0.5254902 0.5254902 0.5254902 1 0.5254902 0.5254902 0.5254902 1 0.5254902 0.5254902 0.5254902 1 0.5254902 0.5254902 0.5254902 1 0.5254902 0.5254902 0.5254902 1 0.5254902 0.5254902 0.5254902 1 0.5254902 0.5254902 0.5254902 1 0.5254902 0.5254902 0.5254902 1 0.5254902 0.5254902 0.5254902 1 0.5647059 0.5647059 0.5647059 1 0.5254902 0.5254902 0.5254902 1 0.5254902 0.5254902 0.5254902 1 0.5254902 0.5254902 0.5254902 1 0.5647059 0.5647059 0.5647059 1 0.5254902 0.5254902 0.5254902 1 0.5254902 0.5254902 0.5254902 1 0.7019608 0.7019608 0.7019608 1 0.5254902 0.5254902 0.5254902 1 0.7294118 0.7294118 0.7294118 1 0.5254902 0.5254902 0.5254902 1 0.7019608 0.7019608 0.7019608 1 0.5254902 0.5254902 0.5254902 1 0.7294118 0.7294118 0.7294118 1 0.5647059 0.5647059 0.5647059 1 0.7019608 0.7019608 0.7019608 1 0.7647059 0.7647059 0.7647059 1 0.7294118 0.7294118 0.7294118 1 0.8196079 0.8196079 0.8196079 1 0.7294118 0.7294118 0.7294118 1 0.7647059 0.7647059 0.7647059 1 0.7294118 0.7294118 0.7294118 1 0.8196079 0.8196079 0.8196079 1 0.7803922 0.7803922 0.7803922 1 0.7803922 0.7803922 0.7803922 1 0.5647059 0.5647059 0.5647059 1 0.7294118 0.7294118 0.7294118 1 0.8196079 0.8196079 0.8196079 1 0.8352941 0.8352941 0.8352941 1 0.8392157 0.8392157 0.8392157 1 0.8392157 0.8392157 0.8392157 1 0.7803922 0.7803922 0.7803922 1 0.8196079 0.8196079 0.8196079 1 0.7647059 0.7647059 0.7647059 1 0.7803922 0.7803922 0.7803922 1 0.8196079 0.8196079 0.8196079 1 0.8352941 0.8352941 0.8352941 1 0.8196079 0.8196079 0.8196079 1 0.7803922 0.7803922 0.7803922 1 0.7019608 0.7019608 0.7019608 1 0.5254902 0.5254902 0.5254902 1 0.5254902 0.5254902 0.5254902 1 0.5254902 0.5254902 0.5254902 1 0.5254902 0.5254902 0.5254902 1 0.5647059 0.5647059 0.5647059 1 0.5254902 0.5254902 0.5254902 1 0.5254902 0.5254902 0.5254902 1 0.5254902 0.5254902 0.5254902 1 0.6156863 0.6156863 0.6156863 1 0.6 0.6 0.6 1 0.5254902 0.5254902 0.5254902 1 0.5254902 0.5254902 0.5254902 1 0.5254902 0.5254902 0.5254902 1 0.6156863 0.6156863 0.6156863 1 0.6 0.6 0.6 1 0.5254902 0.5254902 0.5254902 1 0.5568628 0.5568628 0.5568628 1 0.6 0.6 0.6 1 0.6156863 0.6156863 0.6156863 1 0.5254902 0.5254902 0.5254902 1 0.5254902 0.5254902 0.5254902 1 0.5254902 0.5254902 0.5254902 1 0.6156863 0.6156863 0.6156863 1 0.5254902 0.5254902 0.5254902 1 0.5568628 0.5568628 0.5568628 1 0.5254902 0.5254902 0.5254902 1 0.6156863 0.6156863 0.6156863 1 0.5254902 0.5254902 0.5254902 1 0.5254902 0.5254902 0.5254902 1 0.5254902 0.5254902 0.5254902 1 0.5764706 0.5764706 0.5764706 1 0.5254902 0.5254902 0.5254902 1 0.5568628 0.5568628 0.5568628 1 0.5254902 0.5254902 0.5254902 1 0.5764706 0.5764706 0.5764706 1 0.7803922 0.7803922 0.7803922 1 0.827451 0.827451 0.827451 1 0.8352941 0.8352941 0.8352941 1 0.827451 0.827451 0.827451 1 0.8 0.8 0.8 1 0.8392157 0.8392157 0.8392157 1 0.827451 0.827451 0.827451 1 0.7803922 0.7803922 0.7803922 1 0.8 0.8 0.8 1 0.7568628 0.7568628 0.7568628 1 0.8 0.8 0.8 1 0.7803922 0.7803922 0.7803922 1 0.7803922 0.7803922 0.7803922 1 0.7058824 0.7058824 0.7058824 1 0.7568628 0.7568628 0.7568628 1 0.7372549 0.7372549 0.7372549 1 0.6901961 0.6901961 0.6901961 1 0.7803922 0.7803922 0.7803922 1 0.7058824 0.7058824 0.7058824 1 0.7803922 0.7803922 0.7803922 1 0.6901961 0.6901961 0.6901961 1 0.7803922 0.7803922 0.7803922 1 0.827451 0.827451 0.827451 1 0.7372549 0.7372549 0.7372549 1 0.6901961 0.6901961 0.6901961 1 0.5254902 0.5254902 0.5254902 1 0.7058824 0.7058824 0.7058824 1 0.5254902 0.5254902 0.5254902 1 0.6901961 0.6901961 0.6901961 1 0.6470589 0.6470589 0.6470589 1 0.7372549 0.7372549 0.7372549 1 0.6470589 0.6470589 0.6470589 1 0.6901961 0.6901961 0.6901961 1 0.7058824 0.7058824 0.7058824 1 0.5254902 0.5254902 0.5254902 1 0.5647059 0.5647059 0.5647059 1 0.5254902 0.5254902 0.5254902 1 0.5254902 0.5254902 0.5254902 1 0.5254902 0.5254902 0.5254902 1 0.7019608 0.7019608 0.7019608 1 0.7529412 0.7529412 0.7529412 1 0.7647059 0.7647059 0.7647059 1 1 1 1 1 1 1 1 1 1 1 1 1 1 1 1 1 1 1 1 1 1 1 1 1 0.7294118 0.7294118 0.7294118 1 0.6784314 0.6784314 0.6784314 1 0.7568628 0.7568628 0.7568628 1 0.7294118 0.7294118 0.7294118 1 0.7568628 0.7568628 0.7568628 1 0.7607843 0.7607843 0.7607843 1 0.7294118 0.7294118 0.7294118 1 0.9607843 0.9607843 0.9607843 1 0.6784314 0.6784314 0.6784314 1 0.7607843 0.7607843 0.7607843 1 0.7607843 0.7607843 0.7607843 1 0.7294118 0.7294118 0.7294118 1 0.6470589 0.6470589 0.6470589 1 0.8941177 0.8941177 0.8941177 1 0.7294118 0.7294118 0.7294118 1 0.6470589 0.6470589 0.6470589 1 0.7294118 0.7294118 0.7294118 1 0.7607843 0.7607843 0.7607843 1 0.9607843 0.9607843 0.9607843 1 0.7294118 0.7294118 0.7294118 1 0.8941177 0.8941177 0.8941177 1 0.7607843 0.7607843 0.7607843 1 0.6745098 0.6745098 0.6745098 1 0.6470589 0.6470589 0.6470589 1 0.6745098 0.6745098 0.6745098 1 0.7607843 0.7607843 0.7607843 1 0.854902 0.854902 0.854902 1 0.8745098 0.8745098 0.8745098 1 0.854902 0.854902 0.854902 1 0.7607843 0.7607843 0.7607843 1 0.7607843 0.7607843 0.7607843 1 0.7607843 0.7607843 0.7607843 1 0.8745098 0.8745098 0.8745098 1 0.6705883 0.6705883 0.6705883 1 0.854902 0.854902 0.854902 1 0.7686275 0.7686275 0.7686275 1 0.854902 0.854902 0.854902 1 0.6705883 0.6705883 0.6705883 1 0.6745098 0.6745098 0.6745098 1 0.8980392 0.8980392 0.8980392 1 0.7686275 0.7686275 0.7686275 1 0.854902 0.854902 0.854902 1 0.854902 0.854902 0.854902 1 0.9607843 0.9607843 0.9607843 1 0.8980392 0.8980392 0.8980392 1 0.9607843 0.9607843 0.9607843 1 0.854902 0.854902 0.854902 1 0.9372549 0.9372549 0.9372549 1 0.9490196 0.9490196 0.9490196 1 0.9372549 0.9372549 0.9372549 1 0.854902 0.854902 0.854902 1 0.854902 0.854902 0.854902 1 0.8745098 0.8745098 0.8745098 1 0.9490196 0.9490196 0.9490196 1 0.9372549 0.9372549 0.9372549 1 0.9490196 0.9490196 0.9490196 1 0.9411765 0.9411765 0.9411765 1 0.9490196 0.9490196 0.9490196 1 0.8745098 0.8745098 0.8745098 1 0.9411765 0.9411765 0.9411765 1 0.9137255 0.9137255 0.9137255 1 0.9411765 0.9411765 0.9411765 1 0.9490196 0.9490196 0.9490196 1 0.9490196 0.9490196 0.9490196 1 0.9411765 0.9411765 0.9411765 1 0.9137255 0.9137255 0.9137255 1 0.9411765 0.9411765 0.9411765 1 0.8666667 0.8666667 0.8666667 1 0.854902 0.854902 0.854902 1 0.8666667 0.8666667 0.8666667 1 0.9411765 0.9411765 0.9411765 1 0.8745098 0.8745098 0.8745098 1 0.854902 0.854902 0.854902 1 0.9294118 0.9294118 0.9294118 1 0.9411765 0.9411765 0.9411765 1 0.9176471 0.9176471 0.9176471 1 0.9411765 0.9411765 0.9411765 1 0.9294118 0.9294118 0.9294118 1 0.9176471 0.9176471 0.9176471 1 0.9137255 0.9137255 0.9137255 1 0.9411765 0.9411765 0.9411765 1 0.9294118 0.9294118 0.9294118 1 0.9254902 0.9254902 0.9254902 1 0.9176471 0.9176471 0.9176471 1 0.9098039 0.9098039 0.9098039 1 0.8705883 0.8705883 0.8705883 1 0.9137255 0.9137255 0.9137255 1 0.9137255 0.9137255 0.9137255 1 0.8745098 0.8745098 0.8745098 1 0.9058824 0.9058824 0.9058824 1 0.8745098 0.8745098 0.8745098 1 0.9137255 0.9137255 0.9137255 1 0.8705883 0.8705883 0.8705883 1 0.8392157 0.8392157 0.8392157 1 0.8313726 0.8313726 0.8313726 1 0.8705883 0.8705883 0.8705883 1 0.8705883 0.8705883 0.8705883 1 0.9098039 0.9098039 0.9098039 1 0.8392157 0.8392157 0.8392157 1 0.8745098 0.8745098 0.8745098 1 0.8705883 0.8705883 0.8705883 1 0.8313726 0.8313726 0.8313726 1 0.8313726 0.8313726 0.8313726 1 0.8392157 0.8392157 0.8392157 1 0.9098039 0.9098039 0.9098039 1 0.9098039 0.9098039 0.9098039 1 0.8078432 0.8078432 0.8078432 1 0.8313726 0.8313726 0.8313726 1 0.8313726 0.8313726 0.8313726 1 0.7568628 0.7568628 0.7568628 1 0.8745098 0.8745098 0.8745098 1 0.7568628 0.7568628 0.7568628 1 0.8313726 0.8313726 0.8313726 1 0.8078432 0.8078432 0.8078432 1 0.8078432 0.8078432 0.8078432 1 0.6862745 0.6862745 0.6862745 1 0.8392157 0.8392157 0.8392157 1 0.7490196 0.7490196 0.7490196 1 0.8392157 0.8392157 0.8392157 1 0.6862745 0.6862745 0.6862745 1 0.8078432 0.8078432 0.8078432 1 0.7294118 0.7294118 0.7294118 1 0.7568628 0.7568628 0.7568628 1 0.8078432 0.8078432 0.8078432 1 0.8392157 0.8392157 0.8392157 1 0.9254902 0.9254902 0.9254902 1 0.8117647 0.8117647 0.8117647 1 0.7058824 0.7058824 0.7058824 1 0.8078432 0.8078432 0.8078432 1 0.8117647 0.8117647 0.8117647 1 0.8078432 0.8078432 0.8078432 1 0.9176471 0.9176471 0.9176471 1 0.9254902 0.9254902 0.9254902 1 0.9176471 0.9176471 0.9176471 1 0.8078432 0.8078432 0.8078432 1 0.6862745 0.6862745 0.6862745 1 0.8078432 0.8078432 0.8078432 1 0.7058824 0.7058824 0.7058824 1 0.9176471 0.9176471 0.9176471 1 0.9294118 0.9294118 0.9294118 1 0.8117647 0.8117647 0.8117647 1 0.9176471 0.9176471 0.9176471 1 0.9254902 0.9254902 0.9254902 1 0.9294118 0.9294118 0.9294118 1 0.7058824 0.7058824 0.7058824 1 0.8117647 0.8117647 0.8117647 1 0.6392157 0.6392157 0.6392157 1 0.6392157 0.6392157 0.6392157 1 0.5803922 0.5803922 0.5803922 1 0.7058824 0.7058824 0.7058824 1 0.6196079 0.6196079 0.6196079 1 0.7058824 0.7058824 0.7058824 1 0.5803922 0.5803922 0.5803922 1 0.7058824 0.7058824 0.7058824 1 0.6196079 0.6196079 0.6196079 1 0.6862745 0.6862745 0.6862745 1 0.5803922 0.5803922 0.5803922 1 0.5333334 0.5333334 0.5333334 1 0.6196079 0.6196079 0.6196079 1 0.5529412 0.5529412 0.5529412 1 0.6196079 0.6196079 0.6196079 1 0.5333334 0.5333334 0.5333334 1 0.6196079 0.6196079 0.6196079 1 0.5529412 0.5529412 0.5529412 1 0.6470589 0.6470589 0.6470589 1 0.6470589 0.6470589 0.6470589 1 0.6862745 0.6862745 0.6862745 1 0.6196079 0.6196079 0.6196079 1 0.6862745 0.6862745 0.6862745 1 0.6470589 0.6470589 0.6470589 1 0.7490196 0.7490196 0.7490196 1 0.6313726 0.6313726 0.6313726 1 0.6470589 0.6470589 0.6470589 1 0.5529412 0.5529412 0.5529412 1 0.6470589 0.6470589 0.6470589 1 0.6313726 0.6313726 0.6313726 1 0.6431373 0.6431373 0.6431373 1 0.6941177 0.6941177 0.6941177 1 0.7490196 0.7490196 0.7490196 1 0.6470589 0.6470589 0.6470589 1 0.6470589 0.6470589 0.6470589 1 0.6431373 0.6431373 0.6431373 1 0.6941177 0.6941177 0.6941177 1 0.6705883 0.6705883 0.6705883 1 0.7215687 0.7215687 0.7215687 1 0.6431373 0.6431373 0.6431373 1 0.7568628 0.7568628 0.7568628 1 0.6431373 0.6431373 0.6431373 1 0.7215687 0.7215687 0.7215687 1 0.6431373 0.6431373 0.6431373 1 0.7568628 0.7568628 0.7568628 1 0.6862745 0.6862745 0.6862745 1 0.6509804 0.6509804 0.6509804 1 0.6431373 0.6431373 0.6431373 1 0.6313726 0.6313726 0.6313726 1 0.6941177 0.6941177 0.6941177 1 0.6431373 0.6431373 0.6431373 1 0.6509804 0.6509804 0.6509804 1 0.7568628 0.7568628 0.7568628 1 0.7568628 0.7568628 0.7568628 1 0.854902 0.854902 0.854902 1 0.7568628 0.7568628 0.7568628 1 0.7568628 0.7568628 0.7568628 1 0.7294118 0.7294118 0.7294118 1 0.8313726 0.8313726 0.8313726 1 0.854902 0.854902 0.854902 1 0.7568628 0.7568628 0.7568628 1 0.7294118 0.7294118 0.7294118 1 0.6862745 0.6862745 0.6862745 1 0.7568628 0.7568628 0.7568628 1 0.7568628 0.7568628 0.7568628 1 0.7215687 0.7215687 0.7215687 1 0.8313726 0.8313726 0.8313726 1 0.7450981 0.7450981 0.7450981 1 0.8313726 0.8313726 0.8313726 1 0.7215687 0.7215687 0.7215687 1 0.8313726 0.8313726 0.8313726 1 0.7450981 0.7450981 0.7450981 1 0.8509804 0.8509804 0.8509804 1 0.8313726 0.8313726 0.8313726 1 0.8509804 0.8509804 0.8509804 1 0.8941177 0.8941177 0.8941177 1 0.8941177 0.8941177 0.8941177 1 0.854902 0.854902 0.854902 1 0.8313726 0.8313726 0.8313726 1 0.9411765 0.9411765 0.9411765 1 0.8941177 0.8941177 0.8941177 1 0.9372549 0.9372549 0.9372549 1 0.8941177 0.8941177 0.8941177 1 0.9411765 0.9411765 0.9411765 1 0.854902 0.854902 0.854902 1 0.9607843 0.9607843 0.9607843 1 0.9372549 0.9372549 0.9372549 1 0.8941177 0.8941177 0.8941177 1 0.8941177 0.8941177 0.8941177 1 0.9176471 0.9176471 0.9176471 1 0.9607843 0.9607843 0.9607843 1 0.9176471 0.9176471 0.9176471 1 0.8941177 0.8941177 0.8941177 1 0.8509804 0.8509804 0.8509804 1 0.8980392 0.8980392 0.8980392 1 0.9176471 0.9176471 0.9176471 1 0.8352941 0.8352941 0.8352941 1 0.8509804 0.8509804 0.8509804 1 0.8352941 0.8352941 0.8352941 1 0.9176471 0.9176471 0.9176471 1 0.9176471 0.9176471 0.9176471 1 0.9019608 0.9019608 0.9019608 1 0.9411765 0.9411765 0.9411765 1 0.9411765 0.9411765 0.9411765 1 0.9607843 0.9607843 0.9607843 1 0.9176471 0.9176471 0.9176471 1 0.9607843 0.9607843 0.9607843 1 0.9411765 0.9411765 0.9411765 1 0.9019608 0.9019608 0.9019608 1 0.8901961 0.8901961 0.8901961 1 0.9019608 0.9019608 0.9019608 1 0.9411765 0.9411765 0.9411765 1 0.9411765 0.9411765 0.9411765 1 0.9490196 0.9490196 0.9490196 1 0.8901961 0.8901961 0.8901961 1 0.9411765 0.9411765 0.9411765 1 0.9137255 0.9137255 0.9137255 1 0.9490196 0.9490196 0.9490196 1 0.9137255 0.9137255 0.9137255 1 0.9411765 0.9411765 0.9411765 1 0.9019608 0.9019608 0.9019608 1 0.9176471 0.9176471 0.9176471 1 0.9490196 0.9490196 0.9490196 1 0.9137255 0.9137255 0.9137255 1 0.9019608 0.9019608 0.9019608 1 0.8980392 0.8980392 0.8980392 1 0.8705883 0.8705883 0.8705883 1 0.8705883 0.8705883 0.8705883 1 0.8431373 0.8431373 0.8431373 1 0.9019608 0.9019608 0.9019608 1 0.9098039 0.9098039 0.9098039 1 0.9019608 0.9019608 0.9019608 1 0.8431373 0.8431373 0.8431373 1 0.9490196 0.9490196 0.9490196 1 0.9176471 0.9176471 0.9176471 1 0.9568628 0.9568628 0.9568628 1 0.9568628 0.9568628 0.9568628 1 0.9176471 0.9176471 0.9176471 1 0.8862745 0.8862745 0.8862745 1 0.8666667 0.8666667 0.8666667 1 0.8862745 0.8862745 0.8862745 1 0.9176471 0.9176471 0.9176471 1 0.8431373 0.8431373 0.8431373 1 0.8509804 0.8509804 0.8509804 1 0.9098039 0.9098039 0.9098039 1 0.8431373 0.8431373 0.8431373 1 0.8313726 0.8313726 0.8313726 1 0.8509804 0.8509804 0.8509804 1 0.7490196 0.7490196 0.7490196 1 0.8509804 0.8509804 0.8509804 1 0.8313726 0.8313726 0.8313726 1 0.7568628 0.7568628 0.7568628 1 0.8666667 0.8666667 0.8666667 1 0.7764706 0.7764706 0.7764706 1 0.8666667 0.8666667 0.8666667 1 0.7568628 0.7568628 0.7568628 1 0.8862745 0.8862745 0.8862745 1 0.7568628 0.7568628 0.7568628 1 0.7764706 0.7764706 0.7764706 1 0.6941177 0.6941177 0.6941177 1 0.6941177 0.6941177 0.6941177 1 0.6509804 0.6509804 0.6509804 1 0.7568628 0.7568628 0.7568628 1 0.7568628 0.7568628 0.7568628 1 0.6941177 0.6941177 0.6941177 1 0.8156863 0.8156863 0.8156863 1 0.8156863 0.8156863 0.8156863 1 0.8862745 0.8862745 0.8862745 1 0.7568628 0.7568628 0.7568628 1 0.6941177 0.6941177 0.6941177 1 0.7568628 0.7568628 0.7568628 1 0.6509804 0.6509804 0.6509804 1 0.6705883 0.6705883 0.6705883 1 0.6941177 0.6941177 0.6941177 1 0.5686275 0.5686275 0.5686275 1 0.6705883 0.6705883 0.6705883 1 0.8156863 0.8156863 0.8156863 1 0.6941177 0.6941177 0.6941177 1 0.6941177 0.6941177 0.6941177 1 0.6509804 0.6509804 0.6509804 1 0.5960785 0.5960785 0.5960785 1 0.5960785 0.5960785 0.5960785 1 0.5686275 0.5686275 0.5686275 1 0.6941177 0.6941177 0.6941177 1 0.5960785 0.5960785 0.5960785 1 0.5333334 0.5333334 0.5333334 1 0.5686275 0.5686275 0.5686275 1 0.5764706 0.5764706 0.5764706 1 0.5686275 0.5686275 0.5686275 1 0.5333334 0.5333334 0.5333334 1 0.5686275 0.5686275 0.5686275 1 0.5764706 0.5764706 0.5764706 1 0.6705883 0.6705883 0.6705883 1 0.5764706 0.5764706 0.5764706 1 0.5333334 0.5333334 0.5333334 1 0.4862745 0.4862745 0.4862745 1 0.6705883 0.6705883 0.6705883 1 0.5764706 0.5764706 0.5764706 1 0.7294118 0.7294118 0.7294118 1 0.5764706 0.5764706 0.5764706 1 0.4862745 0.4862745 0.4862745 1 0.6313726 0.6313726 0.6313726 1 0.6313726 0.6313726 0.6313726 1 0.7294118 0.7294118 0.7294118 1 0.5764706 0.5764706 0.5764706 1 0.7294118 0.7294118 0.7294118 1 0.6313726 0.6313726 0.6313726 1 0.7215687 0.7215687 0.7215687 1 0.7215687 0.7215687 0.7215687 1 0.8235294 0.8235294 0.8235294 1 0.7294118 0.7294118 0.7294118 1 0.7294118 0.7294118 0.7294118 1 0.8313726 0.8313726 0.8313726 1 0.6705883 0.6705883 0.6705883 1 0.8313726 0.8313726 0.8313726 1 0.7294118 0.7294118 0.7294118 1 0.8235294 0.8235294 0.8235294 1 0.8235294 0.8235294 0.8235294 1 0.8901961 0.8901961 0.8901961 1 0.8313726 0.8313726 0.8313726 1 0.8156863 0.8156863 0.8156863 1 0.6705883 0.6705883 0.6705883 1 0.8313726 0.8313726 0.8313726 1 0.8313726 0.8313726 0.8313726 1 0.9176471 0.9176471 0.9176471 1 0.8156863 0.8156863 0.8156863 1 0.9176471 0.9176471 0.9176471 1 0.8313726 0.8313726 0.8313726 1 0.8901961 0.8901961 0.8901961 1 0.9176471 0.9176471 0.9176471 1 0.8901961 0.8901961 0.8901961 1 0.9490196 0.9490196 0.9490196 1 0.9490196 0.9490196 0.9490196 1 0.9568628 0.9568628 0.9568628 1 0.9176471 0.9176471 0.9176471 1 0.8862745 0.8862745 0.8862745 1 0.9176471 0.9176471 0.9176471 1 0.9568628 0.9568628 0.9568628 1 0.8862745 0.8862745 0.8862745 1 0.8156863 0.8156863 0.8156863 1 0.9176471 0.9176471 0.9176471 1 0.9019608 0.9019608 0.9019608 1 0.8901961 0.8901961 0.8901961 1 0.8235294 0.8235294 0.8235294 1 0.9019608 0.9019608 0.9019608 1 0.8235294 0.8235294 0.8235294 1 0.8235294 0.8235294 0.8235294 1 0.7215687 0.7215687 0.7215687 1 0.8235294 0.8235294 0.8235294 1 0.8235294 0.8235294 0.8235294 1 0.7686275 0.7686275 0.7686275 1 0.8980392 0.8980392 0.8980392 1 0.8235294 0.8235294 0.8235294 1 0.9019608 0.9019608 0.9019608 1 0.8235294 0.8235294 0.8235294 1 0.8980392 0.8980392 0.8980392 1 0.8235294 0.8235294 0.8235294 1 0.7215687 0.7215687 0.7215687 1 0.7686275 0.7686275 0.7686275 1 0.5843138 0.5843138 0.5843138 1 0.7215687 0.7215687 0.7215687 1 0.6313726 0.6313726 0.6313726 1 0.5843138 0.5843138 0.5843138 1 0.7686275 0.7686275 0.7686275 1 0.7215687 0.7215687 0.7215687 1 0.6313726 0.6313726 0.6313726 1 0.5176471 0.5176471 0.5176471 1 0.5843138 0.5843138 0.5843138 1 0.5843138 0.5843138 0.5843138 1 0.4627451 0.4627451 0.4627451 1 0.5254902 0.5254902 0.5254902 1 0.5254902 0.5254902 0.5254902 1 0.6705883 0.6705883 0.6705883 1 0.5843138 0.5843138 0.5843138 1 0.7686275 0.7686275 0.7686275 1 0.5843138 0.5843138 0.5843138 1 0.6705883 0.6705883 0.6705883 1 0.4627451 0.4627451 0.4627451 1 0.5843138 0.5843138 0.5843138 1 0.5176471 0.5176471 0.5176471 1 0.5176471 0.5176471 0.5176471 1 0.4862745 0.4862745 0.4862745 1 0.4627451 0.4627451 0.4627451 1 0.5176471 0.5176471 0.5176471 1 0.6313726 0.6313726 0.6313726 1 0.4862745 0.4862745 0.4862745 1 0.4627451 0.4627451 0.4627451 1 0.4627451 0.4627451 0.4627451 1 0.4862745 0.4862745 0.4862745 1 0.4627451 0.4627451 0.4627451 1 0.4627451 0.4627451 0.4627451 1 0.4196078 0.4196078 0.4196078 1 0.4196078 0.4196078 0.4196078 1 0.5254902 0.5254902 0.5254902 1 0.4627451 0.4627451 0.4627451 1 0.4392157 0.4392157 0.4392157 1 0.4196078 0.4196078 0.4196078 1 0.4627451 0.4627451 0.4627451 1 0.627451 0.627451 0.627451 1 0.4196078 0.4196078 0.4196078 1 0.4392157 0.4392157 0.4392157 1 0.4196078 0.4196078 0.4196078 1 0.4784314 0.4784314 0.4784314 1 0.5254902 0.5254902 0.5254902 1 0.4784314 0.4784314 0.4784314 1 0.4196078 0.4196078 0.4196078 1 0.7294118 0.7294118 0.7294118 1 0.6313726 0.6313726 0.6313726 1 0.7294118 0.7294118 0.7294118 1 0.4196078 0.4196078 0.4196078 1 0.4196078 0.4196078 0.4196078 1 0.627451 0.627451 0.627451 1 0.6313726 0.6313726 0.6313726 1 0.7254902 0.7254902 0.7254902 1 0.6313726 0.6313726 0.6313726 1 0.627451 0.627451 0.627451 1 0.627451 0.627451 0.627451 1 0.6862745 0.6862745 0.6862745 1 0.7254902 0.7254902 0.7254902 1 0.6862745 0.6862745 0.6862745 1 0.627451 0.627451 0.627451 1 0.6431373 0.6431373 0.6431373 1 0.4392157 0.4392157 0.4392157 1 0.6431373 0.6431373 0.6431373 1 0.627451 0.627451 0.627451 1 0.682353 0.682353 0.682353 1 0.6431373 0.6431373 0.6431373 1 0.5215687 0.5215687 0.5215687 1 0.682353 0.682353 0.682353 1 0.6705883 0.6705883 0.6705883 1 0.6431373 0.6431373 0.6431373 1 0.4784314 0.4784314 0.4784314 1 0.5215687 0.5215687 0.5215687 1 0.6431373 0.6431373 0.6431373 1 0.6862745 0.6862745 0.6862745 1 0.6431373 0.6431373 0.6431373 1 0.6705883 0.6705883 0.6705883 1 0.6431373 0.6431373 0.6431373 1 0.4392157 0.4392157 0.4392157 1 0.4784314 0.4784314 0.4784314 1 0.5215687 0.5215687 0.5215687 1 0.4784314 0.4784314 0.4784314 1 0.509804 0.509804 0.509804 1 0.4862745 0.4862745 0.4862745 1 0.509804 0.509804 0.509804 1 0.4784314 0.4784314 0.4784314 1 0.4627451 0.4627451 0.4627451 1 0.4784314 0.4784314 0.4784314 1 0.4392157 0.4392157 0.4392157 1 0.4784314 0.4784314 0.4784314 1 0.4627451 0.4627451 0.4627451 1 0.4862745 0.4862745 0.4862745 1 0.509804 0.509804 0.509804 1 0.4862745 0.4862745 0.4862745 1 0.5294118 0.5294118 0.5294118 1 0.509804 0.509804 0.509804 1 0.5294118 0.5294118 0.5294118 1 0.4862745 0.4862745 0.4862745 1 0.4862745 0.4862745 0.4862745 1 0.4627451 0.4627451 0.4627451 1 0.509804 0.509804 0.509804 1 0.5294118 0.5294118 0.5294118 1 0.509804 0.509804 0.509804 1 0.5960785 0.5960785 0.5960785 1 0.4862745 0.4862745 0.4862745 1 0.509804 0.509804 0.509804 1 0.4627451 0.4627451 0.4627451 1 0.509804 0.509804 0.509804 1 0.4862745 0.4862745 0.4862745 1 0.5333334 0.5333334 0.5333334 1 0.5333334 0.5333334 0.5333334 1 0.5960785 0.5960785 0.5960785 1 0.509804 0.509804 0.509804 1 0.5294118 0.5294118 0.5294118 1 0.5529412 0.5529412 0.5529412 1 0.509804 0.509804 0.509804 1 0.5960785 0.5960785 0.5960785 1 0.6313726 0.6313726 0.6313726 1 0.5294118 0.5294118 0.5294118 1 0.5529412 0.5529412 0.5529412 1 0.5294118 0.5294118 0.5294118 1 0.6313726 0.6313726 0.6313726 1 0.5215687 0.5215687 0.5215687 1 0.509804 0.509804 0.509804 1 0.5333334 0.5333334 0.5333334 1 0.5333334 0.5333334 0.5333334 1 0.509804 0.509804 0.509804 1 0.5529412 0.5529412 0.5529412 1 0.5764706 0.5764706 0.5764706 1 0.6705883 0.6705883 0.6705883 1 0.5529412 0.5529412 0.5529412 1 0.6705883 0.6705883 0.6705883 1 0.5764706 0.5764706 0.5764706 1 0.6862745 0.6862745 0.6862745 1 0.6705883 0.6705883 0.6705883 1 0.682353 0.682353 0.682353 1 0.6705883 0.6705883 0.6705883 1 0.6705883 0.6705883 0.6705883 1 0.5529412 0.5529412 0.5529412 1 0.6705883 0.6705883 0.6705883 1 0.7803922 0.7803922 0.7803922 1 0.6705883 0.6705883 0.6705883 1 0.682353 0.682353 0.682353 1 0.7176471 0.7176471 0.7176471 1 0.5529412 0.5529412 0.5529412 1 0.6705883 0.6705883 0.6705883 1 0.6705883 0.6705883 0.6705883 1 0.7803922 0.7803922 0.7803922 1 0.7176471 0.7176471 0.7176471 1 0.5529412 0.5529412 0.5529412 1 0.6705883 0.6705883 0.6705883 1 0.5529412 0.5529412 0.5529412 1 0.7176471 0.7176471 0.7176471 1 0.7803922 0.7803922 0.7803922 1 0.9098039 0.9098039 0.9098039 1 0.5686275 0.5686275 0.5686275 1 0.9098039 0.9098039 0.9098039 1 0.7803922 0.7803922 0.7803922 1 0.7803922 0.7803922 0.7803922 1 0.682353 0.682353 0.682353 1 0.5686275 0.5686275 0.5686275 1 0.5803922 0.5803922 0.5803922 1 0.6392157 0.6392157 0.6392157 1 0.5686275 0.5686275 0.5686275 1 0.5686275 0.5686275 0.5686275 1 0.5215687 0.5215687 0.5215687 1 0.5803922 0.5803922 0.5803922 1 0.7058824 0.7058824 0.7058824 1 0.5686275 0.5686275 0.5686275 1 0.6392157 0.6392157 0.6392157 1 0.5686275 0.5686275 0.5686275 1 0.7058824 0.7058824 0.7058824 1 0.627451 0.627451 0.627451 1 0.5215687 0.5215687 0.5215687 1 0.5686275 0.5686275 0.5686275 1 0.682353 0.682353 0.682353 1 0.9098039 0.9098039 0.9098039 1 0.5686275 0.5686275 0.5686275 1 0.627451 0.627451 0.627451 1 0.6784314 0.6784314 0.6784314 1 0.627451 0.627451 0.627451 1 0.7058824 0.7058824 0.7058824 1 0.9098039 0.9098039 0.9098039 1 0.627451 0.627451 0.627451 1 0.6784314 0.6784314 0.6784314 1 0.8117647 0.8117647 0.8117647 1 0.7490196 0.7490196 0.7490196 1 0.7058824 0.7058824 0.7058824 1 0.7058824 0.7058824 0.7058824 1 0.6392157 0.6392157 0.6392157 1 0.8117647 0.8117647 0.8117647 1 0.6784314 0.6784314 0.6784314 1 0.7058824 0.7058824 0.7058824 1 0.7490196 0.7490196 0.7490196 1 0.7490196 0.7490196 0.7490196 1 0.7568628 0.7568628 0.7568628 1 0.6784314 0.6784314 0.6784314 1 0.7568628 0.7568628 0.7568628 1 0.7490196 0.7490196 0.7490196 1 0.854902 0.854902 0.854902 1 0.8117647 0.8117647 0.8117647 1 0.854902 0.854902 0.854902 1 0.7490196 0.7490196 0.7490196 1 0.9098039 0.9098039 0.9098039 1 0.8431373 0.8431373 0.8431373 1 0.7176471 0.7176471 0.7176471 1 0.8431373 0.8431373 0.8431373 1 0.9098039 0.9098039 0.9098039 1 0.9372549 0.9372549 0.9372549 1 0.6784314 0.6784314 0.6784314 1 0.9372549 0.9372549 0.9372549 1 0.9098039 0.9098039 0.9098039 1 0.9607843 0.9607843 0.9607843 1 0.9019608 0.9019608 0.9019608 1 0.9372549 0.9372549 0.9372549 1 0.9372549 0.9372549 0.9372549 1 0.6784314 0.6784314 0.6784314 1 0.9607843 0.9607843 0.9607843 1 0.8431373 0.8431373 0.8431373 1 0.9372549 0.9372549 0.9372549 1 0.9019608 0.9019608 0.9019608 1 0.9019608 0.9019608 0.9019608 1 0.9607843 0.9607843 0.9607843 1 0.9294118 0.9294118 0.9294118 1 0.9294118 0.9294118 0.9294118 1 0.7137255 0.7137255 0.7137255 1 0.9019608 0.9019608 0.9019608 1 0.9019608 0.9019608 0.9019608 1 0.6666667 0.6666667 0.6666667 1 0.8431373 0.8431373 0.8431373 1 0.6666667 0.6666667 0.6666667 1 0.9019608 0.9019608 0.9019608 1 0.7137255 0.7137255 0.7137255 1 0.7137255 0.7137255 0.7137255 1 0.4666666 0.4666666 0.4666666 1 0.6666667 0.6666667 0.6666667 1 0.6431373 0.6431373 0.6431373 1 0.6666667 0.6666667 0.6666667 1 0.4666666 0.4666666 0.4666666 1 0.6431373 0.6431373 0.6431373 1 0.8431373 0.8431373 0.8431373 1 0.6666667 0.6666667 0.6666667 1 0.4666666 0.4666666 0.4666666 1 0.6 0.6 0.6 1 0.6431373 0.6431373 0.6431373 1 0.8431373 0.8431373 0.8431373 1 0.6431373 0.6431373 0.6431373 1 0.6 0.6 0.6 1 0.4666666 0.4666666 0.4666666 1 0.5529412 0.5529412 0.5529412 1 0.6 0.6 0.6 1 0.7176471 0.7176471 0.7176471 1 0.6 0.6 0.6 1 0.5529412 0.5529412 0.5529412 1 0.6 0.6 0.6 1 0.7176471 0.7176471 0.7176471 1 0.8431373 0.8431373 0.8431373 1 0.4666666 0.4666666 0.4666666 1 0.6156863 0.6156863 0.6156863 1 0.5764706 0.5764706 0.5764706 1 0.5764706 0.5764706 0.5764706 1 0.5529412 0.5529412 0.5529412 1 0.4666666 0.4666666 0.4666666 1 0.5529412 0.5529412 0.5529412 1 0.4666666 0.4666666 0.4666666 1 0.5529412 0.5529412 0.5529412 1 0.7137255 0.7137255 0.7137255 1 0.7058824 0.7058824 0.7058824 1 0.4666666 0.4666666 0.4666666 1 0.6509804 0.6509804 0.6509804 1 0.4666666 0.4666666 0.4666666 1 0.7058824 0.7058824 0.7058824 1 0.4666666 0.4666666 0.4666666 1 0.6509804 0.6509804 0.6509804 1 0.6156863 0.6156863 0.6156863 1 0.6156863 0.6156863 0.6156863 1 0.7254902 0.7254902 0.7254902 1 0.6862745 0.6862745 0.6862745 1 0.6156863 0.6156863 0.6156863 1 0.8352941 0.8352941 0.8352941 1 0.7254902 0.7254902 0.7254902 1 0.6862745 0.6862745 0.6862745 1 0.5764706 0.5764706 0.5764706 1 0.6156863 0.6156863 0.6156863 1 0.8352941 0.8352941 0.8352941 1 0.6156863 0.6156863 0.6156863 1 0.6509804 0.6509804 0.6509804 1 0.6313726 0.6313726 0.6313726 1 0.7254902 0.7254902 0.7254902 1 0.8352941 0.8352941 0.8352941 1 0.8352941 0.8352941 0.8352941 1 0.6509804 0.6509804 0.6509804 1 0.9137255 0.9137255 0.9137255 1 0.9137255 0.9137255 0.9137255 1 0.7294118 0.7294118 0.7294118 1 0.8352941 0.8352941 0.8352941 1 0.6313726 0.6313726 0.6313726 1 0.8352941 0.8352941 0.8352941 1 0.7294118 0.7294118 0.7294118 1 0.7058824 0.7058824 0.7058824 1 0.9137255 0.9137255 0.9137255 1 0.6509804 0.6509804 0.6509804 1 0.9137255 0.9137255 0.9137255 1 0.7058824 0.7058824 0.7058824 1 0.9294118 0.9294118 0.9294118 1 0.9294118 0.9294118 0.9294118 1 0.8941177 0.8941177 0.8941177 1 0.9137255 0.9137255 0.9137255 1 0.7294118 0.7294118 0.7294118 1 0.9137255 0.9137255 0.9137255 1 0.8941177 0.8941177 0.8941177 1 0.7137255 0.7137255 0.7137255 1 0.9294118 0.9294118 0.9294118 1 0.7058824 0.7058824 0.7058824 1 0.8941177 0.8941177 0.8941177 1 0.9294118 0.9294118 0.9294118 1 0.9607843 0.9607843 0.9607843 1 0.5333334 0.5333334 0.5333334 1 0.5803922 0.5803922 0.5803922 1 0.5215687 0.5215687 0.5215687 1 0.7294118 0.7294118 0.7294118 1 0.8941177 0.8941177 0.8941177 1 0.4784314 0.4784314 0.4784314 1 0.6745098 0.6745098 0.6745098 1 0.5254902 0.5254902 0.5254902 1 0.4784314 0.4784314 0.4784314 1 0.4784314 0.4784314 0.4784314 1 0.6470589 0.6470589 0.6470589 1 0.6745098 0.6745098 0.6745098 1 0.6470589 0.6470589 0.6470589 1 0.4784314 0.4784314 0.4784314 1 0.8941177 0.8941177 0.8941177 1 0.5254902 0.5254902 0.5254902 1 0.6745098 0.6745098 0.6745098 1 0.6705883 0.6705883 0.6705883 1 0.6313726 0.6313726 0.6313726 1 0.5960785 0.5960785 0.5960785 1 0.6509804 0.6509804 0.6509804 1 0.6705883 0.6705883 0.6705883 1 0.7490196 0.7490196 0.7490196 1 0.7529412 0.7529412 0.7529412 1 0.8313726 0.8313726 0.8313726 1 0.7529412 0.7529412 0.7529412 1 0.7490196 0.7490196 0.7490196 1 0.8705883 0.8705883 0.8705883 1 0.8352941 0.8352941 0.8352941 1 0.7529412 0.7529412 0.7529412 1 0.7450981 0.7450981 0.7450981 1 0.7529412 0.7529412 0.7529412 1 0.8352941 0.8352941 0.8352941 1 0.7529412 0.7529412 0.7529412 1 0.8313726 0.8313726 0.8313726 1 0.8705883 0.8705883 0.8705883 1 0.7529412 0.7529412 0.7529412 1 0.7450981 0.7450981 0.7450981 1 0.6705883 0.6705883 0.6705883 1 0.8431373 0.8431373 0.8431373 1 0.8705883 0.8705883 0.8705883 1 0.8313726 0.8313726 0.8313726 1 0.8352941 0.8352941 0.8352941 1 0.8705883 0.8705883 0.8705883 1 0.8980392 0.8980392 0.8980392 1 0.9019608 0.9019608 0.9019608 1 0.8980392 0.8980392 0.8980392 1 0.9607843 0.9607843 0.9607843 1 0.8352941 0.8352941 0.8352941 1 0.8509804 0.8509804 0.8509804 1 0.7450981 0.7450981 0.7450981 1 0.7215687 0.7215687 0.7215687 1 0.6705883 0.6705883 0.6705883 1 0.7450981 0.7450981 0.7450981 1 0.854902 0.854902 0.854902 1 0.8745098 0.8745098 0.8745098 1 0.7568628 0.7568628 0.7568628 1 0.8745098 0.8745098 0.8745098 1 0.854902 0.854902 0.854902 1 0.9411765 0.9411765 0.9411765 1 0.854902 0.854902 0.854902 1 0.8117647 0.8117647 0.8117647 1 0.9294118 0.9294118 0.9294118 1 0.9411765 0.9411765 0.9411765 1 0.9058824 0.9058824 0.9058824 1 0.8745098 0.8745098 0.8745098 1 0.7568628 0.7568628 0.7568628 1 0.854902 0.854902 0.854902 1 0.8666667 0.8666667 0.8666667 1 0.8666667 0.8666667 0.8666667 1 0.7607843 0.7607843 0.7607843 1 0.7568628 0.7568628 0.7568628 1 0.8666667 0.8666667 0.8666667 1 0.8745098 0.8745098 0.8745098 1 0.7607843 0.7607843 0.7607843 1 0.627451 0.627451 0.627451 1 0.6666667 0.6666667 0.6666667 1 0.7058824 0.7058824 0.7058824 1 0.627451 0.627451 0.627451 1 0.7058824 0.7058824 0.7058824 1 0.5764706 0.5764706 0.5764706 1 0.627451 0.627451 0.627451 1 0.8980392 0.8980392 0.8980392 1 0.6666667 0.6666667 0.6666667 1 0.627451 0.627451 0.627451 1 0.5764706 0.5764706 0.5764706 1 0.8980392 0.8980392 0.8980392 1 0.6392157 0.6392157 0.6392157 1 0.5803922 0.5803922 0.5803922 1 0.5764706 0.5764706 0.5764706 1 0.6392157 0.6392157 0.6392157 1 0.5764706 0.5764706 0.5764706 1 0.7058824 0.7058824 0.7058824 1 0.7686275 0.7686275 0.7686275 1 0.8980392 0.8980392 0.8980392 1 0.5764706 0.5764706 0.5764706 1 0.5764706 0.5764706 0.5764706 1 0.6745098 0.6745098 0.6745098 1 0.7686275 0.7686275 0.7686275 1 0.5764706 0.5764706 0.5764706 1 0.5176471 0.5176471 0.5176471 1 0.6745098 0.6745098 0.6745098 1 0.5176471 0.5176471 0.5176471 1 0.5764706 0.5764706 0.5764706 1 0.5803922 0.5803922 0.5803922 1 0.5803922 0.5803922 0.5803922 1 0.5333334 0.5333334 0.5333334 1 0.5176471 0.5176471 0.5176471 1 0.5803922 0.5803922 0.5803922 1 0.6196079 0.6196079 0.6196079 1 0.5333334 0.5333334 0.5333334 1 0.6392157 0.6392157 0.6392157 1 0.7058824 0.7058824 0.7058824 1 0.5803922 0.5803922 0.5803922 1 0.6196079 0.6196079 0.6196079 1 0.5803922 0.5803922 0.5803922 1 0.7058824 0.7058824 0.7058824 1 0.6431373 0.6431373 0.6431373 1 0.6196079 0.6196079 0.6196079 1 0.6901961 0.6901961 0.6901961 1 0.6196079 0.6196079 0.6196079 1 0.6431373 0.6431373 0.6431373 1 0.5529412 0.5529412 0.5529412 1 0.5529412 0.5529412 0.5529412 1 0.5333334 0.5333334 0.5333334 1 0.6196079 0.6196079 0.6196079 1 0.7058824 0.7058824 0.7058824 1 0.6901961 0.6901961 0.6901961 1 0.6196079 0.6196079 0.6196079 1 0.6901961 0.6901961 0.6901961 1 0.7058824 0.7058824 0.7058824 1 0.8156863 0.8156863 0.8156863 1 0.8156863 0.8156863 0.8156863 1 0.8313726 0.8313726 0.8313726 1 0.6901961 0.6901961 0.6901961 1 0.6901961 0.6901961 0.6901961 1 0.7411765 0.7411765 0.7411765 1 0.6431373 0.6431373 0.6431373 1 0.7411765 0.7411765 0.7411765 1 0.6901961 0.6901961 0.6901961 1 0.8313726 0.8313726 0.8313726 1 0.6941177 0.6941177 0.6941177 1 0.6431373 0.6431373 0.6431373 1 0.7411765 0.7411765 0.7411765 1 0.7333334 0.7333334 0.7333334 1 0.7568628 0.7568628 0.7568628 1 0.682353 0.682353 0.682353 1 0.7568628 0.7568628 0.7568628 1 0.7333334 0.7333334 0.7333334 1 0.7921569 0.7921569 0.7921569 1 0.8156863 0.8156863 0.8156863 1 0.7921569 0.7921569 0.7921569 1 0.7333334 0.7333334 0.7333334 1 0.6470589 0.6470589 0.6470589 1 0.7568628 0.7568628 0.7568628 1 0.7490196 0.7490196 0.7490196 1 0.6470589 0.6470589 0.6470589 1 0.682353 0.682353 0.682353 1 0.7568628 0.7568628 0.7568628 1 0.7568628 0.7568628 0.7568628 1 0.8078432 0.8078432 0.8078432 1 0.7490196 0.7490196 0.7490196 1 0.8078432 0.8078432 0.8078432 1 0.7568628 0.7568628 0.7568628 1 0.8156863 0.8156863 0.8156863 1 0.7921569 0.7921569 0.7921569 1 0.8156863 0.8156863 0.8156863 1 0.7568628 0.7568628 0.7568628 1 0.9372549 0.9372549 0.9372549 1 0.8941177 0.8941177 0.8941177 1 0.8156863 0.8156863 0.8156863 1 0.8156863 0.8156863 0.8156863 1 0.7921569 0.7921569 0.7921569 1 0.9372549 0.9372549 0.9372549 1 0.8078432 0.8078432 0.8078432 1 0.8156863 0.8156863 0.8156863 1 0.8941177 0.8941177 0.8941177 1 0.8156863 0.8156863 0.8156863 1 0.7921569 0.7921569 0.7921569 1 0.7921569 0.7921569 0.7921569 1 0.7921569 0.7921569 0.7921569 1 0.8352941 0.8352941 0.8352941 1 0.9098039 0.9098039 0.9098039 1 0.7921569 0.7921569 0.7921569 1 0.854902 0.854902 0.854902 1 0.8352941 0.8352941 0.8352941 1 0.854902 0.854902 0.854902 1 0.7921569 0.7921569 0.7921569 1 0.7921569 0.7921569 0.7921569 1 0.9058824 0.9058824 0.9058824 1 0.9372549 0.9372549 0.9372549 1 0.7921569 0.7921569 0.7921569 1 0.7921569 0.7921569 0.7921569 1 0.9098039 0.9098039 0.9098039 1 0.9058824 0.9058824 0.9058824 1 0.9372549 0.9372549 0.9372549 1 0.9568628 0.9568628 0.9568628 1 0.9176471 0.9176471 0.9176471 1 0.9450981 0.9450981 0.9450981 1 0.9176471 0.9176471 0.9176471 1 0.9568628 0.9568628 0.9568628 1 0.9176471 0.9176471 0.9176471 1 0.9294118 0.9294118 0.9294118 1 0.9372549 0.9372549 0.9372549 1 0.9372549 0.9372549 0.9372549 1 0.854902 0.854902 0.854902 1 0.8666667 0.8666667 0.8666667 1 0.9372549 0.9372549 0.9372549 1 0.9294118 0.9294118 0.9294118 1 0.854902 0.854902 0.854902 1 0.8666667 0.8666667 0.8666667 1 0.8745098 0.8745098 0.8745098 1 0.9372549 0.9372549 0.9372549 1 0.9294118 0.9294118 0.9294118 1 0.9372549 0.9372549 0.9372549 1 0.9294118 0.9294118 0.9294118 1 0.9568628 0.9568628 0.9568628 1 0.9372549 0.9372549 0.9372549 1 0.8745098 0.8745098 0.8745098 1 0.8745098 0.8745098 0.8745098 1 0.854902 0.854902 0.854902 1 0.9568628 0.9568628 0.9568628 1 0.7607843 0.7607843 0.7607843 1 0.854902 0.854902 0.854902 1 0.8745098 0.8745098 0.8745098 1 0.8745098 0.8745098 0.8745098 1 0.7607843 0.7607843 0.7607843 1 0.7607843 0.7607843 0.7607843 1 0.8745098 0.8745098 0.8745098 1 0.8666667 0.8666667 0.8666667 1 0.7607843 0.7607843 0.7607843 1 0.7607843 0.7607843 0.7607843 1 0.7568628 0.7568628 0.7568628 1 0.7333334 0.7333334 0.7333334 1 0.7568628 0.7568628 0.7568628 1 0.7607843 0.7607843 0.7607843 1 0.8666667 0.8666667 0.8666667 1 0.7333334 0.7333334 0.7333334 1 0.7607843 0.7607843 0.7607843 1 0.7607843 0.7607843 0.7607843 1 0.6666667 0.6666667 0.6666667 1 0.7333334 0.7333334 0.7333334 1 0.7568628 0.7568628 0.7568628 1 0.7333334 0.7333334 0.7333334 1 0.6470589 0.6470589 0.6470589 1 0.7607843 0.7607843 0.7607843 1 0.7333334 0.7333334 0.7333334 1 0.8941177 0.8941177 0.8941177 1 0.6470589 0.6470589 0.6470589 1 0.7333334 0.7333334 0.7333334 1 0.6666667 0.6666667 0.6666667 1 0.9294118 0.9294118 0.9294118 1 0.9294118 0.9294118 0.9294118 1 0.8941177 0.8941177 0.8941177 1 0.7333334 0.7333334 0.7333334 1 0.9294118 0.9294118 0.9294118 1 0.9294118 0.9294118 0.9294118 1 0.9176471 0.9176471 0.9176471 1 0.9294118 0.9294118 0.9294118 1 0.9294118 0.9294118 0.9294118 1 0.6666667 0.6666667 0.6666667 1 0.8941177 0.8941177 0.8941177 1 0.9294118 0.9294118 0.9294118 1 0.9568628 0.9568628 0.9568628 1 0.9176471 0.9176471 0.9176471 1 0.9568628 0.9568628 0.9568628 1 0.9294118 0.9294118 0.9294118 1 0.9568628 0.9568628 0.9568628 1 0.9411765 0.9411765 0.9411765 1 0.8941177 0.8941177 0.8941177 1 0.9568628 0.9568628 0.9568628 1 0.6941177 0.6941177 0.6941177 1 0.9411765 0.9411765 0.9411765 1 0.9176471 0.9176471 0.9176471 1 0.7058824 0.7058824 0.7058824 1 0.9568628 0.9568628 0.9568628 1 0.6941177 0.6941177 0.6941177 1 0.9568628 0.9568628 0.9568628 1 0.7058824 0.7058824 0.7058824 1 0.6941177 0.6941177 0.6941177 1 0.7058824 0.7058824 0.7058824 1 0.4666666 0.4666666 0.4666666 1 0.4666666 0.4666666 0.4666666 1 0.6470589 0.6470589 0.6470589 1 0.6941177 0.6941177 0.6941177 1 0.9411765 0.9411765 0.9411765 1 0.6941177 0.6941177 0.6941177 1 0.6470589 0.6470589 0.6470589 1 0.6470589 0.6470589 0.6470589 1 0.4666666 0.4666666 0.4666666 1 0.6196079 0.6196079 0.6196079 1 0.6470589 0.6470589 0.6470589 1 0.854902 0.854902 0.854902 1 0.9411765 0.9411765 0.9411765 1 0.6196079 0.6196079 0.6196079 1 0.854902 0.854902 0.854902 1 0.6470589 0.6470589 0.6470589 1 0.5764706 0.5764706 0.5764706 1 0.6196079 0.6196079 0.6196079 1 0.4666666 0.4666666 0.4666666 1 0.6196079 0.6196079 0.6196079 1 0.5764706 0.5764706 0.5764706 1 0.6901961 0.6901961 0.6901961 1 0.854902 0.854902 0.854902 1 0.6196079 0.6196079 0.6196079 1 0.7333334 0.7333334 0.7333334 1 0.6901961 0.6901961 0.6901961 1 0.7333334 0.7333334 0.7333334 1 0.6196079 0.6196079 0.6196079 1 0.854902 0.854902 0.854902 1 0.7333334 0.7333334 0.7333334 1 0.6313726 0.6313726 0.6313726 1 0.7333334 0.7333334 0.7333334 1 0.6901961 0.6901961 0.6901961 1 0.6313726 0.6313726 0.6313726 1 0.6313726 0.6313726 0.6313726 1 0.6313726 0.6313726 0.6313726 1 0.7333334 0.7333334 0.7333334 1 0.854902 0.854902 0.854902 1 0.6313726 0.6313726 0.6313726 1 0.7137255 0.7137255 0.7137255 1 0.4196078 0.4196078 0.4196078 1 0.7137255 0.7137255 0.7137255 1 0.6313726 0.6313726 0.6313726 1 0.6313726 0.6313726 0.6313726 1 0.6313726 0.6313726 0.6313726 1 0.4196078 0.4196078 0.4196078 1 0.4392157 0.4392157 0.4392157 1 0.4196078 0.4196078 0.4196078 1 0.6313726 0.6313726 0.6313726 1 0.4196078 0.4196078 0.4196078 1 0.4392157 0.4392157 0.4392157 1 0.4627451 0.4627451 0.4627451 1 0.4784314 0.4784314 0.4784314 1 0.4196078 0.4196078 0.4196078 1 0.5254902 0.5254902 0.5254902 1 0.4196078 0.4196078 0.4196078 1 0.4784314 0.4784314 0.4784314 1 0.7137255 0.7137255 0.7137255 1 0.4627451 0.4627451 0.4627451 1 0.5254902 0.5254902 0.5254902 1 0.4196078 0.4196078 0.4196078 1 0.4196078 0.4196078 0.4196078 1 0.4627451 0.4627451 0.4627451 1 0.4627451 0.4627451 0.4627451 1 0.4784314 0.4784314 0.4784314 1 0.4627451 0.4627451 0.4627451 1 0.4392157 0.4392157 0.4392157 1 0.4784314 0.4784314 0.4784314 1 0.4862745 0.4862745 0.4862745 1 0.4627451 0.4627451 0.4627451 1 0.4862745 0.4862745 0.4862745 1 0.4627451 0.4627451 0.4627451 1 0.4627451 0.4627451 0.4627451 1 0.4627451 0.4627451 0.4627451 1 0.509804 0.509804 0.509804 1 0.4862745 0.4862745 0.4862745 1 0.509804 0.509804 0.509804 1 0.4627451 0.4627451 0.4627451 1 0.4862745 0.4862745 0.4862745 1 0.4862745 0.4862745 0.4862745 1 0.4784314 0.4784314 0.4784314 1 0.509804 0.509804 0.509804 1 0.509804 0.509804 0.509804 1 0.5294118 0.5294118 0.5294118 1 0.4862745 0.4862745 0.4862745 1 0.509804 0.509804 0.509804 1 0.4862745 0.4862745 0.4862745 1 0.5294118 0.5294118 0.5294118 1 0.5960785 0.5960785 0.5960785 1 0.5294118 0.5294118 0.5294118 1 0.627451 0.627451 0.627451 1 0.5294118 0.5294118 0.5294118 1 0.5960785 0.5960785 0.5960785 1 0.509804 0.509804 0.509804 1 0.5529412 0.5529412 0.5529412 1 0.627451 0.627451 0.627451 1 0.5294118 0.5294118 0.5294118 1 0.5294118 0.5294118 0.5294118 1 0.509804 0.509804 0.509804 1 0.5529412 0.5529412 0.5529412 1 0.627451 0.627451 0.627451 1 0.654902 0.654902 0.654902 1 0.5960785 0.5960785 0.5960785 1 0.627451 0.627451 0.627451 1 0.6901961 0.6901961 0.6901961 1 0.654902 0.654902 0.654902 1 0.627451 0.627451 0.627451 1 0.5529412 0.5529412 0.5529412 1 0.6431373 0.6431373 0.6431373 1 0.6431373 0.6431373 0.6431373 1 0.6431373 0.6431373 0.6431373 1 0.627451 0.627451 0.627451 1 0.6901961 0.6901961 0.6901961 1 0.627451 0.627451 0.627451 1 0.6431373 0.6431373 0.6431373 1 0.7529412 0.7529412 0.7529412 1 0.654902 0.654902 0.654902 1 0.6901961 0.6901961 0.6901961 1 0.6901961 0.6901961 0.6901961 1 0.7764706 0.7764706 0.7764706 1 0.7529412 0.7529412 0.7529412 1 0.7529412 0.7529412 0.7529412 1 0.6745098 0.6745098 0.6745098 1 0.8 0.8 0.8 1 0.7686275 0.7686275 0.7686275 1 0.8 0.8 0.8 1 0.6745098 0.6745098 0.6745098 1 0.6745098 0.6745098 0.6745098 1 0.6470589 0.6470589 0.6470589 1 0.7686275 0.7686275 0.7686275 1 0.7490196 0.7490196 0.7490196 1 0.7686275 0.7686275 0.7686275 1 0.6470589 0.6470589 0.6470589 1 0.7490196 0.7490196 0.7490196 1 0.8313726 0.8313726 0.8313726 1 0.7686275 0.7686275 0.7686275 1 0.7960785 0.7960785 0.7960785 1 0.7686275 0.7686275 0.7686275 1 0.8313726 0.8313726 0.8313726 1 0.7686275 0.7686275 0.7686275 1 0.7960785 0.7960785 0.7960785 1 0.8 0.8 0.8 1 0.8509804 0.8509804 0.8509804 1 0.8 0.8 0.8 1 0.7960785 0.7960785 0.7960785 1 0.7960785 0.7960785 0.7960785 1 0.8901961 0.8901961 0.8901961 1 0.8509804 0.8509804 0.8509804 1 0.8313726 0.8313726 0.8313726 1 0.9098039 0.9098039 0.9098039 1 0.7960785 0.7960785 0.7960785 1 0.8901961 0.8901961 0.8901961 1 0.7960785 0.7960785 0.7960785 1 0.9098039 0.9098039 0.9098039 1 0.9294118 0.9294118 0.9294118 1 0.9411765 0.9411765 0.9411765 1 0.9019608 0.9019608 0.9019608 1 0.9019608 0.9019608 0.9019608 1 0.9019608 0.9019608 0.9019608 1 0.9411765 0.9411765 0.9411765 1 0.8941177 0.8941177 0.8941177 1 0.8509804 0.8509804 0.8509804 1 0.8901961 0.8901961 0.8901961 1 0.9411765 0.9411765 0.9411765 1 0.9529412 0.9529412 0.9529412 1 0.9058824 0.9058824 0.9058824 1 0.9411765 0.9411765 0.9411765 1 0.9294118 0.9294118 0.9294118 1 0.9529412 0.9529412 0.9529412 1 0.9058824 0.9058824 0.9058824 1 0.8901961 0.8901961 0.8901961 1 0.9411765 0.9411765 0.9411765 1 0.9411765 0.9411765 0.9411765 1 0.9450981 0.9450981 0.9450981 1 0.9019608 0.9019608 0.9019608 1 0.9450981 0.9450981 0.9450981 1 0.9411765 0.9411765 0.9411765 1 0.8901961 0.8901961 0.8901961 1 0.8901961 0.8901961 0.8901961 1 0.9176471 0.9176471 0.9176471 1 0.9450981 0.9450981 0.9450981 1 0.9568628 0.9568628 0.9568628 1 0.9450981 0.9450981 0.9450981 1 0.9176471 0.9176471 0.9176471 1 0.9450981 0.9450981 0.9450981 1 0.9568628 0.9568628 0.9568628 1 0.9176471 0.9176471 0.9176471 1 0.9176471 0.9176471 0.9176471 1 0.9019608 0.9019608 0.9019608 1 0.9450981 0.9450981 0.9450981 1 0.9176471 0.9176471 0.9176471 1 0.9568628 0.9568628 0.9568628 1 0.8901961 0.8901961 0.8901961 1 0.8901961 0.8901961 0.8901961 1 0.8745098 0.8745098 0.8745098 1 0.9176471 0.9176471 0.9176471 1 0.9137255 0.9137255 0.9137255 1 0.854902 0.854902 0.854902 1 0.8431373 0.8431373 0.8431373 1 0.9137255 0.9137255 0.9137255 1 0.8431373 0.8431373 0.8431373 1 0.8941177 0.8941177 0.8941177 1 0.854902 0.854902 0.854902 1 0.8431373 0.8431373 0.8431373 1 0.854902 0.854902 0.854902 1 0.8431373 0.8431373 0.8431373 1 0.854902 0.854902 0.854902 1 0.8509804 0.8509804 0.8509804 1 0.8509804 0.8509804 0.8509804 1 0.8941177 0.8941177 0.8941177 1 0.8431373 0.8431373 0.8431373 1 0.854902 0.854902 0.854902 1 0.7529412 0.7529412 0.7529412 1 0.854902 0.854902 0.854902 1 0.8 0.8 0.8 1 0.854902 0.854902 0.854902 1 0.7529412 0.7529412 0.7529412 1 0.8 0.8 0.8 1 0.8509804 0.8509804 0.8509804 1 0.854902 0.854902 0.854902 1 0.7529412 0.7529412 0.7529412 1 0.8745098 0.8745098 0.8745098 1 0.8901961 0.8901961 0.8901961 1 0.8745098 0.8745098 0.8745098 1 0.7529412 0.7529412 0.7529412 1 0.7764706 0.7764706 0.7764706 1 0.9176471 0.9176471 0.9176471 1 0.8117647 0.8117647 0.8117647 1 0.8901961 0.8901961 0.8901961 1 0.7529412 0.7529412 0.7529412 1 0.8901961 0.8901961 0.8901961 1 0.8117647 0.8117647 0.8117647 1 0.9176471 0.9176471 0.9176471 1 0.8901961 0.8901961 0.8901961 1 0.9568628 0.9568628 0.9568628 1 0.6941177 0.6941177 0.6941177 1 0.8117647 0.8117647 0.8117647 1 0.6705883 0.6705883 0.6705883 1 0.8313726 0.8313726 0.8313726 1 0.6705883 0.6705883 0.6705883 1 0.8117647 0.8117647 0.8117647 1 0.8117647 0.8117647 0.8117647 1 0.9176471 0.9176471 0.9176471 1 0.8313726 0.8313726 0.8313726 1 0.8117647 0.8117647 0.8117647 1 0.6941177 0.6941177 0.6941177 1 0.7529412 0.7529412 0.7529412 1 0.5960785 0.5960785 0.5960785 1 0.6941177 0.6941177 0.6941177 1 0.5686275 0.5686275 0.5686275 1 0.6941177 0.6941177 0.6941177 1 0.5960785 0.5960785 0.5960785 1 0.654902 0.654902 0.654902 1 0.6705883 0.6705883 0.6705883 1 0.5686275 0.5686275 0.5686275 1 0.6941177 0.6941177 0.6941177 1 0.654902 0.654902 0.654902 1 0.7529412 0.7529412 0.7529412 1 0.6941177 0.6941177 0.6941177 1 0.5686275 0.5686275 0.5686275 1 0.5333334 0.5333334 0.5333334 1 0.5960785 0.5960785 0.5960785 1 0.5686275 0.5686275 0.5686275 1 0.5725491 0.5725491 0.5725491 1 0.5333334 0.5333334 0.5333334 1 0.5686275 0.5686275 0.5686275 1 0.6705883 0.6705883 0.6705883 1 0.5725491 0.5725491 0.5725491 1 0.5725491 0.5725491 0.5725491 1 0.6705883 0.6705883 0.6705883 1 0.7294118 0.7294118 0.7294118 1 0.4862745 0.4862745 0.4862745 1 0.5333334 0.5333334 0.5333334 1 0.5725491 0.5725491 0.5725491 1 0.4862745 0.4862745 0.4862745 1 0.5725491 0.5725491 0.5725491 1 0.6313726 0.6313726 0.6313726 1 0.7294118 0.7294118 0.7294118 1 0.6313726 0.6313726 0.6313726 1 0.5725491 0.5725491 0.5725491 1 0.8313726 0.8313726 0.8313726 1 0.7294118 0.7294118 0.7294118 1 0.6705883 0.6705883 0.6705883 1 0.6313726 0.6313726 0.6313726 1 0.7294118 0.7294118 0.7294118 1 0.7254902 0.7254902 0.7254902 1 0.7294118 0.7294118 0.7294118 1 0.8313726 0.8313726 0.8313726 1 0.8235294 0.8235294 0.8235294 1 0.8235294 0.8235294 0.8235294 1 0.7254902 0.7254902 0.7254902 1 0.7294118 0.7294118 0.7294118 1 0.8901961 0.8901961 0.8901961 1 0.8235294 0.8235294 0.8235294 1 0.8313726 0.8313726 0.8313726 1 0.8901961 0.8901961 0.8901961 1 0.9058824 0.9058824 0.9058824 1 0.8235294 0.8235294 0.8235294 1 0.8235294 0.8235294 0.8235294 1 0.827451 0.827451 0.827451 1 0.7254902 0.7254902 0.7254902 1 0.827451 0.827451 0.827451 1 0.8235294 0.8235294 0.8235294 1 0.9058824 0.9058824 0.9058824 1 0.9058824 0.9058824 0.9058824 1 0.9019608 0.9019608 0.9019608 1 0.827451 0.827451 0.827451 1 0.7686275 0.7686275 0.7686275 1 0.827451 0.827451 0.827451 1 0.9019608 0.9019608 0.9019608 1 0.7686275 0.7686275 0.7686275 1 0.7254902 0.7254902 0.7254902 1 0.827451 0.827451 0.827451 1 0.9019608 0.9019608 0.9019608 1 0.854902 0.854902 0.854902 1 0.7686275 0.7686275 0.7686275 1 0.6705883 0.6705883 0.6705883 1 0.7686275 0.7686275 0.7686275 1 0.854902 0.854902 0.854902 1 0.6705883 0.6705883 0.6705883 1 0.5764706 0.5764706 0.5764706 1 0.7686275 0.7686275 0.7686275 1 0.7254902 0.7254902 0.7254902 1 0.7686275 0.7686275 0.7686275 1 0.5764706 0.5764706 0.5764706 1 0.5254902 0.5254902 0.5254902 1 0.4627451 0.4627451 0.4627451 1 0.5764706 0.5764706 0.5764706 1 0.5137255 0.5137255 0.5137255 1 0.5764706 0.5764706 0.5764706 1 0.4627451 0.4627451 0.4627451 1 0.5764706 0.5764706 0.5764706 1 0.6705883 0.6705883 0.6705883 1 0.5254902 0.5254902 0.5254902 1 0.7254902 0.7254902 0.7254902 1 0.5764706 0.5764706 0.5764706 1 0.6313726 0.6313726 0.6313726 1 0.5137255 0.5137255 0.5137255 1 0.6313726 0.6313726 0.6313726 1 0.5764706 0.5764706 0.5764706 1 0.4627451 0.4627451 0.4627451 1 0.4862745 0.4862745 0.4862745 1 0.5137255 0.5137255 0.5137255 1 0.6313726 0.6313726 0.6313726 1 0.5137255 0.5137255 0.5137255 1 0.4862745 0.4862745 0.4862745 1 0.6705883 0.6705883 0.6705883 1 0.854902 0.854902 0.854902 1 0.6901961 0.6901961 0.6901961 1 0.6901961 0.6901961 0.6901961 1 0.5254902 0.5254902 0.5254902 1 0.6705883 0.6705883 0.6705883 1 0.6901961 0.6901961 0.6901961 1 0.7607843 0.7607843 0.7607843 1 0.6470589 0.6470589 0.6470589 1 0.6470589 0.6470589 0.6470589 1 0.4784314 0.4784314 0.4784314 1 0.6901961 0.6901961 0.6901961 1 0.5254902 0.5254902 0.5254902 1 0.6901961 0.6901961 0.6901961 1 0.4784314 0.4784314 0.4784314 1 0.7607843 0.7607843 0.7607843 1 0.6901961 0.6901961 0.6901961 1 0.854902 0.854902 0.854902 1 0.9529412 0.9529412 0.9529412 1 0.9372549 0.9372549 0.9372549 1 0.9019608 0.9019608 0.9019608 1 0.9019608 0.9019608 0.9019608 1 0.9058824 0.9058824 0.9058824 1 0.9529412 0.9529412 0.9529412 1 0.854902 0.854902 0.854902 1 0.9019608 0.9019608 0.9019608 1 0.9372549 0.9372549 0.9372549 1 0.9372549 0.9372549 0.9372549 1 0.9568628 0.9568628 0.9568628 1 0.854902 0.854902 0.854902 1 0.9568628 0.9568628 0.9568628 1 0.9372549 0.9372549 0.9372549 1 0.9450981 0.9450981 0.9450981 1 0.8941177 0.8941177 0.8941177 1 0.9450981 0.9450981 0.9450981 1 0.9372549 0.9372549 0.9372549 1 0.9372549 0.9372549 0.9372549 1 0.9294118 0.9294118 0.9294118 1 0.8941177 0.8941177 0.8941177 1 0.9372549 0.9372549 0.9372549 1 0.9529412 0.9529412 0.9529412 1 0.9294118 0.9294118 0.9294118 1 0.509804 0.509804 0.509804 1 0.5960785 0.5960785 0.5960785 1 0.5333334 0.5333334 0.5333334 1 0.5333334 0.5333334 0.5333334 1 0.4862745 0.4862745 0.4862745 1 0.509804 0.509804 0.509804 1 0.8901961 0.8901961 0.8901961 1 0.8313726 0.8313726 0.8313726 1 0.9176471 0.9176471 0.9176471 1 0.8941177 0.8941177 0.8941177 1 0.9098039 0.9098039 0.9098039 1 0.8078432 0.8078432 0.8078432 1 0.8313726 0.8313726 0.8313726 1 0.8078432 0.8078432 0.8078432 1 0.9098039 0.9098039 0.9098039 1 0.8313726 0.8313726 0.8313726 1 0.7490196 0.7490196 0.7490196 1 0.8078432 0.8078432 0.8078432 1 0.5333334 0.5333334 0.5333334 1 0.5529412 0.5529412 0.5529412 1 0.509804 0.509804 0.509804 1 0.5176471 0.5176471 0.5176471 1 0.509804 0.509804 0.509804 1 0.4784314 0.4784314 0.4784314 1 0.509804 0.509804 0.509804 1 0.5176471 0.5176471 0.5176471 1 0.5333334 0.5333334 0.5333334 1 0.6313726 0.6313726 0.6313726 1 0.5176471 0.5176471 0.5176471 1 0.4784314 0.4784314 0.4784314 1 0.4784314 0.4784314 0.4784314 1 0.4392157 0.4392157 0.4392157 1 0.6313726 0.6313726 0.6313726 1 0.6313726 0.6313726 0.6313726 1 0.6313726 0.6313726 0.6313726 1 0.4392157 0.4392157 0.4392157 1 0.6313726 0.6313726 0.6313726 1 0.6313726 0.6313726 0.6313726 1 0.6901961 0.6901961 0.6901961 1 0.6901961 0.6901961 0.6901961 1 0.6705883 0.6705883 0.6705883 1 0.6313726 0.6313726 0.6313726 1 0.6313726 0.6313726 0.6313726 1 0.6745098 0.6745098 0.6745098 1 0.5176471 0.5176471 0.5176471 1 0.6745098 0.6745098 0.6745098 1 0.6313726 0.6313726 0.6313726 1 0.6705883 0.6705883 0.6705883 1 0.6745098 0.6745098 0.6745098 1 0.6705883 0.6705883 0.6705883 1 0.6901961 0.6901961 0.6901961 1 0.5529412 0.5529412 0.5529412 1 0.6901961 0.6901961 0.6901961 1 0.6705883 0.6705883 0.6705883 1 0.6705883 0.6705883 0.6705883 1 0.6901961 0.6901961 0.6901961 1 0.5764706 0.5764706 0.5764706 1 0.6705883 0.6705883 0.6705883 1 0.5764706 0.5764706 0.5764706 1 0.5529412 0.5529412 0.5529412 1 0.4666666 0.4666666 0.4666666 1 0.5529412 0.5529412 0.5529412 1 0.5764706 0.5764706 0.5764706 1 0.6901961 0.6901961 0.6901961 1 0.5529412 0.5529412 0.5529412 1 0.5529412 0.5529412 0.5529412 1 0.4666666 0.4666666 0.4666666 1 0.5529412 0.5529412 0.5529412 1 0.5529412 0.5529412 0.5529412 1 0.4666666 0.4666666 0.4666666 1 0.6 0.6 0.6 1 0.5529412 0.5529412 0.5529412 1 0.5529412 0.5529412 0.5529412 1 0.7176471 0.7176471 0.7176471 1 0.6901961 0.6901961 0.6901961 1 0.7176471 0.7176471 0.7176471 1 0.5529412 0.5529412 0.5529412 1 0.6 0.6 0.6 1 0.7686275 0.7686275 0.7686275 1 0.7176471 0.7176471 0.7176471 1 0.8980392 0.8980392 0.8980392 1 0.7686275 0.7686275 0.7686275 1 0.6901961 0.6901961 0.6901961 1 0.7176471 0.7176471 0.7176471 1 0.7176471 0.7176471 0.7176471 1 0.6 0.6 0.6 1 0.8431373 0.8431373 0.8431373 1 0.8431373 0.8431373 0.8431373 1 0.8980392 0.8980392 0.8980392 1 0.7176471 0.7176471 0.7176471 1 0.8980392 0.8980392 0.8980392 1 0.8431373 0.8431373 0.8431373 1 0.9294118 0.9294118 0.9294118 1 0.9176471 0.9176471 0.9176471 1 0.9294118 0.9294118 0.9294118 1 0.8431373 0.8431373 0.8431373 1 0.6431373 0.6431373 0.6431373 1 0.8431373 0.8431373 0.8431373 1 0.6 0.6 0.6 1 0.8431373 0.8431373 0.8431373 1 0.6588236 0.6588236 0.6588236 1 0.9176471 0.9176471 0.9176471 1 0.6431373 0.6431373 0.6431373 1 0.6588236 0.6588236 0.6588236 1 0.8431373 0.8431373 0.8431373 1 0.6588236 0.6588236 0.6588236 1 0.6431373 0.6431373 0.6431373 1 0.4666666 0.4666666 0.4666666 1 0.6 0.6 0.6 1 0.4666666 0.4666666 0.4666666 1 0.6431373 0.6431373 0.6431373 1 0.7058824 0.7058824 0.7058824 1 0.9176471 0.9176471 0.9176471 1 0.6588236 0.6588236 0.6588236 1 0.6588236 0.6588236 0.6588236 1 0.4666666 0.4666666 0.4666666 1 0.7058824 0.7058824 0.7058824 1 0.6901961 0.6901961 0.6901961 1 0.7686275 0.7686275 0.7686275 1 0.6745098 0.6745098 0.6745098 1 0.4784314 0.4784314 0.4784314 1 0.6470589 0.6470589 0.6470589 1 0.8941177 0.8941177 0.8941177 1 0.8941177 0.8941177 0.8941177 1 0.7137255 0.7137255 0.7137255 1 0.4784314 0.4784314 0.4784314 1 0.7137255 0.7137255 0.7137255 1 0.9411765 0.9411765 0.9411765 1 0.854902 0.854902 0.854902 1 0.7137255 0.7137255 0.7137255 1 0.8941177 0.8941177 0.8941177 1 0.9411765 0.9411765 0.9411765 1 0.9294118 0.9294118 0.9294118 1 0.6666667 0.6666667 0.6666667 1 0.8980392 0.8980392 0.8980392 1 0.854902 0.854902 0.854902 1 0.7490196 0.7490196 0.7490196 1 0.7568628 0.7568628 0.7568628 1 0.7568628 0.7568628 0.7568628 1 0.8666667 0.8666667 0.8666667 1 0.854902 0.854902 0.854902 1 0.6666667 0.6666667 0.6666667 1 0.7568628 0.7568628 0.7568628 1 0.7490196 0.7490196 0.7490196 1 0.7490196 0.7490196 0.7490196 1 0.7058824 0.7058824 0.7058824 1 0.6666667 0.6666667 0.6666667 1 0.7058824 0.7058824 0.7058824 1 0.7490196 0.7490196 0.7490196 1 0.8117647 0.8117647 0.8117647 1 0.854902 0.854902 0.854902 1 0.8117647 0.8117647 0.8117647 1 0.7490196 0.7490196 0.7490196 1 0.7058824 0.7058824 0.7058824 1 0.8117647 0.8117647 0.8117647 1 0.6392157 0.6392157 0.6392157 1 0.7058824 0.7058824 0.7058824 1 0.6392157 0.6392157 0.6392157 1 0.8117647 0.8117647 0.8117647 1 0.9294118 0.9294118 0.9294118 1 0.9176471 0.9176471 0.9176471 1 0.8117647 0.8117647 0.8117647 1 0.8117647 0.8117647 0.8117647 1 0.854902 0.854902 0.854902 1 0.9294118 0.9294118 0.9294118 1 0.8117647 0.8117647 0.8117647 1 0.8156863 0.8156863 0.8156863 1 0.7058824 0.7058824 0.7058824 1 0.8156863 0.8156863 0.8156863 1 0.8117647 0.8117647 0.8117647 1 0.9176471 0.9176471 0.9176471 1 0.9176471 0.9176471 0.9176471 1 0.9294118 0.9294118 0.9294118 1 0.9254902 0.9254902 0.9254902 1 0.9176471 0.9176471 0.9176471 1 0.9254902 0.9254902 0.9254902 1 0.8156863 0.8156863 0.8156863 1 0.8313726 0.8313726 0.8313726 1 0.8156863 0.8156863 0.8156863 1 0.9254902 0.9254902 0.9254902 1 0.854902 0.854902 0.854902 1 0.9098039 0.9098039 0.9098039 1 0.8392157 0.8392157 0.8392157 1 0.9098039 0.9098039 0.9098039 1 0.854902 0.854902 0.854902 1 0.8156863 0.8156863 0.8156863 1 0.9294118 0.9294118 0.9294118 1 0.9254902 0.9254902 0.9254902 1 0.9294118 0.9294118 0.9294118 1 0.9098039 0.9098039 0.9098039 1 0.9098039 0.9098039 0.9098039 1 0.8352941 0.8352941 0.8352941 1 0.8352941 0.8352941 0.8352941 1 0.8392157 0.8392157 0.8392157 1 0.9098039 0.9098039 0.9098039 1 0.8392157 0.8392157 0.8392157 1 0.8352941 0.8352941 0.8352941 1 0.854902 0.854902 0.854902 1 0.7921569 0.7921569 0.7921569 1 0.8156863 0.8156863 0.8156863 1 0.854902 0.854902 0.854902 1 0.6941177 0.6941177 0.6941177 1 0.6431373 0.6431373 0.6431373 1 0.6431373 0.6431373 0.6431373 1 0.7607843 0.7607843 0.7607843 1 0.8862745 0.8862745 0.8862745 1 0.7803922 0.7803922 0.7803922 1 0.7607843 0.7607843 0.7607843 1 0.6156863 0.6156863 0.6156863 1 0.8862745 0.8862745 0.8862745 1 0.7960785 0.7960785 0.7960785 1 0.7960785 0.7960785 0.7960785 1 0.7607843 0.7607843 0.7607843 1 0.8039216 0.8039216 0.8039216 1 0.7607843 0.7607843 0.7607843 1 0.7960785 0.7960785 0.7960785 1 0.7607843 0.7607843 0.7607843 1 0.8039216 0.8039216 0.8039216 1 0.8352941 0.8352941 0.8352941 1 0.7607843 0.7607843 0.7607843 1 0.8352941 0.8352941 0.8352941 1 0.6078432 0.6078432 0.6078432 1 0.7607843 0.7607843 0.7607843 1 0.8352941 0.8352941 0.8352941 1 0.8352941 0.8352941 0.8352941 1 0.7607843 0.7607843 0.7607843 1 0.7803922 0.7803922 0.7803922 1 0.7960785 0.7960785 0.7960785 1 0.6156863 0.6156863 0.6156863 1 0.7607843 0.7607843 0.7607843 1 0.509804 0.509804 0.509804 1 0.6078432 0.6078432 0.6078432 1 0.509804 0.509804 0.509804 1 0.7607843 0.7607843 0.7607843 1 0.509804 0.509804 0.509804 1 0.6078432 0.6078432 0.6078432 1 0.509804 0.509804 0.509804 1 0.9372549 0.9372549 0.9372549 1 0.6078432 0.6078432 0.6078432 1 0.8352941 0.8352941 0.8352941 1 0.6078432 0.6078432 0.6078432 1 0.9372549 0.9372549 0.9372549 1 0.7176471 0.7176471 0.7176471 1 0.509804 0.509804 0.509804 1 0.509804 0.509804 0.509804 1 0.6078432 0.6078432 0.6078432 1 0.6078432 0.6078432 0.6078432 1 0.7176471 0.7176471 0.7176471 1 0.509804 0.509804 0.509804 1 0.9372549 0.9372549 0.9372549 1 0.7176471 0.7176471 0.7176471 1 0.9372549 0.9372549 0.9372549 1 0.7411765 0.7411765 0.7411765 1 0.509804 0.509804 0.509804 1 0.7176471 0.7176471 0.7176471 1 0.7176471 0.7176471 0.7176471 1 0.9372549 0.9372549 0.9372549 1 0.7411765 0.7411765 0.7411765 1 0.9294118 0.9294118 0.9294118 1 0.7411765 0.7411765 0.7411765 1 0.9372549 0.9372549 0.9372549 1 0.9372549 0.9372549 0.9372549 1 0.9411765 0.9411765 0.9411765 1 0.9294118 0.9294118 0.9294118 1 0.9372549 0.9372549 0.9372549 1 0.9411765 0.9411765 0.9411765 1 0.9372549 0.9372549 0.9372549 1 0.9411765 0.9411765 0.9411765 1 0.9372549 0.9372549 0.9372549 1 0.9176471 0.9176471 0.9176471 1 0.9176471 0.9176471 0.9176471 1 0.854902 0.854902 0.854902 1 0.9411765 0.9411765 0.9411765 1 0.9294118 0.9294118 0.9294118 1 0.9411765 0.9411765 0.9411765 1 0.854902 0.854902 0.854902 1 0.9294118 0.9294118 0.9294118 1 0.9294118 0.9294118 0.9294118 1 0.9411765 0.9411765 0.9411765 1 0.854902 0.854902 0.854902 1 0.7686275 0.7686275 0.7686275 1 0.9294118 0.9294118 0.9294118 1 0.827451 0.827451 0.827451 1 0.9294118 0.9294118 0.9294118 1 0.7686275 0.7686275 0.7686275 1 0.9294118 0.9294118 0.9294118 1 0.827451 0.827451 0.827451 1 0.9294118 0.9294118 0.9294118 1 0.7686275 0.7686275 0.7686275 1 0.6196079 0.6196079 0.6196079 1 0.827451 0.827451 0.827451 1 0.509804 0.509804 0.509804 1 0.827451 0.827451 0.827451 1 0.6196079 0.6196079 0.6196079 1 0.827451 0.827451 0.827451 1 0.509804 0.509804 0.509804 1 0.7372549 0.7372549 0.7372549 1 0.7372549 0.7372549 0.7372549 1 0.9294118 0.9294118 0.9294118 1 0.827451 0.827451 0.827451 1 0.509804 0.509804 0.509804 1 0.7372549 0.7372549 0.7372549 1 0.509804 0.509804 0.509804 1 0.9294118 0.9294118 0.9294118 1 0.7372549 0.7372549 0.7372549 1 0.7411765 0.7411765 0.7411765 1 0.509804 0.509804 0.509804 1 0.7411765 0.7411765 0.7411765 1 0.7372549 0.7372549 0.7372549 1 0.509804 0.509804 0.509804 1 0.509804 0.509804 0.509804 1 0.509804 0.509804 0.509804 1 0.509804 0.509804 0.509804 1 0.509804 0.509804 0.509804 1 0.509804 0.509804 0.509804 1 0.509804 0.509804 0.509804 1 0.7411765 0.7411765 0.7411765 1 0.509804 0.509804 0.509804 1 0.509804 0.509804 0.509804 1 0.509804 0.509804 0.509804 1 0.509804 0.509804 0.509804 1 0.509804 0.509804 0.509804 1 0.509804 0.509804 0.509804 1 0.509804 0.509804 0.509804 1 0.6196079 0.6196079 0.6196079 1 0.509804 0.509804 0.509804 1 0.509804 0.509804 0.509804 1 0.509804 0.509804 0.509804 1 0.6196079 0.6196079 0.6196079 1 0.509804 0.509804 0.509804 1 0.509804 0.509804 0.509804 1 0.509804 0.509804 0.509804 1 0.509804 0.509804 0.509804 1 0.6196079 0.6196079 0.6196079 1 0.509804 0.509804 0.509804 1 0.6196079 0.6196079 0.6196079 1 0.509804 0.509804 0.509804 1 0.509804 0.509804 0.509804 1 0.6078432 0.6078432 0.6078432 1 0.6196079 0.6196079 0.6196079 1 0.6078432 0.6078432 0.6078432 1 0.509804 0.509804 0.509804 1 0.6078432 0.6078432 0.6078432 1 0.6196079 0.6196079 0.6196079 1 0.8078432 0.8078432 0.8078432 1 0.8078432 0.8078432 0.8078432 1 0.7803922 0.7803922 0.7803922 1 0.6078432 0.6078432 0.6078432 1 0.6078432 0.6078432 0.6078432 1 0.6196079 0.6196079 0.6196079 1 0.509804 0.509804 0.509804 1 0.6196079 0.6196079 0.6196079 1 0.6078432 0.6078432 0.6078432 1 0.7803922 0.7803922 0.7803922 1 0.8196079 0.8196079 0.8196079 1 0.5647059 0.5647059 0.5647059 1 0.7803922 0.7803922 0.7803922 1 0.8196079 0.8196079 0.8196079 1 0.7803922 0.7803922 0.7803922 1 0.8352941 0.8352941 0.8352941 1 0.8078432 0.8078432 0.8078432 1 0.8352941 0.8352941 0.8352941 1 0.7803922 0.7803922 0.7803922 1 0.6196079 0.6196079 0.6196079 1 0.7803922 0.7803922 0.7803922 1 0.5647059 0.5647059 0.5647059 1 0.5647059 0.5647059 0.5647059 1 0.5686275 0.5686275 0.5686275 1 0.6196079 0.6196079 0.6196079 1 0.5647059 0.5647059 0.5647059 1 0.6588236 0.6588236 0.6588236 1 0.509804 0.509804 0.509804 1 0.5647059 0.5647059 0.5647059 1 0.509804 0.509804 0.509804 1 0.5686275 0.5686275 0.5686275 1 0.8196079 0.8196079 0.8196079 1 0.7372549 0.7372549 0.7372549 1 0.5647059 0.5647059 0.5647059 1 0.6588236 0.6588236 0.6588236 1 0.5647059 0.5647059 0.5647059 1 0.7372549 0.7372549 0.7372549 1 0.8627451 0.8627451 0.8627451 1 0.8941177 0.8941177 0.8941177 1 0.6588236 0.6588236 0.6588236 1 0.6588236 0.6588236 0.6588236 1 0.8941177 0.8941177 0.8941177 1 0.654902 0.654902 0.654902 1 0.654902 0.654902 0.654902 1 0.509804 0.509804 0.509804 1 0.6588236 0.6588236 0.6588236 1 0.6588236 0.6588236 0.6588236 1 0.7372549 0.7372549 0.7372549 1 0.8627451 0.8627451 0.8627451 1 0.8627451 0.8627451 0.8627451 1 0.7803922 0.7803922 0.7803922 1 0.8627451 0.8627451 0.8627451 1 0.7803922 0.7803922 0.7803922 1 0.8627451 0.8627451 0.8627451 1 0.8431373 0.8431373 0.8431373 1 0.8431373 0.8431373 0.8431373 1 0.8627451 0.8627451 0.8627451 1 0.7372549 0.7372549 0.7372549 1 0.8941177 0.8941177 0.8941177 1 0.8627451 0.8627451 0.8627451 1 0.9411765 0.9411765 0.9411765 1 0.8627451 0.8627451 0.8627451 1 0.9411765 0.9411765 0.9411765 1 0.8627451 0.8627451 0.8627451 1 0.8627451 0.8627451 0.8627451 1 0.7803922 0.7803922 0.7803922 1 0.7803922 0.7803922 0.7803922 1 0.7803922 0.7803922 0.7803922 1 0.854902 0.854902 0.854902 1 0.8627451 0.8627451 0.8627451 1 0.9411765 0.9411765 0.9411765 1 0.8627451 0.8627451 0.8627451 1 0.854902 0.854902 0.854902 1 0.8352941 0.8352941 0.8352941 1 0.854902 0.854902 0.854902 1 0.7803922 0.7803922 0.7803922 1 0.7333334 0.7333334 0.7333334 1 0.7803922 0.7803922 0.7803922 1 0.7803922 0.7803922 0.7803922 1 0.7803922 0.7803922 0.7803922 1 0.7333334 0.7333334 0.7333334 1 0.7764706 0.7764706 0.7764706 1 0.7803922 0.7803922 0.7803922 1 0.7764706 0.7764706 0.7764706 1 0.8352941 0.8352941 0.8352941 1 0.7058824 0.7058824 0.7058824 1 0.7764706 0.7764706 0.7764706 1 0.6196079 0.6196079 0.6196079 1 0.7058824 0.7058824 0.7058824 1 0.8352941 0.8352941 0.8352941 1 0.7764706 0.7764706 0.7764706 1 0.7607843 0.7607843 0.7607843 1 0.6196079 0.6196079 0.6196079 1 0.7764706 0.7764706 0.7764706 1 0.7764706 0.7764706 0.7764706 1 0.7333334 0.7333334 0.7333334 1 0.7607843 0.7607843 0.7607843 1 0.7215687 0.7215687 0.7215687 1 0.7450981 0.7450981 0.7450981 1 0.7607843 0.7607843 0.7607843 1 0.7411765 0.7411765 0.7411765 1 0.7607843 0.7607843 0.7607843 1 0.7450981 0.7450981 0.7450981 1 0.6196079 0.6196079 0.6196079 1 0.7607843 0.7607843 0.7607843 1 0.7411765 0.7411765 0.7411765 1 0.7215687 0.7215687 0.7215687 1 0.7607843 0.7607843 0.7607843 1 0.7333334 0.7333334 0.7333334 1 0.7411765 0.7411765 0.7411765 1 0.7215687 0.7215687 0.7215687 1 0.7803922 0.7803922 0.7803922 1 0.7333334 0.7333334 0.7333334 1 0.7803922 0.7803922 0.7803922 1 0.7215687 0.7215687 0.7215687 1 0.7215687 0.7215687 0.7215687 1 0.7019608 0.7019608 0.7019608 1 0.7450981 0.7450981 0.7450981 1 0.7960785 0.7960785 0.7960785 1 0.7411765 0.7411765 0.7411765 1 0.8431373 0.8431373 0.8431373 1 0.7803922 0.7803922 0.7803922 1 0.8431373 0.8431373 0.8431373 1 0.7411765 0.7411765 0.7411765 1 0.7960785 0.7960785 0.7960785 1 0.7960785 0.7960785 0.7960785 1 0.8039216 0.8039216 0.8039216 1 0.8431373 0.8431373 0.8431373 1 0.8039216 0.8039216 0.8039216 1 0.7960785 0.7960785 0.7960785 1 0.6470589 0.6470589 0.6470589 1 0.7450981 0.7450981 0.7450981 1 0.7019608 0.7019608 0.7019608 1 0.7215687 0.7215687 0.7215687 1 0.7607843 0.7607843 0.7607843 1 0.6470589 0.6470589 0.6470589 1 0.6705883 0.6705883 0.6705883 1 0.6470589 0.6470589 0.6470589 1 0.7607843 0.7607843 0.7607843 1 0.6470589 0.6470589 0.6470589 1 0.6705883 0.6705883 0.6705883 1 0.7411765 0.7411765 0.7411765 1 0.7411765 0.7411765 0.7411765 1 0.7450981 0.7450981 0.7450981 1 0.6470589 0.6470589 0.6470589 1 0.7607843 0.7607843 0.7607843 1 0.7215687 0.7215687 0.7215687 1 0.7411765 0.7411765 0.7411765 1 0.7411765 0.7411765 0.7411765 1 0.7764706 0.7764706 0.7764706 1 0.7607843 0.7607843 0.7607843 1 0.7411765 0.7411765 0.7411765 1 0.7960785 0.7960785 0.7960785 1 0.7764706 0.7764706 0.7764706 1 0.7764706 0.7764706 0.7764706 1 0.8 0.8 0.8 1 0.7686275 0.7686275 0.7686275 1 0.8 0.8 0.8 1 0.7764706 0.7764706 0.7764706 1 0.8901961 0.8901961 0.8901961 1 0.7686275 0.7686275 0.7686275 1 0.7607843 0.7607843 0.7607843 1 0.7764706 0.7764706 0.7764706 1 0.8901961 0.8901961 0.8901961 1 0.7764706 0.7764706 0.7764706 1 0.7960785 0.7960785 0.7960785 1 0.8901961 0.8901961 0.8901961 1 0.8313726 0.8313726 0.8313726 1 0.8862745 0.8862745 0.8862745 1 0.8901961 0.8901961 0.8901961 1 0.7960785 0.7960785 0.7960785 1 0.8313726 0.8313726 0.8313726 1 0.8901961 0.8901961 0.8901961 1 0.8862745 0.8862745 0.8862745 1 0.9176471 0.9176471 0.9176471 1 0.9176471 0.9176471 0.9176471 1 0.7568628 0.7568628 0.7568628 1 0.8901961 0.8901961 0.8901961 1 0.8 0.8 0.8 1 0.8901961 0.8901961 0.8901961 1 0.7568628 0.7568628 0.7568628 1 0.7568628 0.7568628 0.7568628 1 0.6901961 0.6901961 0.6901961 1 0.5450981 0.5450981 0.5450981 1 0.5450981 0.5450981 0.5450981 1 0.7686275 0.7686275 0.7686275 1 0.7568628 0.7568628 0.7568628 1 0.7568628 0.7568628 0.7568628 1 0.7686275 0.7686275 0.7686275 1 0.8 0.8 0.8 1 0.6901961 0.6901961 0.6901961 1 0.7568628 0.7568628 0.7568628 1 0.8901961 0.8901961 0.8901961 1 0.9176471 0.9176471 0.9176471 1 0.8901961 0.8901961 0.8901961 1 0.7568628 0.7568628 0.7568628 1 0.8862745 0.8862745 0.8862745 1 0.8901961 0.8901961 0.8901961 1 0.9686275 0.9686275 0.9686275 1 0.8901961 0.8901961 0.8901961 1 0.8862745 0.8862745 0.8862745 1 0.6901961 0.6901961 0.6901961 1 0.9411765 0.9411765 0.9411765 1 0.9686275 0.9686275 0.9686275 1 0.8901961 0.8901961 0.8901961 1 0.8901961 0.8901961 0.8901961 1 0.8862745 0.8862745 0.8862745 1 0.9411765 0.9411765 0.9411765 1 0.8901961 0.8901961 0.8901961 1 0.9176471 0.9176471 0.9176471 1 0.8862745 0.8862745 0.8862745 1 0.9176471 0.9176471 0.9176471 1 0.9411765 0.9411765 0.9411765 1 0.8862745 0.8862745 0.8862745 1 0.9411765 0.9411765 0.9411765 1 0.9176471 0.9176471 0.9176471 1 0.8980392 0.8980392 0.8980392 1 0.8980392 0.8980392 0.8980392 1 0.9686275 0.9686275 0.9686275 1 0.9411765 0.9411765 0.9411765 1 0.5294118 0.5294118 0.5294118 1 0.6039216 0.6039216 0.6039216 1 0.8980392 0.8980392 0.8980392 1 0.8666667 0.8666667 0.8666667 1 0.8980392 0.8980392 0.8980392 1 0.6039216 0.6039216 0.6039216 1 0.9686275 0.9686275 0.9686275 1 0.8980392 0.8980392 0.8980392 1 0.8666667 0.8666667 0.8666667 1 0.5294118 0.5294118 0.5294118 1 0.8980392 0.8980392 0.8980392 1 0.9176471 0.9176471 0.9176471 1 0.509804 0.509804 0.509804 1 0.5294118 0.5294118 0.5294118 1 0.5529412 0.5529412 0.5529412 1 0.9176471 0.9176471 0.9176471 1 0.5529412 0.5529412 0.5529412 1 0.5294118 0.5294118 0.5294118 1 0.509804 0.509804 0.509804 1 0.509804 0.509804 0.509804 1 0.5294118 0.5294118 0.5294118 1 0.6039216 0.6039216 0.6039216 1 0.5294118 0.5294118 0.5294118 1 0.509804 0.509804 0.509804 1 0.509804 0.509804 0.509804 1 0.509804 0.509804 0.509804 1 0.5450981 0.5450981 0.5450981 1 0.509804 0.509804 0.509804 1 0.509804 0.509804 0.509804 1 0.509804 0.509804 0.509804 1 0.509804 0.509804 0.509804 1 0.7568628 0.7568628 0.7568628 1 0.6039216 0.6039216 0.6039216 1 0.509804 0.509804 0.509804 1 0.5450981 0.5450981 0.5450981 1 0.7568628 0.7568628 0.7568628 1 0.5450981 0.5450981 0.5450981 1 0.5921569 0.5921569 0.5921569 1 0.7215687 0.7215687 0.7215687 1 0.7215687 0.7215687 0.7215687 1 0.7568628 0.7568628 0.7568628 1 0.5450981 0.5450981 0.5450981 1 0.5921569 0.5921569 0.5921569 1 0.5450981 0.5450981 0.5450981 1 0.509804 0.509804 0.509804 1 0.6901961 0.6901961 0.6901961 1 0.5921569 0.5921569 0.5921569 1 0.509804 0.509804 0.509804 1 0.509804 0.509804 0.509804 1 0.509804 0.509804 0.509804 1 0.5921569 0.5921569 0.5921569 1 0.7294118 0.7294118 0.7294118 1 0.7215687 0.7215687 0.7215687 1 0.5921569 0.5921569 0.5921569 1 0.5921569 0.5921569 0.5921569 1 0.6901961 0.6901961 0.6901961 1 0.7294118 0.7294118 0.7294118 1 0.7215687 0.7215687 0.7215687 1 0.7294118 0.7294118 0.7294118 1 0.8627451 0.8627451 0.8627451 1 0.8862745 0.8862745 0.8862745 1 0.8627451 0.8627451 0.8627451 1 0.7294118 0.7294118 0.7294118 1 0.8862745 0.8862745 0.8862745 1 0.7294118 0.7294118 0.7294118 1 0.6901961 0.6901961 0.6901961 1 0.8627451 0.8627451 0.8627451 1 0.8862745 0.8862745 0.8862745 1 0.7215687 0.7215687 0.7215687 1 0.8862745 0.8862745 0.8862745 1 0.8627451 0.8627451 0.8627451 1 0.9294118 0.9294118 0.9294118 1 0.8862745 0.8862745 0.8862745 1 0.9294118 0.9294118 0.9294118 1 0.8627451 0.8627451 0.8627451 1 0.8862745 0.8862745 0.8862745 1 0.6039216 0.6039216 0.6039216 1 0.7568628 0.7568628 0.7568628 1 0.6039216 0.6039216 0.6039216 1 0.8862745 0.8862745 0.8862745 1 0.8666667 0.8666667 0.8666667 1 0.7568628 0.7568628 0.7568628 1 0.7215687 0.7215687 0.7215687 1 0.8862745 0.8862745 0.8862745 1 0.9294118 0.9294118 0.9294118 1 0.8666667 0.8666667 0.8666667 1 0.8862745 0.8862745 0.8862745 1 0.8862745 0.8862745 0.8862745 1 0.9686275 0.9686275 0.9686275 1 0.9294118 0.9294118 0.9294118 1 0.8666667 0.8666667 0.8666667 1 0.9294118 0.9294118 0.9294118 1 0.9686275 0.9686275 0.9686275 1 0.509804 0.509804 0.509804 1 0.509804 0.509804 0.509804 1 0.509804 0.509804 0.509804 1 0.5450981 0.5450981 0.5450981 1 0.509804 0.509804 0.509804 1 0.509804 0.509804 0.509804 1 0.509804 0.509804 0.509804 1 0.5450981 0.5450981 0.5450981 1 0.6901961 0.6901961 0.6901961 1 0.509804 0.509804 0.509804 1 0.509804 0.509804 0.509804 1 0.509804 0.509804 0.509804 1 0.509804 0.509804 0.509804 1 0.5411765 0.5411765 0.5411765 1 0.5450981 0.5450981 0.5450981 1 0.5411765 0.5411765 0.5411765 1 0.509804 0.509804 0.509804 1 0.509804 0.509804 0.509804 1 0.509804 0.509804 0.509804 1 0.6196079 0.6196079 0.6196079 1 0.509804 0.509804 0.509804 1 0.509804 0.509804 0.509804 1 0.509804 0.509804 0.509804 1 0.5411765 0.5411765 0.5411765 1 0.6196079 0.6196079 0.6196079 1 0.509804 0.509804 0.509804 1 0.509804 0.509804 0.509804 1 0.509804 0.509804 0.509804 1 0.509804 0.509804 0.509804 1 0.509804 0.509804 0.509804 1 0.9019608 0.9019608 0.9019608 1 0.6196079 0.6196079 0.6196079 1 0.5529412 0.5529412 0.5529412 1 0.509804 0.509804 0.509804 1 0.5529412 0.5529412 0.5529412 1 0.6196079 0.6196079 0.6196079 1 0.7803922 0.7803922 0.7803922 1 0.509804 0.509804 0.509804 1 0.6196079 0.6196079 0.6196079 1 0.6196079 0.6196079 0.6196079 1 0.9019608 0.9019608 0.9019608 1 0.7803922 0.7803922 0.7803922 1 0.8313726 0.8313726 0.8313726 1 0.7803922 0.7803922 0.7803922 1 0.9019608 0.9019608 0.9019608 1 0.9019608 0.9019608 0.9019608 1 0.8862745 0.8862745 0.8862745 1 0.8313726 0.8313726 0.8313726 1 0.8862745 0.8862745 0.8862745 1 0.9019608 0.9019608 0.9019608 1 0.9176471 0.9176471 0.9176471 1 0.5529412 0.5529412 0.5529412 1 0.9176471 0.9176471 0.9176471 1 0.9019608 0.9019608 0.9019608 1 0.509804 0.509804 0.509804 1 0.509804 0.509804 0.509804 1 0.7176471 0.7176471 0.7176471 1 0.7803922 0.7803922 0.7803922 1 0.7176471 0.7176471 0.7176471 1 0.509804 0.509804 0.509804 1 0.509804 0.509804 0.509804 1 0.5411765 0.5411765 0.5411765 1 0.509804 0.509804 0.509804 1 0.7176471 0.7176471 0.7176471 1 0.8156863 0.8156863 0.8156863 1 0.509804 0.509804 0.509804 1 0.509804 0.509804 0.509804 1 0.509804 0.509804 0.509804 1 0.8156863 0.8156863 0.8156863 1 0.509804 0.509804 0.509804 1 0.509804 0.509804 0.509804 1 0.509804 0.509804 0.509804 1 0.5411765 0.5411765 0.5411765 1 0.509804 0.509804 0.509804 1 0.509804 0.509804 0.509804 1 0.509804 0.509804 0.509804 1 0.509804 0.509804 0.509804 1 0.5411765 0.5411765 0.5411765 1 0.509804 0.509804 0.509804 1 0.509804 0.509804 0.509804 1 0.509804 0.509804 0.509804 1 0.509804 0.509804 0.509804 1 0.509804 0.509804 0.509804 1 0.509804 0.509804 0.509804 1 0.509804 0.509804 0.509804 1 0.509804 0.509804 0.509804 1 0.509804 0.509804 0.509804 1 0.5529412 0.5529412 0.5529412 1 0.7254902 0.7254902 0.7254902 1 0.509804 0.509804 0.509804 1 0.509804 0.509804 0.509804 1 0.509804 0.509804 0.509804 1 0.7254902 0.7254902 0.7254902 1 0.509804 0.509804 0.509804 1 0.5529412 0.5529412 0.5529412 1 0.509804 0.509804 0.509804 1 0.509804 0.509804 0.509804 1 0.509804 0.509804 0.509804 1 0.509804 0.509804 0.509804 1 0.509804 0.509804 0.509804 1 0.509804 0.509804 0.509804 1 0.509804 0.509804 0.509804 1 0.5176471 0.5176471 0.5176471 1 0.509804 0.509804 0.509804 1 0.509804 0.509804 0.509804 1 0.509804 0.509804 0.509804 1 0.5176471 0.5176471 0.5176471 1 0.509804 0.509804 0.509804 1 0.509804 0.509804 0.509804 1 0.509804 0.509804 0.509804 1 0.509804 0.509804 0.509804 1 0.509804 0.509804 0.509804 1 0.509804 0.509804 0.509804 1 0.509804 0.509804 0.509804 1 0.509804 0.509804 0.509804 1 0.509804 0.509804 0.509804 1 0.509804 0.509804 0.509804 1 0.509804 0.509804 0.509804 1 0.509804 0.509804 0.509804 1 0.509804 0.509804 0.509804 1 0.509804 0.509804 0.509804 1 0.5411765 0.5411765 0.5411765 1 0.509804 0.509804 0.509804 1 0.5411765 0.5411765 0.5411765 1 0.509804 0.509804 0.509804 1 0.6705883 0.6705883 0.6705883 1 0.5686275 0.5686275 0.5686275 1 0.6705883 0.6705883 0.6705883 1 0.509804 0.509804 0.509804 1 0.509804 0.509804 0.509804 1 0.509804 0.509804 0.509804 1 0.509804 0.509804 0.509804 1 0.509804 0.509804 0.509804 1 0.509804 0.509804 0.509804 1 0.509804 0.509804 0.509804 1 0.509804 0.509804 0.509804 1 0.509804 0.509804 0.509804 1 0.509804 0.509804 0.509804 1 0.509804 0.509804 0.509804 1 0.509804 0.509804 0.509804 1 0.509804 0.509804 0.509804 1 0.5686275 0.5686275 0.5686275 1 0.509804 0.509804 0.509804 1 0.509804 0.509804 0.509804 1 0.509804 0.509804 0.509804 1 0.6196079 0.6196079 0.6196079 1 0.5686275 0.5686275 0.5686275 1 0.509804 0.509804 0.509804 1 0.509804 0.509804 0.509804 1 0.6196079 0.6196079 0.6196079 1 0.509804 0.509804 0.509804 1 0.509804 0.509804 0.509804 1 0.509804 0.509804 0.509804 1 0.509804 0.509804 0.509804 1 0.509804 0.509804 0.509804 1 0.509804 0.509804 0.509804 1 0.509804 0.509804 0.509804 1 0.509804 0.509804 0.509804 1 0.509804 0.509804 0.509804 1 0.509804 0.509804 0.509804 1 0.509804 0.509804 0.509804 1 0.509804 0.509804 0.509804 1 0.509804 0.509804 0.509804 1 0.6156863 0.6156863 0.6156863 1 0.509804 0.509804 0.509804 1 0.509804 0.509804 0.509804 1 0.509804 0.509804 0.509804 1 0.6156863 0.6156863 0.6156863 1 0.509804 0.509804 0.509804 1 0.509804 0.509804 0.509804 1 0.509804 0.509804 0.509804 1 0.6156863 0.6156863 0.6156863 1 0.509804 0.509804 0.509804 1 0.6941177 0.6941177 0.6941177 1 0.509804 0.509804 0.509804 1 0.509804 0.509804 0.509804 1 0.509804 0.509804 0.509804 1 0.509804 0.509804 0.509804 1 0.6941177 0.6941177 0.6941177 1 0.509804 0.509804 0.509804 1 0.6941177 0.6941177 0.6941177 1 0.8862745 0.8862745 0.8862745 1 0.6156863 0.6156863 0.6156863 1 0.7529412 0.7529412 0.7529412 1 0.8980392 0.8980392 0.8980392 1 0.6941177 0.6941177 0.6941177 1 0.8862745 0.8862745 0.8862745 1 0.6941177 0.6941177 0.6941177 1 0.8980392 0.8980392 0.8980392 1 0.6941177 0.6941177 0.6941177 1 0.509804 0.509804 0.509804 1 0.7529412 0.7529412 0.7529412 1 0.7529412 0.7529412 0.7529412 1 0.509804 0.509804 0.509804 1 0.7921569 0.7921569 0.7921569 1 0.509804 0.509804 0.509804 1 0.7529412 0.7529412 0.7529412 1 0.509804 0.509804 0.509804 1 0.8980392 0.8980392 0.8980392 1 0.7529412 0.7529412 0.7529412 1 0.9529412 0.9529412 0.9529412 1 0.7921569 0.7921569 0.7921569 1 0.9529412 0.9529412 0.9529412 1 0.7529412 0.7529412 0.7529412 1 0.8980392 0.8980392 0.8980392 1 0.9529412 0.9529412 0.9529412 1 0.8156863 0.8156863 0.8156863 1 0.8901961 0.8901961 0.8901961 1 0.8156863 0.8156863 0.8156863 1 0.9529412 0.9529412 0.9529412 1 0.9529412 0.9529412 0.9529412 1 0.7921569 0.7921569 0.7921569 1 0.9490196 0.9490196 0.9490196 1 0.9529412 0.9529412 0.9529412 1 0.9490196 0.9490196 0.9490196 1 0.8901961 0.8901961 0.8901961 1 0.9450981 0.9450981 0.9450981 1 0.8901961 0.8901961 0.8901961 1 0.9490196 0.9490196 0.9490196 1 0.9490196 0.9490196 0.9490196 1 0.9411765 0.9411765 0.9411765 1 0.9450981 0.9450981 0.9450981 1 0.9411765 0.9411765 0.9411765 1 0.9490196 0.9490196 0.9490196 1 0.7921569 0.7921569 0.7921569 1 0.9254902 0.9254902 0.9254902 1 0.9450981 0.9450981 0.9450981 1 0.9411765 0.9411765 0.9411765 1 0.882353 0.882353 0.882353 1 0.9411765 0.9411765 0.9411765 1 0.8901961 0.8901961 0.8901961 1 0.7921569 0.7921569 0.7921569 1 0.8901961 0.8901961 0.8901961 1 0.9411765 0.9411765 0.9411765 1 0.9411765 0.9411765 0.9411765 1 0.882353 0.882353 0.882353 1 0.9254902 0.9254902 0.9254902 1 0.7803922 0.7803922 0.7803922 1 0.9254902 0.9254902 0.9254902 1 0.882353 0.882353 0.882353 1 0.7803922 0.7803922 0.7803922 1 0.882353 0.882353 0.882353 1 0.7137255 0.7137255 0.7137255 1 0.882353 0.882353 0.882353 1 0.8901961 0.8901961 0.8901961 1 0.7372549 0.7372549 0.7372549 1 0.7372549 0.7372549 0.7372549 1 0.7137255 0.7137255 0.7137255 1 0.882353 0.882353 0.882353 1 0.7137255 0.7137255 0.7137255 1 0.7372549 0.7372549 0.7372549 1 0.509804 0.509804 0.509804 1 0.509804 0.509804 0.509804 1 0.509804 0.509804 0.509804 1 0.7372549 0.7372549 0.7372549 1 0.509804 0.509804 0.509804 1 0.7372549 0.7372549 0.7372549 1 0.8901961 0.8901961 0.8901961 1 0.509804 0.509804 0.509804 1 0.5176471 0.5176471 0.5176471 1 0.7137255 0.7137255 0.7137255 1 0.509804 0.509804 0.509804 1 0.509804 0.509804 0.509804 1 0.5176471 0.5176471 0.5176471 1 0.509804 0.509804 0.509804 1 0.509804 0.509804 0.509804 1 0.509804 0.509804 0.509804 1 0.509804 0.509804 0.509804 1 0.509804 0.509804 0.509804 1 0.509804 0.509804 0.509804 1 0.509804 0.509804 0.509804 1 0.7137255 0.7137255 0.7137255 1 0.5176471 0.5176471 0.5176471 1 0.7137255 0.7137255 0.7137255 1 0.509804 0.509804 0.509804 1 0.7803922 0.7803922 0.7803922 1 0.7803922 0.7803922 0.7803922 1 0.7254902 0.7254902 0.7254902 1 0.9254902 0.9254902 0.9254902 1 0.7254902 0.7254902 0.7254902 1 0.7803922 0.7803922 0.7803922 1 0.509804 0.509804 0.509804 1 0.9450981 0.9450981 0.9450981 1 0.9254902 0.9254902 0.9254902 1 0.7254902 0.7254902 0.7254902 1 0.8901961 0.8901961 0.8901961 1 0.7921569 0.7921569 0.7921569 1 0.509804 0.509804 0.509804 1 0.8901961 0.8901961 0.8901961 1 0.9450981 0.9450981 0.9450981 1 0.5529412 0.5529412 0.5529412 1 0.7254902 0.7254902 0.7254902 1 0.5529412 0.5529412 0.5529412 1 0.9450981 0.9450981 0.9450981 1 0.5529412 0.5529412 0.5529412 1 0.509804 0.509804 0.509804 1 0.8901961 0.8901961 0.8901961 1 0.8156863 0.8156863 0.8156863 1 0.8901961 0.8901961 0.8901961 1 0.509804 0.509804 0.509804 1 0.8862745 0.8862745 0.8862745 1 0.8980392 0.8980392 0.8980392 1 0.7176471 0.7176471 0.7176471 1 0.8156863 0.8156863 0.8156863 1 0.7176471 0.7176471 0.7176471 1 0.8980392 0.8980392 0.8980392 1 0.7176471 0.7176471 0.7176471 1 0.7803922 0.7803922 0.7803922 1 0.8862745 0.8862745 0.8862745 1 0.5411765 0.5411765 0.5411765 1 0.6705883 0.6705883 0.6705883 1 0.7686275 0.7686275 0.7686275 1 0.7686275 0.7686275 0.7686275 1 0.5450981 0.5450981 0.5450981 1 0.5411765 0.5411765 0.5411765 1 0.7960785 0.7960785 0.7960785 1 0.7960785 0.7960785 0.7960785 1 0.8313726 0.8313726 0.8313726 1 0.7803922 0.7803922 0.7803922 1 0.8313726 0.8313726 0.8313726 1 0.7960785 0.7960785 0.7960785 1 0.7960785 0.7960785 0.7960785 1 0.8313726 0.8313726 0.8313726 1 0.7960785 0.7960785 0.7960785 1 0.7960785 0.7960785 0.7960785 1 0.7960785 0.7960785 0.7960785 1 0.7803922 0.7803922 0.7803922 1 0.7607843 0.7607843 0.7607843 1 0.7686275 0.7686275 0.7686275 1 0.6705883 0.6705883 0.6705883 1 0.5686275 0.5686275 0.5686275 1 0.7411765 0.7411765 0.7411765 1 0.6705883 0.6705883 0.6705883 1 0.7411765 0.7411765 0.7411765 1 0.5686275 0.5686275 0.5686275 1 0.6196079 0.6196079 0.6196079 1 0.6196079 0.6196079 0.6196079 1 0.509804 0.509804 0.509804 1 0.7058824 0.7058824 0.7058824 1 0.509804 0.509804 0.509804 1 0.6196079 0.6196079 0.6196079 1 0.5686275 0.5686275 0.5686275 1 0.509804 0.509804 0.509804 1 0.509804 0.509804 0.509804 1 0.509804 0.509804 0.509804 1 0.5176471 0.5176471 0.5176471 1 0.509804 0.509804 0.509804 1 0.509804 0.509804 0.509804 1 0.5176471 0.5176471 0.5176471 1 0.7058824 0.7058824 0.7058824 1 0.509804 0.509804 0.509804 1 0.509804 0.509804 0.509804 1 0.5686275 0.5686275 0.5686275 1 0.509804 0.509804 0.509804 1 0.509804 0.509804 0.509804 1 0.7254902 0.7254902 0.7254902 1 0.5176471 0.5176471 0.5176471 1 0.7058824 0.7058824 0.7058824 1 0.5176471 0.5176471 0.5176471 1 0.7254902 0.7254902 0.7254902 1 0.509804 0.509804 0.509804 1 0.6901961 0.6901961 0.6901961 1 0.7254902 0.7254902 0.7254902 1 0.7254902 0.7254902 0.7254902 1 0.8666667 0.8666667 0.8666667 1 0.7058824 0.7058824 0.7058824 1 0.7254902 0.7254902 0.7254902 1 0.8666667 0.8666667 0.8666667 1 0.8666667 0.8666667 0.8666667 1 0.8666667 0.8666667 0.8666667 1 0.7254902 0.7254902 0.7254902 1 0.6901961 0.6901961 0.6901961 1 0.6901961 0.6901961 0.6901961 1 0.8862745 0.8862745 0.8862745 1 0.8666667 0.8666667 0.8666667 1 0.8980392 0.8980392 0.8980392 1 0.8666667 0.8666667 0.8666667 1 0.8862745 0.8862745 0.8862745 1 0.8980392 0.8980392 0.8980392 1 0.8666667 0.8666667 0.8666667 1 0.8666667 0.8666667 0.8666667 1 0.8666667 0.8666667 0.8666667 1 0.8980392 0.8980392 0.8980392 1 0.8352941 0.8352941 0.8352941 1 0.854902 0.854902 0.854902 1 0.8352941 0.8352941 0.8352941 1 0.8980392 0.8980392 0.8980392 1 0.8980392 0.8980392 0.8980392 1 0.8862745 0.8862745 0.8862745 1 0.9411765 0.9411765 0.9411765 1 0.9411765 0.9411765 0.9411765 1 0.854902 0.854902 0.854902 1 0.8980392 0.8980392 0.8980392 1 0.8941177 0.8941177 0.8941177 1 0.9411765 0.9411765 0.9411765 1 0.8862745 0.8862745 0.8862745 1 0.8862745 0.8862745 0.8862745 1 0.6901961 0.6901961 0.6901961 1 0.654902 0.654902 0.654902 1 0.8862745 0.8862745 0.8862745 1 0.654902 0.654902 0.654902 1 0.8941177 0.8941177 0.8941177 1 0.509804 0.509804 0.509804 1 0.654902 0.654902 0.654902 1 0.6901961 0.6901961 0.6901961 1 0.8352941 0.8352941 0.8352941 1 0.7058824 0.7058824 0.7058824 1 0.8666667 0.8666667 0.8666667 1 0.509804 0.509804 0.509804 1 0.509804 0.509804 0.509804 1 0.654902 0.654902 0.654902 1 0.8039216 0.8039216 0.8039216 1 0.8431373 0.8431373 0.8431373 1 0.8196079 0.8196079 0.8196079 1 0.7372549 0.7372549 0.7372549 1 0.8196079 0.8196079 0.8196079 1 0.8431373 0.8431373 0.8431373 1 0.8196079 0.8196079 0.8196079 1 0.8352941 0.8352941 0.8352941 1 0.8039216 0.8039216 0.8039216 1 0.854902 0.854902 0.854902 1 0.8078432 0.8078432 0.8078432 1 0.6196079 0.6196079 0.6196079 1 0.854902 0.854902 0.854902 1 0.9176471 0.9176471 0.9176471 1 0.8078432 0.8078432 0.8078432 1 0.8352941 0.8352941 0.8352941 1 0.8078432 0.8078432 0.8078432 1 0.9176471 0.9176471 0.9176471 1 0.854902 0.854902 0.854902 1 0.6196079 0.6196079 0.6196079 1 0.7686275 0.7686275 0.7686275 1 0.6196079 0.6196079 0.6196079 1 0.7686275 0.7686275 0.7686275 1 0.6196079 0.6196079 0.6196079 1 0.8352941 0.8352941 0.8352941 1 0.9176471 0.9176471 0.9176471 1 0.9372549 0.9372549 0.9372549 1 0.9176471 0.9176471 0.9176471 1 0.8352941 0.8352941 0.8352941 1 0.8352941 0.8352941 0.8352941 1</float_array>
          <technique_common>
            <accessor source="#Mario_008-mesh-colors-v_color_0-array" count="11562" stride="4">
              <param name="R" type="float"/>
              <param name="G" type="float"/>
              <param name="B" type="float"/>
              <param name="A" type="float"/>
            </accessor>
          </technique_common>
        </source>
        <vertices id="Mario_008-mesh-vertices">
          <input semantic="POSITION" source="#Mario_008-mesh-positions"/>
        </vertices>
        <triangles material="Body1_v-material" count="1710">
          <input semantic="VERTEX" source="#Mario_008-mesh-vertices" offset="0"/>
          <input semantic="NORMAL" source="#Mario_008-mesh-normals" offset="1"/>
          <input semantic="TEXCOORD" source="#Mario_008-mesh-map-0" offset="2" set="0"/>
          <input semantic="COLOR" source="#Mario_008-mesh-colors-v_color_0" offset="3" set="0"/>
          <p>299 232 1272 1272 301 233 1273 1273 300 234 1274 1274 302 235 1275 1275 300 234 1276 1276 301 233 1277 1277 301 233 1278 1278 303 236 1279 1279 302 235 1280 1280 304 237 1281 1281 302 235 1282 1282 303 236 1283 1283 303 236 1284 1284 305 238 1285 1285 304 237 1286 1286 306 239 1287 1287 304 237 1288 1288 305 238 1289 1289 305 238 1290 1290 307 240 1291 1291 306 239 1292 1292 308 241 1293 1293 306 239 1294 1294 307 240 1295 1295 307 240 1296 1296 309 242 1297 1297 308 241 1298 1298 310 243 1299 1299 308 241 1300 1300 309 242 1301 1301 309 242 1302 1302 311 244 1303 1303 310 243 1304 1304 312 245 1305 1305 310 243 1306 1306 311 244 1307 1307 311 244 1308 1308 313 246 1309 1309 312 245 1310 1310 314 247 1311 1311 312 245 1312 1312 313 246 1313 1313 313 246 1314 1314 315 248 1315 1315 314 247 1316 1316 316 249 1317 1317 314 247 1318 1318 315 248 1319 1319 315 248 1320 1320 317 250 1321 1321 316 249 1322 1322 318 251 1323 1323 316 249 1324 1324 317 250 1325 1325 317 250 1326 1326 319 252 1327 1327 318 251 1328 1328 320 253 1329 1329 318 251 1330 1330 319 252 1331 1331 319 252 1332 1332 321 254 1333 1333 320 253 1334 1334 322 255 1335 1335 320 253 1336 1336 321 254 1337 1337 321 254 1338 1338 323 256 1339 1339 322 255 1340 1340 324 257 1341 1341 322 255 1342 1342 323 256 1343 1343 323 256 1344 1344 325 258 1345 1345 324 257 1346 1346 326 259 1347 1347 324 257 1348 1348 325 258 1349 1349 325 258 1350 1350 327 260 1351 1351 326 259 1352 1352 328 261 1353 1353 326 259 1354 1354 327 260 1355 1355 327 260 1356 1356 329 262 1357 1357 328 261 1358 1358 330 263 1359 1359 328 261 1360 1360 329 262 1361 1361 329 262 1362 1362 331 264 1363 1363 330 263 1364 1364 332 265 1365 1365 330 263 1366 1366 331 264 1367 1367 331 264 1368 1368 333 266 1369 1369 332 265 1370 1370 334 267 1371 1371 332 265 1372 1372 333 266 1373 1373 333 266 1374 1374 335 268 1375 1375 334 267 1376 1376 336 269 1377 1377 334 267 1378 1378 335 268 1379 1379 335 268 1380 1380 337 270 1381 1381 336 269 1382 1382 338 271 1383 1383 336 269 1384 1384 337 270 1385 1385 337 270 1386 1386 339 272 1387 1387 338 271 1388 1388 340 273 1389 1389 338 271 1390 1390 339 272 1391 1391 339 272 1392 1392 341 274 1393 1393 340 273 1394 1394 342 275 1395 1395 340 273 1396 1396 341 274 1397 1397 341 274 1398 1398 343 276 1399 1399 342 275 1400 1400 344 277 1401 1401 342 275 1402 1402 343 276 1403 1403 343 276 1404 1404 345 278 1405 1405 344 277 1406 1406 346 279 1407 1407 344 277 1408 1408 345 278 1409 1409 345 278 1410 1410 347 280 1411 1411 346 279 1412 1412 348 281 1413 1413 346 279 1414 1414 347 280 1415 1415 347 280 1416 1416 349 282 1417 1417 348 281 1418 1418 350 283 1419 1419 348 281 1420 1420 349 282 1421 1421 349 282 1422 1422 351 284 1423 1423 350 283 1424 1424 352 285 1425 1425 350 283 1426 1426 351 284 1427 1427 351 284 1428 1428 353 286 1429 1429 352 285 1430 1430 354 287 1431 1431 352 285 1432 1432 353 286 1433 1433 353 286 1434 1434 326 259 1435 1435 354 287 1436 1436 328 261 1437 1437 354 287 1438 1438 326 259 1439 1439 344 277 1440 1440 346 279 1441 1441 342 275 1442 1442 355 288 1443 1443 342 275 1444 1444 346 279 1445 1445 346 279 1446 1446 356 289 1447 1447 355 288 1448 1448 357 290 1449 1449 355 288 1450 1450 356 289 1451 1451 356 289 1452 1452 348 281 1453 1453 357 290 1454 1454 358 291 1455 1455 357 290 1456 1456 348 281 1457 1457 348 281 1458 1458 350 283 1459 1459 358 291 1460 1460 359 292 1461 1461 358 291 1462 1462 350 283 1463 1463 350 283 1464 1464 352 285 1465 1465 359 292 1466 1466 360 293 1467 1467 359 292 1468 1468 352 285 1469 1469 352 285 1470 1470 354 287 1471 1471 360 293 1472 1472 361 294 1473 1473 360 293 1474 1474 354 287 1475 1475 354 287 1476 1476 328 261 1477 1477 361 294 1478 1478 330 263 1479 1479 361 294 1480 1480 328 261 1481 1481 312 245 1482 1482 362 295 1483 1483 310 243 1484 1484 363 296 1485 1485 310 243 1486 1486 362 295 1487 1487 362 295 1488 1488 364 297 1489 1489 363 296 1490 1490 365 298 1491 1491 363 296 1492 1492 364 297 1493 1493 364 297 1494 1494 366 299 1495 1495 365 298 1496 1496 367 300 1497 1497 365 298 1498 1498 366 299 1499 1499 366 299 1500 1500 368 301 1501 1501 367 300 1502 1502 369 302 1503 1503 367 300 1504 1504 368 301 1505 1505 368 301 1506 1506 370 303 1507 1507 369 302 1508 1508 371 304 1509 1509 369 302 1510 1510 370 303 1511 1511 370 303 1512 1512 372 305 1513 1513 371 304 1514 1514 373 306 1515 1515 371 304 1516 1516 372 305 1517 1517 372 305 1518 1518 329 262 1519 1519 373 306 1520 1520 327 260 1521 1521 373 306 1522 1522 329 262 1523 1523 374 307 1524 1524 376 308 1525 1525 375 309 1526 1526 377 310 1527 1527 375 309 1528 1528 376 308 1529 1529 376 308 1530 1530 378 311 1531 1531 377 310 1532 1532 379 312 1533 1533 377 310 1534 1534 378 311 1535 1535 378 311 1536 1536 380 313 1537 1537 379 312 1538 1538 381 314 1539 1539 379 312 1540 1540 380 313 1541 1541 380 313 1542 1542 382 315 1543 1543 381 314 1544 1544 383 316 1545 1545 381 314 1546 1546 382 315 1547 1547 382 315 1548 1548 384 317 1549 1549 383 316 1550 1550 385 318 1551 1551 383 316 1552 1552 384 317 1553 1553 384 317 1554 1554 386 319 1555 1555 385 318 1556 1556 387 320 1557 1557 385 318 1558 1558 386 319 1559 1559 386 319 1560 1560 388 321 1561 1561 387 320 1562 1562 389 322 1563 1563 387 320 1564 1564 388 321 1565 1565 310 243 1566 1566 363 296 1567 1567 308 241 1568 1568 390 323 1569 1569 308 241 1570 1570 363 296 1571 1571 363 296 1572 1572 365 298 1573 1573 390 323 1574 1574 391 324 1575 1575 390 323 1576 1576 365 298 1577 1577 365 298 1578 1578 367 300 1579 1579 391 324 1580 1580 392 325 1581 1581 391 324 1582 1582 367 300 1583 1583 367 300 1584 1584 369 302 1585 1585 392 325 1586 1586 393 326 1587 1587 392 325 1588 1588 369 302 1589 1589 369 302 1590 1590 371 304 1591 1591 393 326 1592 1592 394 327 1593 1593 393 326 1594 1594 371 304 1595 1595 371 304 1596 1596 373 306 1597 1597 394 327 1598 1598 395 328 1599 1599 394 327 1600 1600 373 306 1601 1601 373 306 1602 1602 327 260 1603 1603 395 328 1604 1604 325 258 1605 1605 395 328 1606 1606 327 260 1607 1607 339 272 1608 1608 396 329 1609 1609 341 274 1610 1610 397 330 1611 1611 341 274 1612 1612 396 329 1613 1613 396 329 1614 1614 398 331 1615 1615 397 330 1616 1616 343 276 1617 1617 397 330 1618 1618 398 331 1619 1619 398 331 1620 1620 399 332 1621 1621 343 276 1622 1622 345 278 1623 1623 343 276 1624 1624 399 332 1625 1625 399 332 1626 1626 400 333 1627 1627 345 278 1628 1628 401 334 1629 1629 345 278 1630 1630 400 333 1631 1631 400 333 1632 1632 402 335 1633 1633 401 334 1634 1634 403 336 1635 1635 401 334 1636 1636 402 335 1637 1637 402 335 1638 1638 404 337 1639 1639 403 336 1640 1640 405 338 1641 1641 403 336 1642 1642 404 337 1643 1643 404 337 1644 1644 322 255 1645 1645 405 338 1646 1646 324 257 1647 1647 405 338 1648 1648 322 255 1649 1649 308 241 1650 1650 390 323 1651 1651 306 239 1652 1652 406 339 1653 1653 306 239 1654 1654 390 323 1655 1655 390 323 1656 1656 391 324 1657 1657 406 339 1658 1658 407 340 1659 1659 406 339 1660 1660 391 324 1661 1661 391 324 1662 1662 392 325 1663 1663 407 340 1664 1664 408 341 1665 1665 407 340 1666 1666 392 325 1667 1667 392 325 1668 1668 393 326 1669 1669 408 341 1670 1670 409 342 1671 1671 408 341 1672 1672 393 326 1673 1673 393 326 1674 1674 394 327 1675 1675 409 342 1676 1676 410 343 1677 1677 409 342 1678 1678 394 327 1679 1679 394 327 1680 1680 395 328 1681 1681 410 343 1682 1682 411 344 1683 1683 410 343 1684 1684 395 328 1685 1685 412 345 1686 1686 414 346 1687 1687 413 347 1688 1688 415 348 1689 1689 413 347 1690 1690 414 346 1691 1691 414 346 1692 1692 416 349 1693 1693 415 348 1694 1694 417 350 1695 1695 415 348 1696 1696 416 349 1697 1697 416 349 1698 1698 418 351 1699 1699 417 350 1700 1700 419 352 1701 1701 417 350 1702 1702 418 351 1703 1703 418 351 1704 1704 420 353 1705 1705 419 352 1706 1706 421 354 1707 1707 419 352 1708 1708 420 353 1709 1709 420 353 1710 1710 422 355 1711 1711 421 354 1712 1712 423 356 1713 1713 421 354 1714 1714 422 355 1715 1715 342 275 1716 1716 355 288 1717 1717 340 273 1718 1718 424 357 1719 1719 340 273 1720 1720 355 288 1721 1721 355 288 1722 1722 357 290 1723 1723 424 357 1724 1724 425 358 1725 1725 424 357 1726 1726 357 290 1727 1727 357 290 1728 1728 426 359 1729 1729 425 358 1730 1730 427 360 1731 1731 425 358 1732 1732 426 359 1733 1733 426 359 1734 1734 428 361 1735 1735 427 360 1736 1736 429 362 1737 1737 427 360 1738 1738 428 361 1739 1739 428 361 1740 1740 360 293 1741 1741 429 362 1742 1742 361 294 1743 1743 429 362 1744 1744 360 293 1745 1745 413 347 1746 1746 415 348 1747 1747 430 363 1748 1748 431 364 1749 1749 430 363 1750 1750 415 348 1751 1751 415 348 1752 1752 417 350 1753 1753 431 364 1754 1754 432 365 1755 1755 431 364 1756 1756 417 350 1757 1757 417 350 1758 1758 433 366 1759 1759 432 365 1760 1760 434 367 1761 1761 432 365 1762 1762 433 366 1763 1763 433 366 1764 1764 435 368 1765 1765 434 367 1766 1766 436 369 1767 1767 434 367 1768 1768 435 368 1769 1769 435 368 1770 1770 423 356 1771 1771 436 369 1772 1772 412 345 1773 1773 437 370 1774 1774 414 346 1775 1775 438 371 1776 1776 414 346 1777 1777 437 370 1778 1778 437 370 1779 1779 439 372 1780 1780 438 371 1781 1781 440 373 1782 1782 438 371 1783 1783 439 372 1784 1784 439 372 1785 1785 441 374 1786 1786 440 373 1787 1787 442 375 1788 1788 440 373 1789 1789 441 374 1790 1790 441 374 1791 1791 443 376 1792 1792 442 375 1793 1793 444 377 1794 1794 442 375 1795 1795 443 376 1796 1796 443 376 1797 1797 445 378 1798 1798 444 377 1799 1799 412 345 1800 1800 447 379 1801 1801 446 380 1802 1802 448 381 1803 1803 446 380 1804 1804 447 379 1805 1805 447 379 1806 1806 449 382 1807 1807 448 381 1808 1808 450 383 1809 1809 448 381 1810 1810 449 382 1811 1811 449 382 1812 1812 451 384 1813 1813 450 383 1814 1814 452 385 1815 1815 450 383 1816 1816 451 384 1817 1817 451 384 1818 1818 453 386 1819 1819 452 385 1820 1820 454 387 1821 1821 452 385 1822 1822 453 386 1823 1823 453 386 1824 1824 455 388 1825 1825 454 387 1826 1826 315 248 1827 1827 456 389 1828 1828 317 250 1829 1829 319 252 1830 1830 317 250 1831 1831 456 389 1832 1832 456 389 1833 1833 457 390 1834 1834 319 252 1835 1835 321 254 1836 1836 319 252 1837 1837 457 390 1838 1838 457 390 1839 1839 458 391 1840 1840 321 254 1841 1841 323 256 1842 1842 321 254 1843 1843 458 391 1844 1844 458 391 1845 1845 411 344 1846 1846 323 256 1847 1847 325 258 1848 1848 323 256 1849 1849 411 344 1850 1850 411 344 1851 1851 395 328 1852 1852 325 258 1853 1853 320 253 1854 1854 459 392 1855 1855 318 251 1856 1856 460 393 1857 1857 318 251 1858 1858 459 392 1859 1859 459 392 1860 1860 461 394 1861 1861 460 393 1862 1862 462 395 1863 1863 460 393 1864 1864 461 394 1865 1865 461 394 1866 1866 463 396 1867 1867 462 395 1868 1868 464 397 1869 1869 462 395 1870 1870 463 396 1871 1871 463 396 1872 1872 398 331 1873 1873 464 397 1874 1874 465 398 1875 1875 464 397 1876 1876 398 331 1877 1877 398 331 1878 1878 396 329 1879 1879 465 398 1880 1880 425 358 1881 1881 427 360 1882 1882 424 357 1883 1883 466 399 1884 1884 424 357 1885 1885 427 360 1886 1886 427 360 1887 1887 467 400 1888 1888 466 399 1889 1889 468 401 1890 1890 466 399 1891 1891 467 400 1892 1892 467 400 1893 1893 429 362 1894 1894 468 401 1895 1895 469 402 1896 1896 468 401 1897 1897 429 362 1898 1898 429 362 1899 1899 361 294 1900 1900 469 402 1901 1901 330 263 1902 1902 469 402 1903 1903 361 294 1904 1904 322 255 1905 1905 404 337 1906 1906 320 253 1907 1907 459 392 1908 1908 320 253 1909 1909 404 337 1910 1910 404 337 1911 1911 402 335 1912 1912 459 392 1913 1913 461 394 1914 1914 459 392 1915 1915 402 335 1916 1916 402 335 1917 1917 400 333 1918 1918 461 394 1919 1919 463 396 1920 1920 461 394 1921 1921 400 333 1922 1922 400 333 1923 1923 399 332 1924 1924 463 396 1925 1925 398 331 1926 1926 463 396 1927 1927 399 332 1928 1928 326 259 1929 1929 353 286 1930 1930 324 257 1931 1931 405 338 1932 1932 324 257 1933 1933 353 286 1934 1934 353 286 1935 1935 351 284 1936 1936 405 338 1937 1937 403 336 1938 1938 405 338 1939 1939 351 284 1940 1940 351 284 1941 1941 349 282 1942 1942 403 336 1943 1943 401 334 1944 1944 403 336 1945 1945 349 282 1946 1946 349 282 1947 1947 347 280 1948 1948 401 334 1949 1949 345 278 1950 1950 401 334 1951 1951 347 280 1952 1952 470 403 1953 1953 471 404 1954 1954 452 385 1955 1955 450 383 1956 1956 452 385 1957 1957 471 404 1958 1958 471 404 1959 1959 472 405 1960 1960 450 383 1961 1961 473 406 1962 1962 450 383 1963 1963 472 405 1964 1964 472 405 1965 1965 474 407 1966 1966 473 406 1967 1967 475 408 1968 1968 473 406 1969 1969 474 407 1970 1970 474 407 1971 1971 476 409 1972 1972 475 408 1973 1973 477 410 1974 1974 475 408 1975 1975 476 409 1976 1976 478 411 1977 1977 480 412 1978 1978 479 413 1979 1979 481 414 1980 1980 479 413 1981 1981 480 412 1982 1982 480 412 1983 1983 482 415 1984 1984 481 414 1985 1985 483 416 1986 1986 481 414 1987 1987 482 415 1988 1988 482 415 1989 1989 484 417 1990 1990 483 416 1991 1991 485 418 1992 1992 483 416 1993 1993 484 417 1994 1994 484 417 1995 1995 486 419 1996 1996 485 418 1997 1997 487 420 1998 1998 485 418 1999 1999 486 419 2000 2000 488 421 2001 2001 490 422 2002 2002 489 423 2003 2003 491 424 2004 2004 489 423 2005 2005 490 422 2006 2006 490 422 2007 2007 492 425 2008 2008 491 424 2009 2009 493 426 2010 2010 491 424 2011 2011 492 425 2012 2012 492 425 2013 2013 494 427 2014 2014 493 426 2015 2015 495 428 2016 2016 493 426 2017 2017 494 427 2018 2018 494 427 2019 2019 496 429 2020 2020 495 428 2021 2021 318 251 2022 2022 460 393 2023 2023 316 249 2024 2024 497 430 2025 2025 316 249 2026 2026 460 393 2027 2027 460 393 2028 2028 462 395 2029 2029 497 430 2030 2030 498 431 2031 2031 497 430 2032 2032 462 395 2033 2033 462 395 2034 2034 464 397 2035 2035 498 431 2036 2036 499 432 2037 2037 498 431 2038 2038 464 397 2039 2039 464 397 2040 2040 465 398 2041 2041 499 432 2042 2042 488 421 2043 2043 500 433 2044 2044 490 422 2045 2045 501 434 2046 2046 490 422 2047 2047 500 433 2048 2048 500 433 2049 2049 502 435 2050 2050 501 434 2051 2051 503 436 2052 2052 501 434 2053 2053 502 435 2054 2054 502 435 2055 2055 504 437 2056 2056 503 436 2057 2057 505 438 2058 2058 503 436 2059 2059 504 437 2060 2060 504 437 2061 2061 506 439 2062 2062 505 438 2063 2063 412 345 2064 2064 413 347 2065 2065 447 379 2066 2066 507 440 2067 2067 447 379 2068 2068 413 347 2069 2069 413 347 2070 2070 430 363 2071 2071 507 440 2072 2072 508 441 2073 2073 507 440 2074 2074 430 363 2075 2075 430 363 2076 2076 488 421 2077 2077 508 441 2078 2078 509 442 2079 2079 508 441 2080 2080 488 421 2081 2081 488 421 2082 2082 489 423 2083 2083 509 442 2084 2084 510 443 2085 2085 511 444 2086 2086 445 378 2087 2087 444 377 2088 2088 445 378 2089 2089 511 444 2090 2090 511 444 2091 2091 512 445 2092 2092 444 377 2093 2093 513 446 2094 2094 444 377 2095 2095 512 445 2096 2096 512 445 2097 2097 514 447 2098 2098 513 446 2099 2099 515 448 2100 2100 513 446 2101 2101 514 447 2102 2102 514 447 2103 2103 516 449 2104 2104 515 448 2105 2105 329 262 2106 2106 372 305 2107 2107 331 264 2108 2108 517 450 2109 2109 331 264 2110 2110 372 305 2111 2111 372 305 2112 2112 370 303 2113 2113 517 450 2114 2114 518 451 2115 2115 517 450 2116 2116 370 303 2117 2117 370 303 2118 2118 368 301 2119 2119 518 451 2120 2120 519 452 2121 2121 518 451 2122 2122 368 301 2123 2123 368 301 2124 2124 366 299 2125 2125 519 452 2126 2126 449 382 2127 2127 520 453 2128 2128 451 384 2129 2129 521 454 2130 2130 451 384 2131 2131 520 453 2132 2132 520 453 2133 2133 522 455 2134 2134 521 454 2135 2135 523 456 2136 2136 521 454 2137 2137 522 455 2138 2138 522 455 2139 2139 524 457 2140 2140 523 456 2141 2141 496 429 2142 2142 523 456 2143 2143 524 457 2144 2144 524 457 2145 2145 495 428 2146 2146 496 429 2147 2147 525 458 2148 2148 527 459 2149 2149 526 460 2150 2150 528 461 2151 2151 526 460 2152 2152 527 459 2153 2153 527 459 2154 2154 220 186 2155 2155 528 461 2156 2156 529 462 2157 2157 528 461 2158 2158 220 186 2159 2159 220 186 2160 2160 530 463 2161 2161 529 462 2162 2162 531 464 2163 2163 529 462 2164 2164 530 463 2165 2165 530 463 2166 2166 532 465 2167 2167 531 464 2168 2168 533 466 2169 2169 535 467 2170 2170 534 468 2171 2171 536 469 2172 2172 534 468 2173 2173 535 467 2174 2174 535 467 2175 2175 470 403 2176 2176 536 469 2177 2177 537 470 2178 2178 536 469 2179 2179 470 403 2180 2180 470 403 2181 2181 538 471 2182 2182 537 470 2183 2183 454 387 2184 2184 537 470 2185 2185 538 471 2186 2186 424 357 2187 2187 466 399 2188 2188 340 273 2189 2189 539 472 2190 2190 340 273 2191 2191 466 399 2192 2192 466 399 2193 2193 468 401 2194 2194 539 472 2195 2195 540 473 2196 2196 539 472 2197 2197 468 401 2198 2198 468 401 2199 2199 332 265 2200 2200 540 473 2201 2201 334 267 2202 2202 540 473 2203 2203 332 265 2204 2204 541 474 2205 2205 542 475 2206 2206 465 398 2207 2207 499 432 2208 2208 465 398 2209 2209 542 475 2210 2210 542 475 2211 2211 543 476 2212 2212 499 432 2213 2213 544 477 2214 2214 499 432 2215 2215 543 476 2216 2216 543 476 2217 2217 545 478 2218 2218 544 477 2219 2219 546 479 2220 2220 544 477 2221 2221 545 478 2222 2222 547 480 2223 2223 549 481 2224 2224 548 482 2225 2225 550 483 2226 2226 548 482 2227 2227 549 481 2228 2228 549 481 2229 2229 551 484 2230 2230 550 483 2231 2231 552 485 2232 2232 550 483 2233 2233 551 484 2234 2234 551 484 2235 2235 553 486 2236 2236 552 485 2237 2237 554 487 2238 2238 552 485 2239 2239 553 486 2240 2240 555 488 2241 2241 300 234 2242 2242 408 341 2243 2243 407 340 2244 2244 408 341 2245 2245 300 234 2246 2246 300 234 2247 2247 302 235 2248 2248 407 340 2249 2249 406 339 2250 2250 407 340 2251 2251 302 235 2252 2252 302 235 2253 2253 304 237 2254 2254 406 339 2255 2255 306 239 2256 2256 406 339 2257 2257 304 237 2258 2258 548 482 2259 2259 550 483 2260 2260 556 489 2261 2261 557 490 2262 2262 556 489 2263 2263 550 483 2264 2264 550 483 2265 2265 552 485 2266 2266 557 490 2267 2267 558 491 2268 2268 557 490 2269 2269 552 485 2270 2270 552 485 2271 2271 554 487 2272 2272 558 491 2273 2273 559 492 2274 2274 558 491 2275 2275 554 487 2276 2276 416 349 2277 2277 440 373 2278 2278 418 351 2279 2279 560 493 2280 2280 418 351 2281 2281 440 373 2282 2282 440 373 2283 2283 561 494 2284 2284 560 493 2285 2285 513 446 2286 2286 560 493 2287 2287 561 494 2288 2288 561 494 2289 2289 442 375 2290 2290 513 446 2291 2291 444 377 2292 2292 513 446 2293 2293 442 375 2294 2294 479 413 2295 2295 481 414 2296 2296 562 495 2297 2297 563 496 2298 2298 562 495 2299 2299 481 414 2300 2300 481 414 2301 2301 483 416 2302 2302 563 496 2303 2303 564 497 2304 2304 563 496 2305 2305 483 416 2306 2306 483 416 2307 2307 485 418 2308 2308 564 497 2309 2309 565 498 2310 2310 564 497 2311 2311 485 418 2312 2312 566 499 2313 2313 249 215 2314 2314 567 500 2315 2315 568 501 2316 2316 567 500 2317 2317 249 215 2318 2318 249 215 2319 2319 234 200 2320 2320 568 501 2321 2321 569 502 2322 2322 568 501 2323 2323 234 200 2324 2324 234 200 2325 2325 570 503 2326 2326 569 502 2327 2327 190 156 2328 2328 569 502 2329 2329 570 503 2330 2330 208 175 2331 2331 559 492 2332 2332 207 173 2333 2333 221 187 2334 2334 207 173 2335 2335 559 492 2336 2336 559 492 2337 2337 554 487 2338 2338 221 187 2339 2339 223 188 2340 2340 221 187 2341 2341 554 487 2342 2342 554 487 2343 2343 553 486 2344 2344 223 188 2345 2345 551 484 2346 2346 223 188 2347 2347 553 486 2348 2348 316 249 2349 2349 497 430 2350 2350 314 247 2351 2351 571 504 2352 2352 314 247 2353 2353 497 430 2354 2354 497 430 2355 2355 498 431 2356 2356 571 504 2357 2357 572 505 2358 2358 571 504 2359 2359 498 431 2360 2360 498 431 2361 2361 499 432 2362 2362 572 505 2363 2363 573 506 2364 2364 574 507 2365 2365 475 408 2366 2366 473 406 2367 2367 475 408 2368 2368 574 507 2369 2369 574 507 2370 2370 575 508 2371 2371 473 406 2372 2372 450 383 2373 2373 473 406 2374 2374 575 508 2375 2375 575 508 2376 2376 448 381 2377 2377 450 383 2378 2378 556 489 2379 2379 557 490 2380 2380 576 509 2381 2381 577 510 2382 2382 576 509 2383 2383 557 490 2384 2384 557 490 2385 2385 578 511 2386 2386 577 510 2387 2387 579 512 2388 2388 577 510 2389 2389 578 511 2390 2390 578 511 2391 2391 580 513 2392 2392 579 512 2393 2393 380 313 2394 2394 378 311 2395 2395 581 514 2396 2396 582 515 2397 2397 581 514 2398 2398 378 311 2399 2399 378 311 2400 2400 583 516 2401 2401 582 515 2402 2402 566 499 2403 2403 582 515 2404 2404 583 516 2405 2405 583 516 2406 2406 584 517 2407 2407 566 499 2408 2408 458 391 2409 2409 585 518 2410 2410 411 344 2411 2411 410 343 2412 2412 411 344 2413 2413 585 518 2414 2414 585 518 2415 2415 555 488 2416 2416 410 343 2417 2417 409 342 2418 2418 410 343 2419 2419 555 488 2420 2420 555 488 2421 2421 408 341 2422 2422 409 342 2423 2423 445 378 2424 2424 443 376 2425 2425 564 497 2426 2426 563 496 2427 2427 564 497 2428 2428 443 376 2429 2429 443 376 2430 2430 586 519 2431 2431 563 496 2432 2432 562 495 2433 2433 563 496 2434 2434 586 519 2435 2435 586 519 2436 2436 547 480 2437 2437 562 495 2438 2438 331 264 2439 2439 517 450 2440 2440 333 266 2441 2441 335 268 2442 2442 333 266 2443 2443 517 450 2444 2444 517 450 2445 2445 518 451 2446 2446 335 268 2447 2447 587 520 2448 2448 335 268 2449 2449 518 451 2450 2450 518 451 2451 2451 519 452 2452 2452 587 520 2453 2453 443 376 2454 2454 441 374 2455 2455 586 519 2456 2456 588 521 2457 2457 586 519 2458 2458 441 374 2459 2459 441 374 2460 2460 439 372 2461 2461 588 521 2462 2462 437 370 2463 2463 588 521 2464 2464 439 372 2465 2465 589 522 2466 2466 591 523 2467 2467 590 524 2468 2468 592 525 2469 2469 590 524 2470 2470 591 523 2471 2471 591 523 2472 2472 311 244 2473 2473 592 525 2474 2474 309 242 2475 2475 592 525 2476 2476 311 244 2477 2477 593 526 2478 2478 594 527 2479 2479 589 522 2480 2480 591 523 2481 2481 589 522 2482 2482 594 527 2483 2483 594 527 2484 2484 313 246 2485 2485 591 523 2486 2486 311 244 2487 2487 591 523 2488 2488 313 246 2489 2489 528 461 2490 2490 595 528 2491 2491 526 460 2492 2492 580 513 2493 2493 526 460 2494 2494 595 528 2495 2495 595 528 2496 2496 596 529 2497 2497 580 513 2498 2498 579 512 2499 2499 580 513 2500 2500 596 529 2501 2501 314 247 2502 2502 571 504 2503 2503 312 245 2504 2504 362 295 2505 2505 312 245 2506 2506 571 504 2507 2507 571 504 2508 2508 572 505 2509 2509 362 295 2510 2510 364 297 2511 2511 362 295 2512 2512 572 505 2513 2513 597 530 2514 2514 242 208 2515 2515 598 531 2516 2516 584 517 2517 2517 598 531 2518 2518 242 208 2519 2519 242 208 2520 2520 262 228 2521 2521 584 517 2522 2522 258 224 2523 2523 584 517 2524 2524 262 228 2525 2525 423 356 2526 2526 435 368 2527 2527 421 354 2528 2528 599 532 2529 2529 421 354 2530 2530 435 368 2531 2531 435 368 2532 2532 433 366 2533 2533 599 532 2534 2534 417 350 2535 2535 599 532 2536 2536 433 366 2537 2537 557 490 2538 2538 558 491 2539 2539 578 511 2540 2540 600 533 2541 2541 578 511 2542 2542 558 491 2543 2543 558 491 2544 2544 559 492 2545 2545 600 533 2546 2546 525 458 2547 2547 600 533 2548 2548 559 492 2549 2549 378 311 2550 2550 376 308 2551 2551 583 516 2552 2552 601 534 2553 2553 583 516 2554 2554 376 308 2555 2555 376 308 2556 2556 374 307 2557 2557 601 534 2558 2558 602 535 2559 2559 601 534 2560 2560 374 307 2561 2561 603 536 2562 2562 544 477 2563 2563 604 537 2564 2564 605 538 2565 2565 604 537 2566 2566 544 477 2567 2567 544 477 2568 2568 546 479 2569 2569 605 538 2570 2570 606 539 2571 2571 605 538 2572 2572 546 479 2573 2573 514 447 2574 2574 607 540 2575 2575 516 449 2576 2576 608 541 2577 2577 516 449 2578 2578 607 540 2579 2579 607 540 2580 2580 506 439 2581 2581 608 541 2582 2582 504 437 2583 2583 608 541 2584 2584 506 439 2585 2585 604 537 2586 2586 605 538 2587 2587 609 542 2588 2588 610 543 2589 2589 609 542 2590 2590 605 538 2591 2591 605 538 2592 2592 611 544 2593 2593 610 543 2594 2594 337 270 2595 2595 610 543 2596 2596 611 544 2597 2597 612 545 2598 2598 606 539 2599 2599 613 546 2600 2600 541 474 2601 2601 613 546 2602 2602 606 539 2603 2603 606 539 2604 2604 546 479 2605 2605 541 474 2606 2606 545 478 2607 2607 541 474 2608 2608 546 479 2609 2609 495 428 2610 2610 524 457 2611 2611 614 547 2612 2612 615 548 2613 2613 614 547 2614 2614 524 457 2615 2615 524 457 2616 2616 522 455 2617 2617 615 548 2618 2618 520 453 2619 2619 615 548 2620 2620 522 455 2621 2621 220 186 2622 2622 527 459 2623 2623 254 220 2624 2624 208 175 2625 2625 254 220 2626 2626 527 459 2627 2627 527 459 2628 2628 525 458 2629 2629 208 175 2630 2630 559 492 2631 2631 208 175 2632 2632 525 458 2633 2633 616 549 2634 2634 617 550 2635 2635 519 452 2636 2636 587 520 2637 2637 519 452 2638 2638 617 550 2639 2639 617 550 2640 2640 618 551 2641 2641 587 520 2642 2642 619 552 2643 2643 587 520 2644 2644 618 551 2645 2645 537 470 2646 2646 454 387 2647 2647 620 553 2648 2648 621 554 2649 2649 620 553 2650 2650 454 387 2651 2651 454 387 2652 2652 455 388 2653 2653 621 554 2654 2654 496 429 2655 2655 621 554 2656 2656 455 388 2657 2657 616 549 2658 2658 603 536 2659 2659 617 550 2660 2660 618 551 2661 2661 617 550 2662 2662 603 536 2663 2663 603 536 2664 2664 604 537 2665 2665 618 551 2666 2666 609 542 2667 2667 618 551 2668 2668 604 537 2669 2669 447 379 2670 2670 507 440 2671 2671 449 382 2672 2672 520 453 2673 2673 449 382 2674 2674 507 440 2675 2675 507 440 2676 2676 508 441 2677 2677 520 453 2678 2678 509 442 2679 2679 520 453 2680 2680 508 441 2681 2681 622 555 2682 2682 624 556 2683 2683 623 557 2684 2684 625 558 2685 2685 623 557 2686 2686 624 556 2687 2687 624 556 2688 2688 307 240 2689 2689 625 558 2690 2690 305 238 2691 2691 625 558 2692 2692 307 240 2693 2693 620 553 2694 2694 621 554 2695 2695 626 559 2696 2696 494 427 2697 2697 626 559 2698 2698 621 554 2699 2699 621 554 2700 2700 496 429 2701 2701 494 427 2702 2702 602 535 2703 2703 374 307 2704 2704 627 560 2705 2705 628 561 2706 2706 627 560 2707 2707 374 307 2708 2708 374 307 2709 2709 375 309 2710 2710 628 561 2711 2711 432 365 2712 2712 434 367 2713 2713 500 433 2714 2714 502 435 2715 2715 500 433 2716 2716 434 367 2717 2717 434 367 2718 2718 436 369 2719 2719 502 435 2720 2720 191 158 2721 2721 206 172 2722 2722 629 562 2723 2723 630 563 2724 2724 629 562 2725 2725 206 172 2726 2726 206 172 2727 2727 446 380 2728 2728 630 563 2729 2729 631 564 2730 2730 533 466 2731 2731 632 565 2732 2732 633 566 2733 2733 632 565 2734 2734 533 466 2735 2735 533 466 2736 2736 534 468 2737 2737 633 566 2738 2738 581 514 2739 2739 582 515 2740 2740 568 501 2741 2741 567 500 2742 2742 568 501 2743 2743 582 515 2744 2744 582 515 2745 2745 566 499 2746 2746 567 500 2747 2747 206 172 2748 2748 202 168 2749 2749 446 380 2750 2750 412 345 2751 2751 446 380 2752 2752 202 168 2753 2753 202 168 2754 2754 437 370 2755 2755 412 345 2756 2756 516 449 2757 2757 608 541 2758 2758 422 355 2759 2759 423 356 2760 2760 422 355 2761 2761 608 541 2762 2762 608 541 2763 2763 504 437 2764 2764 423 356 2765 2765 476 409 2766 2766 474 407 2767 2767 631 564 2768 2768 533 466 2769 2769 631 564 2770 2770 474 407 2771 2771 474 407 2772 2772 535 467 2773 2773 533 466 2774 2774 495 428 2775 2775 614 547 2776 2776 493 426 2777 2777 489 423 2778 2778 493 426 2779 2779 614 547 2780 2780 614 547 2781 2781 509 442 2782 2782 489 423 2783 2783 202 168 2784 2784 200 166 2785 2785 437 370 2786 2786 634 567 2787 2787 437 370 2788 2788 200 166 2789 2789 200 166 2790 2790 635 568 2791 2791 634 567 2792 2792 548 482 2793 2793 556 489 2794 2794 479 413 2795 2795 478 411 2796 2796 479 413 2797 2797 556 489 2798 2798 556 489 2799 2799 576 509 2800 2800 478 411 2801 2801 380 313 2802 2802 581 514 2803 2803 636 569 2804 2804 569 502 2805 2805 636 569 2806 2806 581 514 2807 2807 581 514 2808 2808 568 501 2809 2809 569 502 2810 2810 583 516 2811 2811 601 534 2812 2812 584 517 2813 2813 598 531 2814 2814 584 517 2815 2815 601 534 2816 2816 601 534 2817 2817 602 535 2818 2818 598 531 2819 2819 532 465 2820 2820 530 463 2821 2821 637 570 2822 2822 638 571 2823 2823 637 570 2824 2824 530 463 2825 2825 530 463 2826 2826 220 186 2827 2827 638 571 2828 2828 437 370 2829 2829 634 567 2830 2830 588 521 2831 2831 639 572 2832 2832 588 521 2833 2833 634 567 2834 2834 634 567 2835 2835 547 480 2836 2836 639 572 2837 2837 388 321 2838 2838 641 573 2839 2839 640 574 2840 2840 301 233 2841 2841 640 574 2842 2842 641 573 2843 2843 641 573 2844 2844 642 575 2845 2845 301 233 2846 2846 418 351 2847 2847 560 493 2848 2848 420 353 2849 2849 516 449 2850 2850 420 353 2851 2851 560 493 2852 2852 560 493 2853 2853 515 448 2854 2854 516 449 2855 2855 474 407 2856 2856 472 405 2857 2857 535 467 2858 2858 470 403 2859 2859 535 467 2860 2860 472 405 2861 2861 472 405 2862 2862 471 404 2863 2863 470 403 2864 2864 540 473 2865 2865 334 267 2866 2866 539 472 2867 2867 338 271 2868 2868 539 472 2869 2869 334 267 2870 2870 334 267 2871 2871 336 269 2872 2872 338 271 2873 2873 499 432 2874 2874 544 477 2875 2875 572 505 2876 2876 364 297 2877 2877 572 505 2878 2878 544 477 2879 2879 544 477 2880 2880 366 299 2881 2881 364 297 2882 2882 366 299 2883 2883 544 477 2884 2884 519 452 2885 2885 616 549 2886 2886 519 452 2887 2887 544 477 2888 2888 544 477 2889 2889 603 536 2890 2890 616 549 2891 2891 598 531 2892 2892 602 535 2893 2893 597 530 2894 2894 643 576 2895 2895 597 530 2896 2896 602 535 2897 2897 602 535 2898 2898 627 560 2899 2899 643 576 2900 2900 307 240 2901 2901 624 556 2902 2902 309 242 2903 2903 592 525 2904 2904 309 242 2905 2905 624 556 2906 2906 624 556 2907 2907 590 524 2908 2908 592 525 2909 2909 564 497 2910 2910 644 577 2911 2911 445 378 2912 2912 510 443 2913 2913 445 378 2914 2914 644 577 2915 2915 430 363 2916 2916 431 364 2917 2917 488 421 2918 2918 432 365 2919 2919 488 421 2920 2920 431 364 2921 2921 487 420 2922 2922 645 578 2923 2923 589 522 2924 2924 593 526 2925 2925 589 522 2926 2926 645 578 2927 2927 543 476 2928 2928 542 475 2929 2929 545 478 2930 2930 541 474 2931 2931 545 478 2932 2932 542 475 2933 2933 588 521 2934 2934 639 572 2935 2935 586 519 2936 2936 547 480 2937 2937 586 519 2938 2938 639 572 2939 2939 414 346 2940 2940 438 371 2941 2941 416 349 2942 2942 440 373 2943 2943 416 349 2944 2944 438 371 2945 2945 502 435 2946 2946 436 369 2947 2947 504 437 2948 2948 423 356 2949 2949 504 437 2950 2950 436 369 2951 2951 451 384 2952 2952 521 454 2953 2953 453 386 2954 2954 523 456 2955 2955 453 386 2956 2956 521 454 2957 2957 264 230 2958 2958 646 579 2959 2959 233 199 2960 2960 244 210 2961 2961 233 199 2962 2962 646 579 2963 2963 584 517 2964 2964 258 224 2965 2965 566 499 2966 2966 249 215 2967 2967 566 499 2968 2968 258 224 2969 2969 562 495 2970 2970 547 480 2971 2971 479 413 2972 2972 548 482 2973 2973 479 413 2974 2974 547 480 2975 2975 569 502 2976 2976 190 156 2977 2977 629 562 2978 2978 191 158 2979 2979 629 562 2980 2980 190 156 2981 2981 468 401 2982 2982 469 402 2983 2983 332 265 2984 2984 330 263 2985 2985 332 265 2986 2986 469 402 2987 2987 360 293 2988 2988 428 361 2989 2989 359 292 2990 2990 426 359 2991 2991 359 292 2992 2992 428 361 2993 2993 382 315 2994 2994 477 410 2995 2995 384 317 2996 2996 476 409 2997 2997 384 317 2998 2998 477 410 2999 2999 614 547 3000 3000 615 548 3001 3001 509 442 3002 3002 520 453 3003 3003 509 442 3004 3004 615 548 3005 3005 589 522 3006 3006 565 498 3007 3007 487 420 3008 3008 485 418 3009 3009 487 420 3010 3010 565 498 3011 3011 301 233 3012 3012 647 580 3013 3013 640 574 3014 3014 389 322 3015 3015 640 574 3016 3016 647 580 3017 3017 641 573 3018 3018 303 236 3019 3019 642 575 3020 3020 301 233 3021 3021 642 575 3022 3022 303 236 3023 3023 492 425 3024 3024 648 581 3025 3025 494 427 3026 3026 626 559 3027 3027 494 427 3028 3028 648 581 3029 3029 303 236 3030 3030 649 582 3031 3031 305 238 3032 3032 623 557 3033 3033 305 238 3034 3034 649 582 3035 3035 200 166 3036 3036 198 164 3037 3037 635 568 3038 3038 244 210 3039 3039 635 568 3040 3040 198 164 3041 3041 635 568 3042 3042 244 210 3043 3043 549 481 3044 3044 646 579 3045 3045 549 481 3046 3046 244 210 3047 3047 223 188 3048 3048 551 484 3049 3049 264 230 3050 3050 549 481 3051 3051 264 230 3052 3052 551 484 3053 3053 386 319 3054 3054 631 564 3055 3055 388 321 3056 3056 641 573 3057 3057 388 321 3058 3058 631 564 3059 3059 417 350 3060 3060 419 352 3061 3061 599 532 3062 3062 421 354 3063 3063 599 532 3064 3064 419 352 3065 3065 634 567 3066 3066 635 568 3067 3067 547 480 3068 3068 549 481 3069 3069 547 480 3070 3070 635 568 3071 3071 496 429 3072 3072 455 388 3073 3073 523 456 3074 3074 453 386 3075 3075 523 456 3076 3076 455 388 3077 3077 357 290 3078 3078 358 291 3079 3079 426 359 3080 3080 359 292 3081 3081 426 359 3082 3082 358 291 3083 3083 564 497 3084 3084 565 498 3085 3085 650 583 3086 3086 589 522 3087 3087 650 583 3088 3088 565 498 3089 3089 380 313 3090 3090 636 569 3091 3091 382 315 3092 3092 651 584 3093 3093 382 315 3094 3094 636 569 3095 3095 525 458 3096 3096 526 460 3097 3097 600 533 3098 3098 580 513 3099 3099 600 533 3100 3100 526 460 3101 3101 454 387 3102 3102 538 471 3103 3103 452 385 3104 3104 470 403 3105 3105 452 385 3106 3106 538 471 3107 3107 446 380 3108 3108 574 507 3109 3109 630 563 3110 3110 573 506 3111 3111 630 563 3112 3112 574 507 3113 3113 630 563 3114 3114 573 506 3115 3115 629 562 3116 3116 651 584 3117 3117 629 562 3118 3118 573 506 3119 3119 629 562 3120 3120 651 584 3121 3121 569 502 3122 3122 636 569 3123 3123 569 502 3124 3124 651 584 3125 3125 337 270 3126 3126 611 544 3127 3127 339 272 3128 3128 396 329 3129 3129 339 272 3130 3130 611 544 3131 3131 477 410 3132 3132 651 584 3133 3133 475 408 3134 3134 573 506 3135 3135 475 408 3136 3136 651 584 3137 3137 448 381 3138 3138 575 508 3139 3139 446 380 3140 3140 574 507 3141 3141 446 380 3142 3142 575 508 3143 3143 299 232 3144 3144 652 585 3145 3145 301 233 3146 3146 647 580 3147 3147 301 233 3148 3148 652 585 3149 3149 465 398 3150 3150 396 329 3151 3151 612 545 3152 3152 611 544 3153 3153 612 545 3154 3154 396 329 3155 3155 612 545 3156 3156 613 546 3157 3157 465 398 3158 3158 541 474 3159 3159 465 398 3160 3160 613 546 3161 3161 650 583 3162 3162 653 586 3163 3163 590 524 3164 3164 589 522 3165 3165 590 524 3166 3166 653 586 3167 3167 610 543 3168 3168 619 552 3169 3169 609 542 3170 3170 618 551 3171 3171 609 542 3172 3172 619 552 3173 3173 220 186 3174 3174 219 185 3175 3175 597 530 3176 3176 242 208 3177 3177 597 530 3178 3178 219 185 3179 3179 597 530 3180 3180 643 576 3181 3181 220 186 3182 3182 638 571 3183 3183 220 186 3184 3184 643 576 3185 3185 234 200 3186 3186 233 199 3187 3187 570 503 3188 3188 190 156 3189 3189 570 503 3190 3190 233 199 3191 3191 384 317 3192 3192 476 409 3193 3193 386 319 3194 3194 631 564 3195 3195 386 319 3196 3196 476 409 3197 3197 619 552 3198 3198 610 543 3199 3199 587 520 3200 3200 337 270 3201 3201 587 520 3202 3202 610 543 3203 3203 606 539 3204 3204 612 545 3205 3205 605 538 3206 3206 611 544 3207 3207 605 538 3208 3208 612 545 3209 3209 313 246 3210 3210 594 527 3211 3211 315 248 3212 3212 456 389 3213 3213 315 248 3214 3214 594 527 3215 3215 585 518 3216 3216 458 391 3217 3217 654 587 3218 3218 457 390 3219 3219 654 587 3220 3220 458 391 3221 3221 500 433 3222 3222 488 421 3223 3223 432 365 3224 3224 262 228 3225 3225 235 201 3226 3226 258 224 3227 3227 264 230 3228 3228 549 481 3229 3229 646 579 3230 3230 338 271 3231 3231 340 273 3232 3232 539 472 3233 3233 467 400 3234 3234 427 360 3235 3235 429 362 3236 3236 493 426 3237 3237 489 423 3238 3238 491 424 3239 3239 561 494 3240 3240 440 373 3241 3241 442 375 3242 3242 578 511 3243 3243 600 533 3244 3244 580 513 3245 3245 422 355 3246 3246 420 353 3247 3247 516 449 3248 3248 356 289 3249 3249 346 279 3250 3250 348 281 3251 3251 640 574 3252 3252 389 322 3253 3253 388 321 3254 3254 650 583 3255 3255 589 522 3256 3256 653 586 3257 3257 587 520 3258 3258 337 270 3259 3259 335 268 3260 3260 477 410 3261 3261 382 315 3262 3262 651 584 3263 3263 343 276 3264 3264 341 274 3265 3265 397 330 3266 3266 490 422 3267 3267 501 434 3268 3268 503 436 3269 3269 515 448 3270 3270 560 493 3271 3271 513 446 3272 3272 305 238 3273 3273 623 557 3274 3274 625 558 3275 3275 207 173 3276 3276 221 187 3277 3277 235 201 3278 3278 622 555 3279 3279 590 524 3280 3280 624 556 3281 3281 654 587 3282 3282 655 588 3283 3283 585 518 3284 3284 656 589 3285 3285 585 518 3286 3286 655 588 3287 3287 654 587 3288 3288 457 390 3289 3289 657 590 3290 3290 658 591 3291 3291 657 590 3292 3292 457 390 3293 3293 300 234 3294 3294 555 488 3295 3295 299 232 3296 3296 585 518 3297 3297 299 232 3298 3298 555 488 3299 3299 594 527 3300 3300 593 526 3301 3301 456 389 3302 3302 658 591 3303 3303 456 389 3304 3304 593 526 3305 3305 456 389 3306 3306 658 591 3307 3307 457 390 3308 3308 299 232 3309 3309 585 518 3310 3310 656 589 3311 3311 633 566 4644 4644 534 468 4645 4645 659 817 4646 4646 660 818 4647 4647 659 817 4648 4648 534 468 4649 4649 534 468 4650 4650 661 819 4651 4651 660 818 4652 4652 662 820 4653 4653 660 818 4654 4654 661 819 4655 4655 661 819 4656 4656 663 821 4657 4657 662 820 4658 4658 664 822 4659 4659 662 820 4660 4660 663 821 4661 4661 663 821 4662 4662 665 823 4663 4663 664 822 4664 4664 666 824 4665 4665 664 822 4666 4666 665 823 4667 4667 665 823 4668 4668 667 825 4669 4669 666 824 4670 4670 289 774 4671 4671 666 824 4672 4672 667 825 4673 4673 667 825 4674 4674 287 772 4675 4675 289 774 4676 4676 668 826 4677 4677 669 827 4678 4678 181 808 4679 4679 180 807 4680 4680 181 808 4681 4681 669 827 4682 4682 669 827 4683 4683 670 828 4684 4684 180 807 4685 4685 179 806 4686 4686 180 807 4687 4687 670 828 4688 4688 670 828 4689 4689 671 829 4690 4690 179 806 4691 4691 672 830 4692 4692 179 806 4693 4693 671 829 4694 4694 671 829 4695 4695 673 831 4696 4696 672 830 4697 4697 674 832 4698 4698 672 830 4699 4699 673 831 4700 4700 673 831 4701 4701 511 444 4702 4702 674 832 4703 4703 276 760 4704 4704 641 573 4705 4705 278 762 4706 4706 279 763 4707 4707 278 762 4708 4708 641 573 4709 4709 641 573 4710 4710 631 564 4711 4711 279 763 4712 4712 293 778 4713 4713 279 763 4714 4714 631 564 4715 4715 631 564 4716 4716 659 817 4717 4717 293 778 4718 4718 295 780 4719 4719 293 778 4720 4720 659 817 4721 4721 659 817 4722 4722 675 833 4723 4723 295 780 4724 4724 289 774 4725 4725 290 775 4726 4726 666 824 4727 4727 664 822 4728 4728 666 824 4729 4729 290 775 4730 4730 290 775 4731 4731 298 783 4732 4732 664 822 4733 4733 662 820 4734 4734 664 822 4735 4735 298 783 4736 4736 298 783 4737 4737 675 833 4738 4738 662 820 4739 4739 660 818 4740 4740 662 820 4741 4741 675 833 4742 4742 675 833 4743 4743 659 817 4744 4744 660 818 4745 4745 280 764 4746 4746 677 834 4747 4747 676 835 4748 4748 678 836 4749 4749 676 835 4750 4750 677 834 4751 4751 677 834 4752 4752 679 837 4753 4753 678 836 4754 4754 680 838 4755 4755 678 836 4756 4756 679 837 4757 4757 679 837 4758 4758 681 839 4759 4759 680 838 4760 4760 667 825 4761 4761 680 838 4762 4762 681 839 4763 4763 681 839 4764 4764 287 772 4765 4765 667 825 4766 4766 168 795 4767 4767 188 815 4768 4768 650 583 4769 4769 564 497 4770 4770 650 583 4771 4771 188 815 4772 4772 188 815 4773 4773 187 814 4774 4774 564 497 4775 4775 674 832 4776 4776 564 497 4777 4777 187 814 4778 4778 187 814 4779 4779 175 802 4780 4780 674 832 4781 4781 672 830 4782 4782 674 832 4783 4783 175 802 4784 4784 534 468 4785 4785 536 469 4786 4786 661 819 4787 4787 663 821 4788 4788 661 819 4789 4789 536 469 4790 4790 536 469 4791 4791 537 470 4792 4792 663 821 4793 4793 665 823 4794 4794 663 821 4795 4795 537 470 4796 4796 537 470 4797 4797 620 553 4798 4798 665 823 4799 4799 626 559 4800 4800 665 823 4801 4801 620 553 4802 4802 607 540 4803 4803 514 447 4804 4804 682 840 4805 4805 683 841 4806 4806 682 840 4807 4807 514 447 4808 4808 514 447 4809 4809 512 445 4810 4810 683 841 4811 4811 684 842 4812 4812 683 841 4813 4813 512 445 4814 4814 512 445 4815 4815 511 444 4816 4816 684 842 4817 4817 673 831 4818 4818 684 842 4819 4819 511 444 4820 4820 673 831 4821 4821 671 829 4822 4822 684 842 4823 4823 683 841 4824 4824 684 842 4825 4825 671 829 4826 4826 671 829 4827 4827 670 828 4828 4828 683 841 4829 4829 682 840 4830 4830 683 841 4831 4831 670 828 4832 4832 670 828 4833 4833 669 827 4834 4834 682 840 4835 4835 668 826 4836 4836 682 840 4837 4837 669 827 4838 4838 676 835 4839 4839 678 836 4840 4840 490 422 4841 4841 492 425 4842 4842 490 422 4843 4843 678 836 4844 4844 678 836 4845 4845 680 838 4846 4846 492 425 4847 4847 648 581 4848 4848 492 425 4849 4849 680 838 4850 4850 680 838 4851 4851 626 559 4852 4852 648 581 4853 4853 490 422 4854 4854 685 843 4855 4855 676 835 4856 4856 686 844 4857 4857 676 835 4858 4858 685 843 4859 4859 685 843 4860 4860 687 845 4861 4861 686 844 4862 4862 184 811 4863 4863 686 844 4864 4864 687 845 4865 4865 687 845 4866 4866 185 812 4867 4867 184 811 4868 4868 685 843 4869 4869 688 846 4870 4870 687 845 4871 4871 689 847 4872 4872 687 845 4873 4873 688 846 4874 4874 688 846 4875 4875 668 826 4876 4876 689 847 4877 4877 182 809 4878 4878 689 847 4879 4879 668 826 4880 4880 668 826 4881 4881 181 808 4882 4882 182 809 4883 4883 649 582 4884 4884 690 848 4885 4885 623 557 4886 4886 622 555 4887 4887 623 557 4888 4888 690 848 4889 4889 690 848 4890 4890 177 804 4891 4891 622 555 4892 4892 189 816 4893 4893 622 555 4894 4894 177 804 4895 4895 490 422 4896 4896 503 436 4897 4897 685 843 4898 4898 688 846 4899 4899 685 843 4900 4900 503 436 4901 4901 503 436 4902 4902 505 438 4903 4903 688 846 4904 4904 506 439 4905 4905 688 846 4906 4906 505 438 4907 4907 280 764 4908 4908 281 766 4909 4909 677 834 4910 4910 679 837 4911 4911 677 834 4912 4912 281 766 4913 4913 281 766 4914 4914 285 770 4915 4915 679 837 4916 4916 286 771 4917 4917 679 837 4918 4918 285 770 4919 4919 607 540 4920 4920 682 840 4921 4921 506 439 4922 4922 691 849 4923 4923 506 439 4924 4924 682 840 4925 4925 682 840 4926 4926 668 826 4927 4927 691 849 4928 4928 688 846 4929 4929 691 849 4930 4930 668 826 4931 4931 564 497 4932 4932 674 832 4933 4933 644 577 4934 4934 510 443 4935 4935 644 577 4936 4936 674 832 4937 4937 674 832 4938 4938 511 444 4939 4939 510 443 4940 4940 177 804 4941 4941 690 848 4942 4942 176 803 4943 4943 157 768 4944 4944 176 803 4945 4945 690 848 4946 4946 690 848 4947 4947 284 769 4948 4948 157 768 4949 4949 667 825 4950 4950 692 850 4951 4951 680 838 4952 4952 626 559 4953 4953 680 838 4954 4954 692 850 4955 4955 692 850 4956 4956 665 823 4957 4957 626 559 4958 4958 622 555 4959 4959 189 816 4960 4960 590 524 4961 4961 167 794 4962 4962 590 524 4963 4963 189 816 4964 4964 590 524 4965 4965 167 794 4966 4966 650 583 4967 4967 168 795 4968 4968 650 583 4969 4969 167 794 4970 4970 284 769 4971 4971 690 848 4972 4972 272 756 4973 4973 649 582 4974 4974 272 756 4975 4975 690 848 4976 4976 272 756 4977 4977 649 582 4978 4978 274 758 4979 4979 303 236 4980 4980 274 758 4981 4981 649 582 4982 4982 274 758 4983 4983 303 236 4984 4984 276 760 4985 4985 641 573 4986 4986 276 760 4987 4987 303 236 4988 4988 631 564 4989 4989 632 565 4990 4990 659 817 4991 4991 633 566 4992 4992 659 817 4993 4993 632 565 4994 4994 184 811 4995 4995 183 810 4996 4996 686 844 4997 4997 676 835 4998 4998 686 844 4999 4999 183 810 5000 5000 185 812 5001 5001 687 845 5002 5002 186 813 5003 5003 689 847 5004 5004 186 813 5005 5005 687 845 5006 5006 679 837 5007 5007 286 771 5008 5008 681 839 5009 5009 287 772 5010 5010 681 839 5011 5011 286 771 5012 5012 186 813 5013 5013 689 847 5014 5014 182 809 5015 5015 667 825 5016 5016 665 823 5017 5017 692 850 5018 5018 688 846 5019 5019 506 439 5020 5020 691 849 5021 5021 964 963 5676 5676 968 964 5677 5677 963 965 5678 5678 964 963 5679 5679 963 965 5680 5680 965 966 5681 5681 969 967 5682 5682 965 966 5683 5683 963 965 5684 5684 963 965 5685 5685 967 968 5686 5686 966 969 5687 5687 963 965 5688 5688 966 969 5689 5689 969 967 5690 5690 967 968 5691 5691 963 965 5692 5692 968 964 5693 5693 969 967 5694 5694 970 970 5695 5695 973 971 5696 5696 972 972 5697 5697 970 970 5698 5698 969 967 5699 5699 972 972 5700 5700 969 967 5701 5701 966 969 5702 5702 965 966 5703 5703 969 967 5704 5704 971 973 5705 5705 973 971 5706 5706 971 973 5707 5707 969 967 5708 5708 970 970 5709 5709 981 974 5710 5710 973 971 5711 5711 973 971 5712 5712 974 975 5713 5713 975 976 5714 5714 974 975 5715 5715 973 971 5716 5716 983 977 5717 5717 975 976 5718 5718 977 978 5719 5719 973 971 5720 5720 980 979 5721 5721 976 980 5722 5722 973 971 5723 5723 982 981 5724 5724 973 971 5725 5725 976 980 5726 5726 971 973 5727 5727 973 971 5728 5728 977 978 5729 5729 978 982 5730 5730 979 983 5731 5731 973 971 5732 5732 978 982 5733 5733 973 971 5734 5734 981 974 5735 5735 980 979 5736 5736 973 971 5737 5737 979 983 5738 5738 973 971 5739 5739 982 981 5740 5740 984 984 5741 5741 984 984 5742 5742 983 977 5743 5743 973 971 5744 5744 986 985 5745 5745 985 986 5746 5746 984 984 5747 5747 983 977 5748 5748 984 984 5749 5749 985 986 5750 5750 984 984 5751 5751 982 981 5752 5752 986 985 5753 5753 986 985 5754 5754 987 987 5755 5755 988 988 5756 5756 987 987 5757 5757 986 985 5758 5758 982 981 5759 5759 988 988 5760 5760 989 989 5761 5761 986 985 5762 5762 985 986 5763 5763 986 985 5764 5764 989 989 5765 5765 989 989 5766 5766 990 990 5767 5767 985 986 5768 5768 990 990 5769 5769 989 989 5770 5770 991 991 5771 5771 992 992 5772 5772 991 991 5773 5773 989 989 5774 5774 989 989 5775 5775 993 993 5776 5776 992 992 5777 5777 993 993 5778 5778 989 989 5779 5779 994 994 5780 5780 988 988 5781 5781 994 994 5782 5782 989 989 5783 5783 994 994 5784 5784 988 988 5785 5785 995 995 5786 5786 994 994 5787 5787 995 995 5788 5788 997 996 5789 5789 993 993 5790 5790 994 994 5791 5791 996 997 5792 5792 998 998 5793 5793 996 997 5794 5794 994 994 5795 5795 994 994 5796 5796 997 996 5797 5797 998 998 5798 5798 996 997 5799 5799 998 998 5800 5800 1001 999 5801 5801 999 1000 5802 5802 1001 999 5803 5803 998 998 5804 5804 998 998 5805 5805 1000 1001 5806 5806 999 1000 5807 5807 1000 1001 5808 5808 998 998 5809 5809 997 996 5810 5810 1001 999 5811 5811 1003 1002 5812 5812 1002 1003 5813 5813 1001 999 5814 5814 1002 1003 5815 5815 996 997 5816 5816 1003 1002 5817 5817 1001 999 5818 5818 1005 1004 5819 5819 1001 999 5820 5820 999 1000 5821 5821 1004 1005 5822 5822 1004 1005 5823 5823 1005 1004 5824 5824 1001 999 5825 5825 1005 1004 5826 5826 1006 1006 5827 5827 1003 1002 5828 5828 1005 1004 5829 5829 1004 1005 5830 5830 1007 1007 5831 5831 1006 1006 5832 5832 1005 1004 5833 5833 1008 1008 5834 5834 1007 1007 5835 5835 1008 1008 5836 5836 1005 1004 5837 5837 1008 1008 5838 5838 1007 1007 5839 5839 1009 1009 5840 5840 1008 1008 5841 5841 1009 1009 5842 5842 1006 1006 5843 5843 1009 1009 5844 5844 1007 1007 5845 5845 1011 1010 5846 5846 1012 1011 5847 5847 1006 1006 5848 5848 1009 1009 5849 5849 1013 1012 5850 5850 1009 1009 5851 5851 1010 1013 5852 5852 1011 1010 5853 5853 1010 1013 5854 5854 1009 1009 5855 5855 1009 1009 5856 5856 1013 1012 5857 5857 1012 1011 5858 5858 1015 1014 5859 5859 1012 1011 5860 5860 1013 1012 5861 5861 1010 1013 5862 5862 1014 1015 5863 5863 1013 1012 5864 5864 1016 1016 5865 5865 1013 1012 5866 5866 1014 1015 5867 5867 1015 1014 5868 5868 1013 1012 5869 5869 1017 1017 5870 5870 1016 1016 5871 5871 1017 1017 5872 5872 1013 1012 5873 5873 1017 1017 5874 5874 1018 1018 5875 5875 1015 1014 5876 5876 1019 1019 5877 5877 1015 1014 5878 5878 1018 1018 5879 5879 1018 1018 5880 5880 1020 1020 5881 5881 1019 1019 5882 5882 1021 1021 5883 5883 1019 1019 5884 5884 1020 1020 5885 5885 1020 1020 5886 5886 1022 1022 5887 5887 1021 1021 5888 5888 1023 1023 5889 5889 1021 1021 5890 5890 1022 1022 5891 5891 1021 1021 5892 5892 1023 1023 5893 5893 1024 1024 5894 5894 1025 1025 5895 5895 1024 1024 5896 5896 1023 1023 5897 5897 1024 1024 5898 5898 1025 1025 5899 5899 1026 1026 5900 5900 1027 1027 5901 5901 1026 1026 5902 5902 1025 1025 5903 5903 1027 1027 5904 5904 1028 1028 5905 5905 1029 1029 5906 5906 1029 1029 5907 5907 1026 1026 5908 5908 1027 1027 5909 5909 1032 1030 5910 5910 1029 1029 5911 5911 1028 1028 5912 5912 1032 1030 5913 5913 1030 1031 5914 5914 1029 1029 5915 5915 1033 1032 5916 5916 1029 1029 5917 5917 1030 1031 5918 5918 1029 1029 5919 5919 1031 1033 5920 5920 1026 1026 5921 5921 1029 1029 5922 5922 1033 1032 5923 5923 1031 1033 5924 5924 1033 1032 5925 5925 1030 1031 5926 5926 1034 1034 5927 5927 1034 1034 5928 5928 1035 1035 5929 5929 1033 1032 5930 5930 1036 1036 5931 5931 1031 1033 5932 5932 1033 1032 5933 5933 1036 1036 5934 5934 1033 1032 5935 5935 1035 1035 5936 5936 1035 1035 5937 5937 1038 1037 5938 5938 1036 1036 5939 5939 1039 1038 5940 5940 1037 1039 5941 5941 1036 1036 5942 5942 1031 1033 5943 5943 1036 1036 5944 5944 1037 1039 5945 5945 1039 1038 5946 5946 1036 1036 5947 5947 1038 1037 5948 5948 1039 1038 5949 5949 1040 1040 5950 5950 1041 1041 5951 5951 1039 1038 5952 5952 1042 1042 5953 5953 1040 1040 5954 5954 1039 1038 5955 5955 1041 1041 5956 5956 1037 1039 5957 5957 1042 1042 5958 5958 1039 1038 5959 5959 1043 1043 5960 5960 1038 1037 5961 5961 1043 1043 5962 5962 1039 1038 5963 5963 1043 1043 5964 5964 1045 1044 5965 5965 1042 1042 5966 5966 1038 1037 5967 5967 1044 1045 5968 5968 1043 1043 5969 5969 1045 1044 5970 5970 1043 1043 5971 5971 1044 1045 5972 5972 1045 1044 5973 5973 1046 1046 5974 5974 1047 1047 5975 5975 1048 1048 5976 5976 1046 1046 5977 5977 1045 1044 5978 5978 1047 1047 5979 5979 1042 1042 5980 5980 1045 1044 5981 5981 1045 1044 5982 5982 1044 1045 5983 5983 1048 1048 5984 5984 1049 1049 5985 5985 1048 1048 5986 5986 1044 1045 5987 5987 1049 1049 5988 5988 1050 1050 5989 5989 1048 1048 5990 5990 1046 1046 5991 5991 1048 1048 5992 5992 1052 1051 5993 5993 1051 1052 5994 5994 1048 1048 5995 5995 1050 1050 5996 5996 1051 1052 5997 5997 1052 1051 5998 5998 1048 1048 5999 5999 1052 1051 6000 6000 1053 1053 6001 6001 1046 1046 6002 6002 1051 1052 6003 6003 1054 1054 6004 6004 1052 1051 6005 6005 1053 1053 6006 6006 1052 1051 6007 6007 1054 1054 6008 6008 1055 1055 6009 6009 1054 1054 6010 6010 1056 1056 6011 6011 1053 1053 6012 6012 1054 1054 6013 6013 1055 1055 6014 6014 1054 1054 6015 6015 1051 1052 6016 6016 1057 1057 6017 6017 1057 1057 6018 6018 1056 1056 6019 6019 1054 1054 6020 6020 997 996 6021 6021 1058 1058 6022 6022 1057 1057 6023 6023 1060 1059 6024 6024 1057 1057 6025 6025 1058 1058 6026 6026 1059 1060 6027 6027 1057 1057 6028 6028 1060 1059 6029 6029 1057 1057 6030 6030 1059 1060 6031 6031 1056 1056 6032 6032 997 996 6033 6033 1057 1057 6034 6034 1051 1052 6035 6035 1061 1061 6036 6036 1060 1059 6037 6037 1062 1062 6038 6038 1060 1059 6039 6039 1061 1061 6040 6040 1059 1060 6041 6041 1058 1058 6042 6042 1062 1062 6043 6043 1060 1059 6044 6044 1068 1063 6045 6045 1062 1062 6046 6046 1063 1064 6047 6047 1063 1064 6048 6048 1062 1062 6049 6049 1067 1065 6050 6050 1065 1066 6051 6051 1062 1062 6052 6052 1064 1067 6053 6053 1068 1063 6054 6054 1064 1067 6055 6055 1062 1062 6056 6056 1065 1066 6057 6057 1066 1068 6058 6058 1062 1062 6059 6059 1061 1061 6060 6060 1062 1062 6061 6061 1066 1068 6062 6062 1058 1058 6063 6063 1067 1065 6064 6064 1062 1062 6065 6065 1069 1069 6066 6066 1068 1063 6067 6067 1070 1070 6068 6068 1068 1063 6069 6069 1069 1069 6070 6070 1064 1067 6071 6071 1063 1064 6072 6072 1070 1070 6073 6073 1068 1063 6074 6074 1070 1070 6075 6075 1071 1071 6076 6076 1069 1069 6077 6077 1070 1070 6078 6078 1072 1072 6079 6079 1071 1071 6080 6080 1072 1072 6081 6081 1070 1070 6082 6082 1073 1073 6083 6083 1063 1064 6084 6084 1073 1073 6085 6085 1070 1070 6086 6086 1063 1064 6087 6087 1067 1065 6088 6088 1073 1073 6089 6089 995 995 6090 6090 1073 1073 6091 6091 1067 1065 6092 6092 1075 1074 6093 6093 1073 1073 6094 6094 1074 1075 6095 6095 995 995 6096 6096 1074 1075 6097 6097 1073 1073 6098 6098 1073 1073 6099 6099 1075 1074 6100 6100 1072 1072 6101 6101 1075 1074 6102 6102 1076 1076 6103 6103 1077 1077 6104 6104 1076 1076 6105 6105 1075 1074 6106 6106 987 987 6107 6107 1077 1077 6108 6108 1072 1072 6109 6109 1075 1074 6110 6110 1074 1075 6111 6111 987 987 6112 6112 1075 1074 6113 6113 1078 1078 6114 6114 1079 1079 6115 6115 1077 1077 6116 6116 1077 1077 6117 6117 1080 1080 6118 6118 1078 1078 6119 6119 1080 1080 6120 6120 1077 1077 6121 6121 1076 1076 6122 6122 1072 1072 6123 6123 1077 1077 6124 6124 1079 1079 6125 6125 1080 1080 6126 6126 966 969 6127 6127 967 968 6128 6128 966 969 6129 6129 1080 1080 6130 6130 1082 1081 6131 6131 967 968 6132 6132 1081 1082 6133 6133 1080 1080 6134 6134 1078 1078 6135 6135 1080 1080 6136 6136 1081 1082 6137 6137 1076 1076 6138 6138 1082 1081 6139 6139 1080 1080 6140 6140 966 969 6141 6141 1082 1081 6142 6142 972 972 6143 6143 1076 1076 6144 6144 972 972 6145 6145 1082 1081 6146 6146 967 968 6147 6147 1084 1083 6148 6148 1081 1082 6149 6149 1081 1082 6150 6150 1083 1084 6151 6151 1078 1078 6152 6152 1085 1085 6153 6153 1083 1084 6154 6154 1081 1082 6155 6155 1085 1085 6156 6156 1081 1082 6157 6157 1084 1083 6158 6158 1086 1086 6159 6159 1085 1085 6160 6160 1088 1087 6161 6161 1085 1085 6162 6162 1086 1086 6163 6163 1087 1088 6164 6164 1083 1084 6165 6165 1085 1085 6166 6166 1087 1088 6167 6167 1084 1083 6168 6168 1088 1087 6169 6169 1085 1085 6170 6170 1084 1083 6171 6171 967 968 6172 6172 1088 1087 6173 6173 968 964 6174 6174 1088 1087 6175 6175 967 968 6176 6176 1116 1116 6297 6297 975 976 6298 6298 974 975 6299 6299 1116 1116 6300 6300 974 975 6301 6301 1115 1115 6302 6302 1117 1117 6306 6306 1115 1115 6307 6307 990 990 6308 6308 983 977 6309 6309 1115 1115 6310 6310 974 975 6311 6311 983 977 6312 6312 990 990 6313 6313 1115 1115 6314 6314 990 990 6321 6321 1119 1119 6322 6322 1117 1117 6323 6323 1119 1119 6330 6330 990 990 6331 6331 991 991 6332 6332 1119 1119 6336 6336 991 991 6337 6337 1122 1122 6338 6338 992 992 6339 6339 1122 1122 6340 6340 991 991 6341 6341 1122 1122 6342 6342 1123 1123 6343 6343 1124 1124 6344 6344 1123 1123 6345 6345 1122 1122 6346 6346 992 992 6347 6347 1124 1124 6360 6360 1128 1128 6361 6361 1127 1127 6362 6362 1128 1128 6363 6363 1124 1124 6364 6364 1123 1123 6365 6365 1130 1129 6366 6366 1128 1128 6367 6367 1129 1130 6368 6368 1002 1003 6369 6369 1129 1130 6370 6370 1128 1128 6371 6371 1128 1128 6372 6372 1123 1123 6373 6373 1002 1003 6374 6374 1130 1129 6375 6375 1127 1127 6376 6376 1128 1128 6377 6377 1129 1130 6378 6378 1131 1131 6379 6379 1130 1129 6380 6380 1132 1132 6381 6381 1130 1129 6382 6382 1131 1131 6383 6383 1132 1132 6384 6384 1133 1133 6385 6385 1130 1129 6386 6386 1127 1127 6387 6387 1130 1129 6388 6388 1133 1133 6389 6389 1133 1133 6390 6390 1132 1132 6391 6391 1135 1134 6392 6392 1127 1127 6393 6393 1133 1133 6394 6394 1134 1135 6395 6395 1135 1134 6396 6396 1134 1135 6397 6397 1133 1133 6398 6398 1137 1136 6399 6399 1135 1134 6400 6400 1132 1132 6401 6401 1135 1134 6402 6402 1137 1136 6403 6403 1136 1137 6404 6404 1135 1134 6405 6405 1136 1137 6406 6406 1138 1138 6407 6407 1135 1134 6408 6408 1138 1138 6409 6409 1134 1135 6410 6410 1139 1139 6411 6411 1138 1138 6412 6412 1136 1137 6413 6413 1140 1140 6414 6414 1134 1135 6415 6415 1138 1138 6416 6416 1138 1138 6417 6417 1139 1139 6418 6418 1140 1140 6419 6419 1141 1141 6420 6420 1140 1140 6421 6421 1139 1139 6422 6422 1183 1182 6609 6609 1185 1184 6610 6610 1184 1185 6611 6611 1184 1185 6612 6612 1186 1186 6613 6613 1183 1182 6614 6614 1183 1182 6615 6615 1180 1180 6616 6616 1185 1184 6617 6617 1182 1183 6618 6618 1183 1182 6619 6619 1186 1186 6620 6620 1184 1185 6621 6621 1189 1187 6622 6622 1186 1186 6623 6623 1187 1188 6624 6624 1188 1189 6625 6625 1186 1186 6626 6626 1187 1188 6627 6627 1186 1186 6628 6628 1189 1187 6629 6629 1182 1183 6630 6630 1186 1186 6631 6631 1188 1189 6632 6632 1189 1187 6633 6633 1184 1185 6634 6634 1192 1190 6635 6635 1187 1188 6636 6636 1189 1187 6637 6637 1190 1191 6638 6638 1191 1192 6639 6639 1190 1191 6640 6640 1189 1187 6641 6641 1189 1187 6642 6642 1192 1190 6643 6643 1191 1192 6644 6644 1192 1190 6645 6645 1193 1193 6646 6646 1194 1194 6647 6647 1192 1190 6648 6648 1195 1195 6649 6649 1193 1193 6650 6650 1195 1195 6651 6651 1192 1190 6652 6652 1184 1185 6653 6653 1194 1194 6654 6654 1191 1192 6655 6655 1192 1190 6656 6656 1196 1196 6657 6657 1193 1193 6658 6658 1195 1195 6659 6659 1195 1195 6660 6660 1184 1185 6661 6661 1185 1184 6662 6662 1185 1184 6663 6663 1197 1197 6664 6664 1195 1195 6665 6665 1196 1196 6666 6666 1195 1195 6667 6667 1197 1197 6668 6668 1197 1197 6669 6669 1185 1184 6670 6670 1180 1180 6671 6671 1197 1197 6672 6672 1199 1198 6673 6673 1196 1196 6674 6674 1180 1180 6675 6675 1198 1199 6676 6676 1197 1197 6677 6677 1199 1198 6678 6678 1197 1197 6679 6679 1198 1199 6680 6680 1199 1198 6681 6681 1200 1200 6682 6682 1203 1201 6683 6683 1199 1198 6684 6684 1201 1202 6685 6685 1200 1200 6686 6686 1201 1202 6687 6687 1199 1198 6688 6688 1202 1203 6689 6689 1198 1199 6690 6690 1202 1203 6691 6691 1199 1198 6692 6692 1203 1201 6693 6693 1196 1196 6694 6694 1199 1198 6695 6695 1203 1201 6696 6696 1205 1204 6697 6697 1193 1193 6698 6698 1193 1193 6699 6699 1196 1196 6700 6700 1203 1201 6701 6701 1204 1205 6702 6702 1203 1201 6703 6703 1200 1200 6704 6704 1204 1205 6705 6705 1205 1204 6706 6706 1203 1201 6707 6707 1205 1204 6708 6708 1206 1206 6709 6709 1207 1207 6710 6710 1205 1204 6711 6711 1204 1205 6712 6712 1206 1206 6713 6713 1207 1207 6714 6714 1193 1193 6715 6715 1205 1204 6716 6716 1208 1208 6717 6717 1207 1207 6718 6718 1206 1206 6719 6719 1207 1207 6720 6720 1208 1208 6721 6721 1209 1209 6722 6722 1207 1207 6723 6723 1209 1209 6724 6724 1211 1210 6725 6725 1207 1207 6726 6726 1210 1211 6727 6727 1193 1193 6728 6728 1211 1210 6729 6729 1210 1211 6730 6730 1207 1207 6731 6731 1215 1212 6732 6732 1211 1210 6733 6733 1209 1209 6734 6734 1212 1213 6735 6735 1194 1194 6736 6736 1211 1210 6737 6737 1211 1210 6738 6738 1213 1214 6739 6739 1212 1213 6740 6740 1213 1214 6741 6741 1211 1210 6742 6742 1214 1215 6743 6743 1215 1212 6744 6744 1214 1215 6745 6745 1211 1210 6746 6746 1210 1211 6747 6747 1211 1210 6748 6748 1194 1194 6749 6749 1215 1212 6750 6750 1216 1216 6751 6751 1214 1215 6752 6752 1216 1216 6753 6753 1215 1212 6754 6754 1219 1217 6755 6755 1217 1218 6756 6756 1215 1212 6757 6757 1218 1219 6758 6758 1217 1218 6759 6759 1219 1217 6760 6760 1215 1212 6761 6761 1209 1209 6762 6762 1218 1219 6763 6763 1215 1212 6764 6764 1216 1216 6765 6765 1219 1217 6766 6766 1220 1220 6767 6767 1221 1221 6768 6768 1220 1220 6769 6769 1219 1217 6770 6770 1219 1217 6771 6771 1217 1218 6772 6772 1221 1221 6773 6773 1222 1222 6774 6774 1221 1221 6775 6775 1217 1218 6776 6776 1217 1218 6777 6777 1223 1223 6778 6778 1222 1222 6779 6779 1224 1224 6780 6780 1222 1222 6781 6781 1223 1223 6782 6782 1223 1223 6783 6783 1225 1225 6784 6784 1224 1224 6785 6785 1226 1226 6786 6786 1224 1224 6787 6787 1225 1225 6788 6788 1225 1225 6789 6789 1227 1227 6790 6790 1226 1226 6791 6791 1227 1227 6792 6792 1228 1228 6793 6793 1226 1226 6794 6794 1229 1229 6795 6795 1226 1226 6796 6796 1228 1228 6797 6797 1228 1228 6798 6798 1230 1230 6799 6799 1229 1229 6800 6800 1231 1231 6801 6801 1229 1229 6802 6802 1230 1230 6803 6803 1230 1230 6804 6804 1232 1232 6805 6805 1231 1231 6806 6806 1230 1230 6807 6807 1233 1233 6808 6808 1232 1232 6809 6809 1234 1234 6810 6810 1232 1232 6811 6811 1233 1233 6812 6812 1233 1233 6813 6813 1235 1235 6814 6814 1234 1234 6815 6815 1236 1236 6816 6816 1234 1234 6817 6817 1235 1235 6818 6818 1235 1235 6819 6819 1238 1237 6820 6820 1236 1236 6821 6821 1237 1238 6822 6822 1236 1236 6823 6823 1238 1237 6824 6824 1235 1235 6825 6825 1213 1214 6826 6826 1238 1237 6827 6827 1238 1237 6828 6828 1239 1239 6829 6829 1237 1238 6830 6830 1214 1215 6831 6831 1238 1237 6832 6832 1213 1214 6833 6833 1238 1237 6834 6834 1214 1215 6835 6835 1216 1216 6836 6836 1238 1237 6837 6837 1216 1216 6838 6838 1239 1239 6839 6839 1220 1220 6840 6840 1239 1239 6841 6841 1216 1216 6842 6842 1233 1233 6843 6843 1240 1240 6844 6844 1235 1235 6845 6845 1213 1214 6846 6846 1235 1235 6847 6847 1240 1240 6848 6848 1240 1240 6849 6849 1233 1233 6850 6850 1243 1241 6851 6851 1241 1242 6852 6852 1240 1240 6853 6853 1242 1243 6854 6854 1240 1240 6855 6855 1241 1242 6856 6856 1212 1213 6857 6857 1243 1241 6858 6858 1242 1243 6859 6859 1240 1240 6860 6860 1240 1240 6861 6861 1212 1213 6862 6862 1213 1214 6863 6863 1230 1230 6864 6864 1243 1241 6865 6865 1233 1233 6866 6866 1243 1241 6867 6867 1230 1230 6868 6868 1244 1244 6869 6869 1244 1244 6870 6870 1242 1243 6871 6871 1243 1241 6872 6872 1245 1245 6873 6873 1247 1246 6874 6874 1244 1244 6875 6875 1244 1244 6876 6876 1228 1228 6877 6877 1245 1245 6878 6878 1228 1228 6879 6879 1244 1244 6880 6880 1230 1230 6881 6881 1246 1247 6882 6882 1242 1243 6883 6883 1244 1244 6884 6884 1246 1247 6885 6885 1244 1244 6886 6886 1247 1246 6887 6887 1247 1246 6888 6888 1248 1248 6889 6889 1246 1247 6890 6890 1248 1248 6891 6891 1247 1246 6892 6892 1250 1249 6893 6893 1249 1250 6894 6894 1247 1246 6895 6895 1251 1251 6896 6896 1249 1250 6897 6897 1250 1249 6898 6898 1247 1246 6899 6899 1247 1246 6900 6900 1245 1245 6901 6901 1252 1252 6902 6902 1252 1252 6903 6903 1251 1251 6904 6904 1247 1246 6905 6905 1253 1253 6906 6906 1252 1252 6907 6907 1225 1225 6908 6908 1252 1252 6909 6909 1253 1253 6910 6910 1251 1251 6911 6911 1227 1227 6912 6912 1225 1225 6913 6913 1252 1252 6914 6914 1227 1227 6915 6915 1252 1252 6916 6916 1245 1245 6917 6917 1255 1254 6918 6918 1254 1255 6919 6919 1253 1253 6920 6920 1256 1256 6921 6921 1253 1253 6922 6922 1254 1255 6923 6923 1255 1254 6924 6924 1253 1253 6925 6925 1223 1223 6926 6926 1256 1256 6927 6927 1251 1251 6928 6928 1253 1253 6929 6929 1225 1225 6930 6930 1223 1223 6931 6931 1253 1253 6932 6932 1257 1257 6933 6933 1249 1250 6934 6934 1256 1256 6935 6935 1254 1255 6936 6936 1257 1257 6937 6937 1256 1256 6938 6938 1251 1251 6939 6939 1256 1256 6940 6940 1249 1250 6941 6941 1257 1257 6942 6942 1259 1258 6943 6943 1258 1259 6944 6944 1257 1257 6945 6945 1258 1259 6946 6946 1249 1250 6947 6947 1257 1257 6948 6948 1254 1255 6949 6949 1259 1258 6950 6950 1260 1260 6951 6951 1258 1259 6952 6952 1259 1258 6953 6953 1259 1258 6954 6954 1208 1208 6955 6955 1260 1260 6956 6956 1208 1208 6957 6957 1259 1258 6958 6958 1254 1255 6959 6959 1261 1261 6960 6960 1258 1259 6961 6961 1260 1260 6962 6962 1206 1206 6963 6963 1260 1260 6964 6964 1208 1208 6965 6965 1260 1260 6966 6966 1206 1206 6967 6967 1204 1205 6968 6968 1260 1260 6969 6969 1204 1205 6970 6970 1261 1261 6971 6971 1200 1200 6972 6972 1261 1261 6973 6973 1204 1205 6974 6974 1258 1259 6975 6975 1261 1261 6976 6976 1262 1262 6977 6977 1263 1263 6978 6978 1262 1262 6979 6979 1261 1261 6980 6980 1261 1261 6981 6981 1264 1264 6982 6982 1263 1263 6983 6983 1261 1261 6984 6984 1200 1200 6985 6985 1264 1264 6986 6986 1201 1202 6987 6987 1265 1265 6988 6988 1264 1264 6989 6989 1264 1264 6990 6990 1200 1200 6991 6991 1201 1202 6992 6992 1263 1263 6993 6993 1264 1264 6994 6994 1265 1265 6995 6995 1201 1202 6996 6996 1266 1266 6997 6997 1265 1265 6998 6998 1267 1267 6999 6999 1265 1265 7000 7000 1266 1266 7001 7001 1265 1265 7002 7002 1267 1267 7003 7003 1268 1268 7004 7004 1265 1265 7005 7005 1268 1268 7006 7006 1263 1263 7007 7007 1268 1268 7008 7008 1061 1061 7009 7009 1269 1269 7010 7010 1268 1268 7011 7011 1059 1060 7012 7012 1061 1061 7013 7013 1269 1269 7014 7014 1263 1263 7015 7015 1268 1268 7016 7016 1059 1060 7017 7017 1268 1268 7018 7018 1267 1267 7019 7019 1066 1068 7020 7020 1269 1269 7021 7021 1061 1061 7022 7022 1263 1263 7023 7023 1269 1269 7024 7024 1271 1270 7025 7025 1270 1271 7026 7026 1269 1269 7027 7027 1273 1272 7028 7028 1270 1271 7029 7029 1271 1270 7030 7030 1269 1269 7031 7031 1269 1269 7032 7032 1066 1068 7033 7033 1272 1273 7034 7034 1272 1273 7035 7035 1273 1272 7036 7036 1269 1269 7037 7037 1272 1273 7038 7038 1274 1274 7039 7039 1273 1272 7040 7040 1275 1275 7041 7041 1273 1272 7042 7042 1274 1274 7043 7043 1273 1272 7044 7044 1275 1275 7045 7045 1276 1276 7046 7046 1276 1276 7047 7047 1277 1277 7048 7048 1273 1272 7049 7049 1270 1271 7050 7050 1273 1272 7051 7051 1277 1277 7052 7052 1188 1189 7053 7053 1187 1188 7054 7054 1277 1277 7055 7055 1278 1278 7056 7056 1277 1277 7057 7057 1187 1188 7058 7058 1277 1277 7059 7059 1276 1276 7060 7060 1188 1189 7061 7061 1277 1277 7062 7062 1278 1278 7063 7063 1270 1271 7064 7064 1248 1248 7065 7065 1250 1249 7066 7066 1278 1278 7067 7067 1279 1279 7068 7068 1278 1278 7069 7069 1250 1249 7070 7070 1248 1248 7071 7071 1278 1278 7072 7072 1190 1191 7073 7073 1279 1279 7074 7074 1270 1271 7075 7075 1278 1278 7076 7076 1187 1188 7077 7077 1190 1191 7078 7078 1278 1278 7079 7079 1250 1249 7080 7080 1249 1250 7081 7081 1279 1279 7082 7082 1271 1270 7083 7083 1279 1279 7084 7084 1249 1250 7085 7085 1271 1270 7086 7086 1270 1271 7087 7087 1279 1279 7088 7088 1280 1280 7089 7089 1276 1276 7090 7090 1275 1275 7091 7091 1280 1280 7092 7092 1188 1189 7093 7093 1276 1276 7094 7094 1275 1275 7095 7095 1281 1281 7096 7096 1280 1280 7097 7097 1280 1280 7098 7098 1281 1281 7099 7099 1282 1282 7100 7100 1280 1280 7101 7101 1282 1282 7102 7102 1188 1189 7103 7103 1283 1283 7104 7104 1282 1282 7105 7105 1281 1281 7106 7106 1188 1189 7107 7107 1282 1282 7108 7108 1182 1183 7109 7109 1283 1283 7116 7116 1285 1284 7117 7117 1284 1285 7118 7118 1281 1281 7128 7128 1285 1284 7129 7129 1283 1283 7130 7130 1281 1281 7131 7131 1275 1275 7132 7132 1285 1284 7133 7133 1286 1286 7134 7134 1285 1284 7135 7135 1275 1275 7136 7136 1286 1286 7137 7137 1287 1287 7138 7138 1285 1284 7139 7139 1288 1288 7140 7140 1285 1284 7141 7141 1287 1287 7142 7142 1288 1288 7143 7143 1284 1285 7144 7144 1285 1284 7145 7145 1289 1289 7146 7146 1288 1288 7147 7147 1292 1290 7148 7148 1287 1287 7152 7152 1292 1290 7153 7153 1288 1288 7154 7154 1293 1293 7161 7161 1294 1294 7162 7162 1292 1290 7163 7163 1292 1290 7164 7164 1287 1287 7165 7165 1293 1293 7166 7166 1289 1289 7167 7167 1292 1290 7168 7168 1294 1294 7169 7169 1294 1294 7170 7170 1293 1293 7171 7171 1297 1295 7172 7172 1299 1298 7191 7191 1297 1295 7192 7192 1293 1293 7193 7193 1299 1298 7194 7194 1293 1293 7195 7195 1300 1300 7196 7196 1299 1298 7197 7197 1300 1300 7198 7198 1301 1301 7199 7199 1300 1300 7209 7209 1303 1304 7210 7210 1301 1301 7211 7211 1304 1303 7212 7212 1301 1301 7213 7213 1303 1304 7214 7214 1305 1305 7215 7215 1304 1303 7216 7216 1303 1304 7217 7217 1320 1318 7278 7278 1317 1317 7279 7279 1318 1319 7280 7280 1319 1320 7281 7281 1318 1319 7282 7282 1317 1317 7283 7283 1324 1324 7305 7305 1325 1325 7306 7306 1323 1323 7307 7307 1323 1323 7308 7308 1326 1326 7309 7309 1324 1324 7310 7310 1322 1322 7311 7311 1323 1323 7312 7312 1325 1325 7313 7313 1323 1323 7314 7314 1320 1318 7315 7315 1326 1326 7316 7316 1326 1326 7317 7317 1327 1327 7318 7318 1324 1324 7319 7319 1327 1327 7320 7320 1326 1326 7321 7321 1328 1328 7322 7322 1318 1319 7323 7323 1326 1326 7324 7324 1320 1318 7325 7325 1318 1319 7326 7326 1328 1328 7327 7327 1326 1326 7328 7328 1328 1328 7329 7329 1318 1319 7330 7330 1330 1329 7331 7331 1330 1329 7332 7332 1329 1330 7333 7333 1328 1328 7334 7334 1327 1327 7335 7335 1328 1328 7336 7336 1329 1330 7337 7337 1331 1331 7338 7338 1330 1329 7339 7339 1332 1332 7340 7340 1330 1329 7341 7341 1331 1331 7342 7342 1329 1330 7343 7343 1333 1333 7344 7344 1332 1332 7345 7345 1330 1329 7346 7346 1335 1334 7347 7347 1330 1329 7348 7348 1318 1319 7349 7349 1330 1329 7350 7350 1334 1335 7351 7351 1333 1333 7352 7352 1334 1335 7353 7353 1330 1329 7354 7354 1335 1334 7355 7355 1335 1334 7356 7356 1337 1336 7357 7357 1334 1335 7358 7358 1319 1320 7359 7359 1336 1337 7360 7360 1335 1334 7361 7361 1318 1319 7362 7362 1319 1320 7363 7363 1335 1334 7364 7364 1337 1336 7365 7365 1335 1334 7366 7366 1336 1337 7367 7367 1338 1338 7368 7368 1334 1335 7369 7369 1337 1336 7370 7370 1336 1337 7371 7371 1338 1338 7372 7372 1337 1336 7373 7373 1334 1335 7374 7374 1338 1338 7375 7375 1339 1339 7376 7376 1339 1339 7377 7377 1338 1338 7378 7378 1340 1340 7379 7379 1303 1304 7380 7380 1340 1340 7381 7381 1338 1338 7382 7382 1303 1304 7383 7383 1338 1338 7384 7384 1305 1305 7385 7385 1336 1337 7386 7386 1305 1305 7387 7387 1338 1338 7388 7388 1340 1340 7389 7389 1341 1341 7390 7390 1339 1339 7391 7391 1303 1304 7392 7392 1300 1300 7393 7393 1340 1340 7394 7394 1341 1341 7395 7395 1340 1340 7396 7396 1300 1300 7397 7397 1342 1342 7398 7398 1339 1339 7399 7399 1341 1341 7400 7400 1300 1300 7401 7401 1343 1343 7402 7402 1341 1341 7403 7403 1342 1342 7404 7404 1341 1341 7405 7405 1343 1343 7406 7406 1342 1342 7407 7407 1343 1343 7408 7408 1347 1344 7409 7409 1344 1345 7410 7410 1346 1346 7411 7411 1343 1343 7412 7412 1344 1345 7413 7413 1343 1343 7414 7414 1300 1300 7415 7415 1345 1347 7416 7416 1343 1343 7417 7417 1346 1346 7418 7418 1345 1347 7419 7419 1348 1348 7420 7420 1343 1343 7421 7421 1347 1344 7422 7422 1343 1343 7423 7423 1348 1348 7424 7424 1347 1344 7425 7425 1348 1348 7426 7426 1349 1349 7427 7427 1350 1350 7428 7428 1349 1349 7429 7429 1348 1348 7430 7430 1348 1348 7431 7431 1345 1347 7432 7432 1350 1350 7433 7433 1351 1351 7434 7434 1350 1350 7435 7435 1345 1347 7436 7436 1350 1350 7437 7437 1352 1352 7438 7438 1349 1349 7439 7439 1350 1350 7440 7440 1351 1351 7441 7441 1352 1352 7442 7442 1354 1353 7443 7443 1352 1352 7444 7444 1353 1354 7445 7445 1353 1354 7446 7446 1352 1352 7447 7447 1351 1351 7448 7448 1352 1352 7449 7449 1354 1353 7450 7450 1355 1355 7451 7451 1355 1355 7452 7452 1349 1349 7453 7453 1352 1352 7454 7454 1356 1356 7455 7455 1355 1355 7456 7456 1354 1353 7457 7457 1356 1356 7458 7458 1357 1357 7459 7459 1355 1355 7460 7460 1349 1349 7461 7461 1355 1355 7462 7462 1357 1357 7463 7463 1356 1356 7464 7464 1359 1358 7465 7465 1357 1357 7466 7466 1358 1359 7467 7467 1357 1357 7468 7468 1359 1358 7469 7469 1357 1357 7470 7470 1358 1359 7471 7471 1360 1360 7472 7472 1357 1357 7473 7473 1360 1360 7474 7474 1349 1349 7475 7475 1361 1361 7476 7476 1362 1362 7477 7477 1360 1360 7478 7478 1360 1360 7479 7479 1358 1359 7480 7480 1361 1361 7481 7481 1293 1293 7482 7482 1349 1349 7483 7483 1360 1360 7484 7484 1293 1293 7485 7485 1360 1360 7486 7486 1362 1362 7487 7487 1363 1363 7488 7488 1362 1362 7489 7489 1364 1364 7490 7490 1362 1362 7491 7491 1363 1363 7492 7492 1365 1365 7493 7493 1361 1361 7494 7494 1364 1364 7495 7495 1362 1362 7496 7496 1293 1293 7497 7497 1362 1362 7498 7498 1365 1365 7499 7499 1366 1366 7500 7500 1365 1365 7501 7501 1363 1363 7502 7502 1367 1367 7503 7503 1365 1365 7504 7504 1366 1366 7505 7505 1365 1365 7506 7506 1367 1367 7507 7507 1293 1293 7508 7508 1366 1366 7509 7509 1368 1368 7510 7510 1367 1367 7511 7511 1344 1345 7512 7512 1293 1293 7513 7513 1367 1367 7514 7514 1344 1345 7515 7515 1367 1367 7516 7516 1368 1368 7517 7517 1366 1366 7518 7518 1369 1369 7519 7519 1368 1368 7520 7520 1344 1345 7521 7521 1368 1368 7522 7522 1369 1369 7523 7523 1366 1366 7524 7524 1370 1370 7525 7525 1369 1369 7526 7526 1369 1369 7527 7527 1371 1371 7528 7528 1344 1345 7529 7529 1371 1371 7530 7530 1369 1369 7531 7531 1370 1370 7532 7532 1371 1371 7533 7533 1372 1372 7534 7534 1373 1373 7535 7535 1370 1370 7536 7536 1372 1372 7537 7537 1371 1371 7538 7538 1371 1371 7539 7539 1373 1373 7540 7540 1346 1346 7541 7541 1346 1346 7542 7542 1344 1345 7543 7543 1371 1371 7544 7544 1376 1374 7545 7545 1373 1373 7546 7546 1372 1372 7547 7547 1374 1375 7548 7548 1346 1346 7549 7549 1373 1373 7550 7550 1373 1373 7551 7551 1375 1376 7552 7552 1374 1375 7553 7553 1373 1373 7554 7554 1376 1374 7555 7555 1375 1376 7556 7556 1377 1377 7557 7557 1376 1374 7558 7558 1378 1378 7559 7559 1377 1377 7560 7560 1375 1376 7561 7561 1376 1374 7562 7562 1372 1372 7563 7563 1378 1378 7564 7564 1376 1374 7565 7565 1378 1378 7566 7566 1379 1379 7567 7567 1377 1377 7568 7568 1379 1379 7569 7569 1378 1378 7570 7570 1380 1380 7571 7571 1378 1378 7572 7572 1372 1372 7573 7573 1381 1381 7574 7574 1381 1381 7575 7575 1380 1380 7576 7576 1378 1378 7577 7577 1383 1382 7578 7578 1381 1381 7579 7579 1372 1372 7580 7580 1380 1380 7581 7581 1381 1381 7582 7582 1382 1383 7583 7583 1383 1382 7584 7584 1382 1383 7585 7585 1381 1381 7586 7586 1372 1372 7587 7587 1370 1370 7588 7588 1383 1382 7589 7589 1384 1384 7590 7590 1386 1385 7591 7591 1383 1382 7592 7592 1383 1382 7593 7593 1385 1386 7594 7594 1384 1384 7595 7595 1385 1386 7596 7596 1383 1382 7597 7597 1370 1370 7598 7598 1382 1383 7599 7599 1383 1382 7600 7600 1386 1385 7601 7601 1384 1384 7602 7602 1387 1387 7603 7603 1386 1385 7604 7604 1386 1385 7605 7605 1388 1388 7606 7606 1382 1383 7607 7607 1388 1388 7608 7608 1386 1385 7609 7609 1387 1387 7610 7610 1388 1388 7611 7611 1389 1389 7612 7612 1380 1380 7613 7613 1380 1380 7614 7614 1382 1383 7615 7615 1388 1388 7616 7616 1390 1390 7617 7617 1380 1380 7618 7618 1389 1389 7619 7619 1391 1391 7620 7620 1392 1392 7621 7621 1390 1390 7622 7622 1380 1380 7623 7623 1390 1390 7624 7624 1392 1392 7625 7625 1392 1392 7626 7626 1391 1391 7627 7627 1393 1393 7628 7628 1393 1393 7629 7629 1379 1379 7630 7630 1392 1392 7631 7631 1380 1380 7632 7632 1392 1392 7633 7633 1379 1379 7634 7634 1393 1393 7635 7635 1394 1394 7636 7636 1395 1395 7637 7637 1393 1393 7638 7638 1397 1396 7639 7639 1394 1394 7640 7640 1395 1395 7641 7641 1396 1397 7642 7642 1393 1393 7643 7643 1379 1379 7644 7644 1393 1393 7645 7645 1396 1397 7646 7646 1397 1396 7647 7647 1393 1393 7648 7648 1391 1391 7649 7649 1399 1398 7650 7650 1394 1394 7651 7651 1397 1396 7652 7652 1397 1396 7653 7653 1398 1399 7654 7654 1399 1398 7655 7655 1402 1400 7656 7656 1400 1401 7657 7657 1399 1398 7658 7658 1394 1394 7659 7659 1399 1398 7660 7660 1400 1401 7661 7661 1399 1398 7662 7662 1401 1402 7663 7663 1402 1400 7664 7664 1401 1402 7665 7665 1399 1398 7666 7666 1398 1399 7667 7667 1400 1401 7668 7668 1402 1400 7669 7669 1403 1403 7670 7670 1404 1404 7671 7671 1403 1403 7672 7672 1402 1400 7673 7673 1402 1400 7674 7674 1405 1405 7675 7675 1404 1404 7676 7676 1402 1400 7677 7677 1406 1406 7678 7678 1405 1405 7679 7679 1406 1406 7680 7680 1402 1400 7681 7681 1401 1402 7682 7682 1409 1407 7683 7683 1406 1406 7684 7684 1407 1408 7685 7685 1401 1402 7686 7686 1407 1408 7687 7687 1406 1406 7688 7688 1406 1406 7689 7689 1408 1409 7690 7690 1410 1410 7691 7691 1406 1406 7692 7692 1409 1407 7693 7693 1408 1409 7694 7694 1410 1410 7695 7695 1405 1405 7696 7696 1406 1406 7697 7697 1405 1405 7698 7698 1410 1410 7699 7699 1411 1411 7700 7700 1412 1412 7701 7701 1411 1411 7702 7702 1410 1410 7703 7703 1413 1413 7704 7704 1410 1410 7705 7705 1408 1409 7706 7706 1410 1410 7707 7707 1413 1413 7708 7708 1412 1412 7709 7709 1414 1414 7710 7710 1412 1412 7711 7711 1413 1413 7712 7712 1413 1413 7713 7713 1415 1415 7714 7714 1414 1414 7715 7715 1415 1415 7716 7716 1413 1413 7717 7717 1416 1416 7718 7718 1408 1409 7719 7719 1416 1416 7720 7720 1413 1413 7721 7721 1416 1416 7722 7722 1408 1409 7723 7723 1409 1407 7724 7724 1384 1384 7725 7725 1414 1414 7726 7726 1415 1415 7727 7727 1415 1415 7728 7728 1417 1417 7729 7729 1384 1384 7730 7730 1387 1387 7731 7731 1384 1384 7732 7732 1417 1417 7733 7733 1412 1412 7734 7734 1414 1414 7735 7735 1418 1418 7736 7736 1384 1384 7737 7737 1418 1418 7738 7738 1414 1414 7739 7739 1418 1418 7740 7740 1384 1384 7741 7741 1385 1386 7742 7742 1418 1418 7743 7743 1364 1364 7744 7744 1412 1412 7745 7745 1419 1419 7746 7746 1363 1363 7747 7747 1418 1418 7748 7748 1364 1364 7749 7749 1418 1418 7750 7750 1363 1363 7751 7751 1418 1418 7752 7752 1385 1386 7753 7753 1419 1419 7754 7754 1370 1370 7755 7755 1419 1419 7756 7756 1385 1386 7757 7757 1370 1370 7758 7758 1366 1366 7759 7759 1419 1419 7760 7760 1363 1363 7761 7761 1419 1419 7762 7762 1366 1366 7763 7763 1411 1411 7764 7764 1412 1412 7765 7765 1364 1364 7766 7766 1411 1411 7767 7767 1404 1404 7768 7768 1405 1405 7769 7769 1411 1411 7770 7770 1358 1359 7771 7771 1404 1404 7772 7772 1364 1364 7773 7773 1361 1361 7774 7774 1411 1411 7775 7775 1358 1359 7776 7776 1411 1411 7777 7777 1361 1361 7778 7778 1407 1408 7779 7779 1401 1402 7780 7780 1420 1420 7781 7781 1398 1399 7782 7782 1420 1420 7783 7783 1401 1402 7784 7784 1404 1404 7785 7785 1359 1358 7786 7786 1403 1403 7787 7787 1359 1358 7788 7788 1404 1404 7789 7789 1358 1359 7790 7790 1403 1403 7791 7791 1421 1421 7792 7792 1400 1401 7793 7793 1403 1403 7794 7794 1422 1422 7795 7795 1421 1421 7796 7796 1422 1422 7797 7797 1403 1403 7798 7798 1359 1358 7799 7799 1423 1423 7800 7800 1421 1421 7801 7801 1422 1422 7802 7802 1422 1422 7803 7803 1424 1424 7804 7804 1423 1423 7805 7805 1359 1358 7806 7806 1356 1356 7807 7807 1422 1422 7808 7808 1424 1424 7809 7809 1422 1422 7810 7810 1356 1356 7811 7811 1353 1354 7812 7812 1424 1424 7813 7813 1354 1353 7814 7814 1353 1354 7815 7815 1423 1423 7816 7816 1424 1424 7817 7817 1356 1356 7818 7818 1354 1353 7819 7819 1424 1424 7820 7820 1423 1423 7821 7821 1353 1354 7822 7822 1425 1425 7823 7823 1425 1425 7824 7824 1426 1426 7825 7825 1423 1423 7826 7826 1421 1421 7827 7827 1423 1423 7828 7828 1426 1426 7829 7829 1426 1426 7830 7830 1425 1425 7831 7831 1427 1427 7832 7832 1426 1426 7833 7833 1427 1427 7834 7834 1396 1397 7835 7835 1426 1426 7836 7836 1400 1401 7837 7837 1421 1421 7838 7838 1400 1401 7839 7839 1426 1426 7840 7840 1395 1395 7841 7841 1396 1397 7842 7842 1395 1395 7843 7843 1426 1426 7844 7844 1427 1427 7845 7845 1425 1425 7846 7846 1377 1377 7847 7847 1377 1377 7848 7848 1396 1397 7849 7849 1427 1427 7850 7850 1351 1351 7851 7851 1425 1425 7852 7852 1353 1354 7853 7853 1375 1376 7854 7854 1377 1377 7855 7855 1425 1425 7856 7856 1425 1425 7857 7857 1374 1375 7858 7858 1375 1376 7859 7859 1374 1375 7860 7860 1425 1425 7861 7861 1351 1351 7862 7862 1400 1401 7863 7863 1395 1395 7864 7864 1394 1394 7865 7865 1396 1397 7866 7866 1377 1377 7867 7867 1379 1379 7868 7868 1346 1346 7869 7869 1374 1375 7870 7870 1345 1347 7871 7871 1351 1351 7872 7872 1345 1347 7873 7873 1374 1375 7874 7874 1349 1349 7875 7875 1293 1293 7876 7876 1347 1344 7877 7877 1347 1344 7878 7878 1428 1428 7879 7879 1342 1342 7880 7880 1430 1429 7881 7881 1347 1344 7882 7882 1293 1293 7883 7883 1428 1428 7884 7884 1347 1344 7885 7885 1429 1430 7886 7886 1430 1429 7887 7887 1429 1430 7888 7888 1347 1344 7889 7889 1430 1429 7890 7890 1293 1293 7891 7891 1287 1287 7892 7892 1287 1287 7893 7893 1286 1286 7894 7894 1430 1429 7895 7895 1429 1430 7896 7896 1430 1429 7897 7897 1286 1286 7898 7898 1429 1430 7899 7899 1274 1274 7900 7900 1428 1428 7901 7901 1274 1274 7902 7902 1429 1430 7903 7903 1275 1275 7904 7904 1286 1286 7905 7905 1275 1275 7906 7906 1429 1430 7907 7907 1431 1431 7908 7908 1342 1342 7909 7909 1428 1428 7910 7910 1428 1428 7911 7911 1432 1432 7912 7912 1431 1431 7913 7913 1432 1432 7914 7914 1428 1428 7915 7915 1274 1274 7916 7916 1433 1433 7917 7917 1431 1431 7918 7918 1432 1432 7919 7919 1274 1274 7920 7920 1272 1273 7921 7921 1432 1432 7922 7922 1433 1433 7923 7923 1432 1432 7924 7924 1272 1273 7925 7925 1065 1066 7926 7926 1064 1067 7927 7927 1433 1433 7928 7928 1065 1066 7929 7929 1433 1433 7930 7930 1066 1068 7931 7931 1272 1273 7932 7932 1066 1068 7933 7933 1433 1433 7934 7934 1434 1434 7935 7935 1433 1433 7936 7936 1064 1067 7937 7937 1433 1433 7938 7938 1434 1434 7939 7939 1431 1431 7940 7940 1332 1332 7941 7941 1434 1434 7942 7942 1436 1435 7943 7943 1434 1434 7944 7944 1332 1332 7945 7945 1435 1436 7946 7946 1064 1067 7947 7947 1436 1435 7948 7948 1434 1434 7949 7949 1435 1436 7950 7950 1431 1431 7951 7951 1434 1434 7952 7952 1436 1435 7953 7953 1064 1067 7954 7954 1069 1069 7955 7955 1069 1069 7956 7956 1331 1331 7957 7957 1436 1435 7958 7958 1332 1332 7959 7959 1436 1435 7960 7960 1331 1331 7961 7961 1342 1342 7962 7962 1435 1436 7963 7963 1339 1339 7964 7964 1431 1431 7965 7965 1435 1436 7966 7966 1342 1342 7967 7967 1333 1333 7968 7968 1339 1339 7969 7969 1435 1436 7970 7970 1333 1333 7971 7971 1435 1436 7972 7972 1332 1332 7973 7973 1344 1345 7974 7974 1300 1300 7975 7975 1293 1293 7976 7976 1339 1339 7977 7977 1333 1333 7978 7978 1334 1335 7979 7979 1437 1437 7989 7989 1329 1330 7990 7990 1331 1331 7991 7991 1331 1331 7992 7992 1438 1438 7993 7993 1437 1437 7994 7994 1331 1331 7995 7995 1069 1069 7996 7996 1438 1438 7997 7997 1439 1439 7998 7998 1438 1438 7999 7999 1069 1069 8000 8000 1439 1439 8001 8001 1437 1437 8002 8002 1438 1438 8003 8003 1083 1084 8004 8004 1439 1439 8005 8005 1079 1079 8006 8006 1083 1084 8007 8007 1440 1440 8008 8008 1439 1439 8009 8009 1071 1071 8010 8010 1079 1079 8011 8011 1439 1439 8012 8012 1439 1439 8013 8013 1069 1069 8014 8014 1071 1071 8015 8015 1437 1437 8016 8016 1439 1439 8017 8017 1440 1440 8018 8018 1441 1441 8019 8019 1440 1440 8020 8020 1443 1442 8021 8021 1440 1440 8022 8022 1441 1441 8023 8023 1437 1437 8024 8024 1440 1440 8025 8025 1083 1084 8026 8026 1442 1443 8027 8027 1442 1443 8028 8028 1443 1442 8029 8029 1440 1440 8030 8030 1441 1441 8031 8031 1443 1442 8032 8032 1444 1444 8033 8033 1324 1324 8034 8034 1444 1444 8035 8035 1443 1442 8036 8036 1443 1442 8037 8037 1325 1325 8038 8038 1324 1324 8039 8039 1443 1442 8040 8040 1442 1443 8041 8041 1325 1325 8042 8042 1444 1444 8043 8043 1327 1327 8044 8044 1441 1441 8045 8045 1444 1444 8046 8046 1324 1324 8047 8047 1327 1327 8048 8048 1087 1088 8049 8049 1325 1325 8050 8050 1442 1443 8051 8051 1087 1088 8052 8052 1442 1443 8053 8053 1083 1084 8054 8054 1329 1330 8055 8055 1441 1441 8056 8056 1327 1327 8057 8057 1329 1330 8058 8058 1437 1437 8059 8059 1441 1441 8060 8060 1325 1325 8061 8061 1087 1088 8062 8062 1322 1322 8063 8063 1313 1314 8064 8064 1322 1322 8065 8065 1087 1088 8066 8066 1313 1314 8076 8076 1087 1088 8077 8077 1086 1086 8078 8078 1271 1270 8193 8193 1249 1250 8194 8194 1258 1259 8195 8195 1258 1259 8196 8196 1262 1262 8197 8197 1271 1270 8198 8198 1263 1263 8199 8199 1271 1270 8200 8200 1262 1262 8201 8201 1266 1266 8202 8202 1455 1455 8203 8203 1267 1267 8204 8204 1456 1456 8205 8205 1267 1267 8206 8206 1455 1455 8207 8207 1267 1267 8208 8208 1456 1456 8209 8209 1059 1060 8210 8210 1455 1455 8211 8211 1055 1055 8212 8212 1456 1456 8213 8213 1056 1056 8214 8214 1456 1456 8215 8215 1055 1055 8216 8216 1056 1056 8217 8217 1059 1060 8218 8218 1456 1456 8219 8219 1266 1266 8220 8220 1201 1202 8221 8221 1457 1457 8222 8222 1458 1458 8223 8223 1457 1457 8224 8224 1202 1203 8225 8225 1202 1203 8226 8226 1457 1457 8227 8227 1201 1202 8228 8228 1202 1203 8229 8229 1198 1199 8230 8230 1458 1458 8231 8231 1180 1180 8232 8232 1458 1458 8233 8233 1198 1199 8234 8234 1223 1223 8241 8241 1217 1218 8242 8242 1255 1254 8243 8243 1218 1219 8244 8244 1255 1254 8245 8245 1217 1218 8246 8246 1254 1255 8247 8247 1255 1254 8248 8248 1218 1219 8249 8249 1208 1208 8250 8250 1254 1255 8251 8251 1459 1459 8252 8252 1218 1219 8253 8253 1459 1459 8254 8254 1254 1255 8255 8255 1459 1459 8256 8256 1209 1209 8257 8257 1208 1208 8258 8258 1218 1219 8259 8259 1209 1209 8260 8260 1459 1459 8261 8261 1248 1248 8262 8262 1190 1191 8263 8263 1242 1243 8264 8264 1242 1243 8265 8265 1246 1247 8266 8266 1248 1248 8267 8267 1245 1245 8268 8268 1228 1228 8269 8269 1227 1227 8270 8270 1191 1192 8271 8271 1242 1243 8272 8272 1190 1191 8273 8273 1242 1243 8274 8274 1191 1192 8275 8275 1241 1242 8276 8276 1194 1194 8277 8277 1241 1242 8278 8278 1191 1192 8279 8279 1194 1194 8280 8280 1212 1213 8281 8281 1241 1242 8282 8282 1194 1194 8283 8283 1193 1193 8284 8284 1210 1211 8285 8285 1055 1055 8337 8337 1141 1141 8338 8338 1053 1053 8339 8339 1139 1139 8340 8340 1053 1053 8341 8341 1141 1141 8342 8342 1139 1139 8343 8343 1136 1137 8344 8344 1053 1053 8345 8345 1137 1136 8346 8346 1132 1132 8347 8347 1040 1040 8348 8348 1047 1047 8349 8349 1136 1137 8350 8350 1137 1136 8351 8351 1040 1040 8352 8352 1047 1047 8353 8353 1137 1136 8354 8354 1136 1137 8355 8355 1047 1047 8356 8356 1046 1046 8357 8357 1046 1046 8358 8358 1053 1053 8359 8359 1136 1137 8360 8360 1131 1131 8364 8364 1040 1040 8365 8365 1132 1132 8366 8366 1131 1131 8367 8367 1129 1130 8368 8368 1460 1460 8369 8369 1460 1460 8370 8370 1461 1461 8371 8371 1131 1131 8372 8372 1040 1040 8373 8373 1131 1131 8374 8374 1461 1461 8375 8375 1461 1461 8376 8376 1041 1041 8377 8377 1040 1040 8378 8378 1461 1461 8379 8379 1037 1039 8380 8380 1041 1041 8381 8381 1461 1461 8382 8382 1460 1460 8383 8383 1462 1462 8384 8384 1462 1462 8385 8385 1463 1463 8386 8386 1461 1461 8387 8387 1037 1039 8388 8388 1461 1461 8389 8389 1463 1463 8390 8390 1463 1463 8391 8391 1464 1464 8392 8392 1037 1039 8393 8393 1464 1464 8394 8394 1463 1463 8395 8395 1465 1465 8396 8396 1462 1462 8397 8397 1465 1465 8398 8398 1463 1463 8399 8399 1012 1011 8400 8400 1015 1014 8401 8401 1465 1465 8402 8402 1465 1465 8403 8403 1006 1006 8404 8404 1012 1011 8405 8405 1465 1465 8406 8406 1019 1019 8407 8407 1464 1464 8408 8408 1019 1019 8409 8409 1465 1465 8410 8410 1015 1014 8411 8411 1462 1462 8412 8412 1006 1006 8413 8413 1465 1465 8414 8414 1466 1466 8415 8415 1037 1039 8416 8416 1464 1464 8417 8417 1464 1464 8418 8418 1021 1021 8419 8419 1466 1466 8420 8420 1021 1021 8421 8421 1464 1464 8422 8422 1019 1019 8423 8423 1037 1039 8424 8424 1466 1466 8425 8425 1031 1033 8426 8426 1024 1024 8427 8427 1031 1033 8428 8428 1466 1466 8429 8429 1466 1466 8430 8430 1021 1021 8431 8431 1024 1024 8432 8432 1006 1006 8433 8433 1462 1462 8434 8434 1460 1460 8435 8435 1003 1002 8436 8436 1460 1460 8437 8437 1129 1130 8438 8438 1460 1460 8439 8439 1003 1002 8440 8440 1006 1006 8441 8441 1129 1130 8442 8442 1002 1003 8443 8443 1003 1002 8444 8444 992 992 8445 8445 993 993 8446 8446 1123 1123 8447 8447 996 997 8448 8448 1123 1123 8449 8449 993 993 8450 8450 1123 1123 8451 8451 996 997 8452 8452 1002 1003 8453 8453 1079 1079 8478 8478 1078 1078 8479 8479 1083 1084 8480 8480 1079 1079 8481 8481 1071 1071 8482 8482 1072 1072 8483 8483 972 972 8484 8484 1076 1076 8485 8485 982 981 8486 8486 987 987 8487 8487 982 981 8488 8488 1076 1076 8489 8489 1074 1075 8490 8490 988 988 8491 8491 987 987 8492 8492 1074 1075 8493 8493 995 995 8494 8494 988 988 8495 8495 1067 1065 8496 8496 997 996 8497 8497 995 995 8498 8498 997 996 8499 8499 1067 1065 8500 8500 1058 1058 8501 8501 1051 1052 8502 8502 1050 1050 8503 8503 1000 1001 8504 8504 1000 1001 8505 8505 997 996 8506 8506 1051 1052 8507 8507 1049 1049 8508 8508 1000 1001 8509 8509 1050 1050 8510 8510 1044 1045 8511 8511 1469 1467 8512 8512 1049 1049 8513 8513 1468 1468 8514 8514 1467 1469 8515 8515 1049 1049 8516 8516 1000 1001 8517 8517 1049 1049 8518 8518 1467 1469 8519 8519 1468 1468 8520 8520 1049 1049 8521 8521 1469 1467 8522 8522 1469 1467 8523 8523 1044 1045 8524 8524 1038 1037 8525 8525 1469 1467 8526 8526 1038 1037 8527 8527 1034 1034 8528 8528 1034 1034 8529 8529 1468 1468 8530 8530 1469 1467 8531 8531 1468 1468 8532 8532 1470 1470 8533 8533 1467 1469 8534 8534 1468 1468 8535 8535 1034 1034 8536 8536 1470 1470 8537 8537 1470 1470 8538 8538 1471 1471 8539 8539 1472 1472 8540 8540 1471 1471 8541 8541 1470 1470 8542 8542 1034 1034 8543 8543 1472 1472 8544 8544 1467 1469 8545 8545 1470 1470 8546 8546 1473 1473 8547 8547 1472 1472 8548 8548 1471 1471 8549 8549 1467 1469 8550 8550 1472 1472 8551 8551 1007 1007 8552 8552 1473 1473 8553 8553 1007 1007 8554 8554 1472 1472 8555 8555 1471 1471 8556 8556 1474 1474 8557 8557 1473 1473 8558 8558 1473 1473 8559 8559 1011 1010 8560 8560 1007 1007 8561 8561 1473 1473 8562 8562 1475 1475 8563 8563 1011 1010 8564 8564 1475 1475 8565 8565 1473 1473 8566 8566 1474 1474 8567 8567 1475 1475 8568 8568 1474 1474 8569 8569 1476 1476 8570 8570 1475 1475 8571 8571 1476 1476 8572 8572 1010 1013 8573 8573 1010 1013 8574 8574 1011 1010 8575 8575 1475 1475 8576 8576 1477 1477 8577 8577 1476 1476 8578 8578 1474 1474 8579 8579 1014 1015 8580 8580 1010 1013 8581 8581 1476 1476 8582 8582 1028 1028 8583 8583 1477 1477 8584 8584 1032 1030 8585 8585 1474 1474 8586 8586 1032 1030 8587 8587 1477 1477 8588 8588 1474 1474 8589 8589 1471 1471 8590 8590 1032 1030 8591 8591 1030 1031 8592 8592 1032 1030 8593 8593 1471 1471 8594 8594 1471 1471 8595 8595 1034 1034 8596 8596 1030 1031 8597 8597 1467 1469 8598 8598 999 1000 8599 8599 1000 1001 8600 8600 1467 1469 8601 8601 1004 1005 8602 8602 999 1000 8603 8603 1467 1469 8604 8604 1007 1007 8605 8605 1004 1005 8606 8606 1047 1047 8607 8607 1040 1040 8608 8608 1042 1042 8609 8609 1035 1035 8610 8610 1034 1034 8611 8611 1038 1037 8612 8612 1024 1024 8613 8613 1026 1026 8614 8614 1031 1033 8615 8615 983 977 8616 8616 985 986 8617 8617 990 990 8618 8618 972 972 8619 8619 982 981 8620 8620 1478 1478 8621 8621 976 980 8622 8622 1478 1478 8623 8623 982 981 8624 8624 1479 1479 8625 8625 1480 1480 8626 8626 1478 1478 8627 8627 1478 1478 8628 8628 976 980 8629 8629 1479 1479 8630 8630 972 972 8631 8631 1478 1478 8632 8632 1480 1480 8633 8633 1480 1480 8634 8634 1481 1481 8635 8635 972 972 8636 8636 1481 1481 8637 8637 1480 1480 8638 8638 1482 1482 8639 8639 1483 1483 8640 8640 1480 1480 8641 8641 1479 1479 8642 8642 1483 1483 8643 8643 1482 1482 8644 8644 1480 1480 8645 8645 1483 1483 8646 8646 1484 1484 8647 8647 1482 1482 8648 8648 1479 1479 8649 8649 1486 1485 8650 8650 1483 1483 8651 8651 1483 1483 8652 8652 1485 1486 8653 8653 1484 1484 8654 8654 1485 1486 8655 8655 1483 1483 8656 8656 1486 1485 8657 8657 1486 1485 8658 8658 1479 1479 8659 8659 976 980 8660 8660 976 980 8661 8661 1488 1487 8662 8662 1486 1485 8663 8663 1486 1485 8664 8664 1488 1487 8665 8665 1487 1488 8666 8666 1487 1488 8667 8667 1485 1486 8668 8668 1486 1485 8669 8669 1489 1489 8670 8670 1488 1487 8671 8671 1490 1490 8672 8672 1489 1489 8673 8673 1487 1488 8674 8674 1488 1487 8675 8675 976 980 8676 8676 1490 1490 8677 8677 1488 1487 8678 8678 1490 1490 8679 8679 1491 1491 8680 8680 1489 1489 8681 8681 1491 1491 8682 8682 1490 1490 8683 8683 1492 1492 8684 8684 976 980 8685 8685 980 979 8686 8686 1490 1490 8687 8687 1492 1492 8688 8688 1490 1490 8689 8689 980 979 8690 8690 1492 1492 8691 8691 980 979 8692 8692 1493 1493 8693 8693 1493 1493 8694 8694 1494 1494 8695 8695 1492 1492 8696 8696 1491 1491 8697 8697 1492 1492 8698 8698 1495 1495 8699 8699 1495 1495 8700 8700 1492 1492 8701 8701 1494 1494 8702 8702 1495 1495 8703 8703 1498 1496 8704 8704 1491 1491 8705 8705 1494 1494 8706 8706 1496 1497 8707 8707 1495 1495 8708 8708 1497 1498 8709 8709 1495 1495 8710 8710 1496 1497 8711 8711 1495 1495 8712 8712 1497 1498 8713 8713 1498 1496 8714 8714 1500 1499 8715 8715 1491 1491 8716 8716 1498 1496 8717 8717 1501 1500 8718 8718 1498 1496 8719 8719 1497 1498 8720 8720 1498 1496 8721 8721 1499 1501 8722 8722 1500 1499 8723 8723 1499 1501 8724 8724 1498 1496 8725 8725 1501 1500 8726 8726 1501 1500 8727 8727 1497 1498 8728 8728 1504 1502 8729 8729 1505 1503 8730 8730 1502 1504 8731 8731 1501 1500 8732 8732 1499 1501 8733 8733 1501 1500 8734 8734 1502 1504 8735 8735 1504 1502 8736 8736 1503 1505 8737 8737 1501 1500 8738 8738 1505 1503 8739 8739 1501 1500 8740 8740 1503 1505 8741 8741 1505 1503 8742 8742 1503 1505 8743 8743 1506 1506 8744 8744 1506 1506 8745 8745 1507 1507 8746 8746 1505 1503 8747 8747 1502 1504 8748 8748 1505 1503 8749 8749 1507 1507 8750 8750 1508 1508 8751 8751 1510 1509 8752 8752 1507 1507 8753 8753 1507 1507 8754 8754 1506 1506 8755 8755 1508 1508 8756 8756 1507 1507 8757 8757 1509 1510 8758 8758 1502 1504 8759 8759 1509 1510 8760 8760 1507 1507 8761 8761 1510 1509 8762 8762 1511 1511 8763 8763 1484 1484 8764 8764 1510 1509 8765 8765 1510 1509 8766 8766 1512 1512 8767 8767 1511 1511 8768 8768 1509 1510 8769 8769 1510 1509 8770 8770 1484 1484 8771 8771 1512 1512 8772 8772 1510 1509 8773 8773 1513 1513 8774 8774 1508 1508 8775 8775 1513 1513 8776 8776 1510 1509 8777 8777 1513 1513 8778 8778 1514 1514 8779 8779 1512 1512 8780 8780 1514 1514 8781 8781 1513 1513 8782 8782 1516 1515 8783 8783 1513 1513 8784 8784 1508 1508 8785 8785 1515 1516 8786 8786 1515 1516 8787 8787 1516 1515 8788 8788 1513 1513 8789 8789 1516 1515 8790 8790 1517 1517 8791 8791 1518 1518 8792 8792 1516 1515 8793 8793 1515 1516 8794 8794 1517 1517 8795 8795 1516 1515 8796 8796 1518 1518 8797 8797 1514 1514 8798 8798 1518 1518 8799 8799 1519 1519 8800 8800 1520 1520 8801 8801 1518 1518 8802 8802 1522 1521 8803 8803 1519 1519 8804 8804 1514 1514 8805 8805 1518 1518 8806 8806 1521 1522 8807 8807 1520 1520 8808 8808 1521 1522 8809 8809 1518 1518 8810 8810 1522 1521 8811 8811 1518 1518 8812 8812 1517 1517 8813 8813 1523 1523 8814 8814 1519 1519 8815 8815 1522 1521 8816 8816 1523 1523 8817 8817 1522 1521 8818 8818 1524 1524 8819 8819 1517 1517 8820 8820 1524 1524 8821 8821 1522 1521 8822 8822 1524 1524 8823 8823 1515 1516 8824 8824 1525 1525 8825 8825 1524 1524 8826 8826 1517 1517 8827 8827 1515 1516 8828 8828 1526 1526 8829 8829 1525 1525 8830 8830 1515 1516 8831 8831 1527 1527 8832 8832 1526 1526 8833 8833 1528 1528 8834 8834 1515 1516 8835 8835 1528 1528 8836 8836 1526 1526 8837 8837 1528 1528 8838 8838 1506 1506 8839 8839 1527 1527 8840 8840 1528 1528 8841 8841 1515 1516 8842 8842 1508 1508 8843 8843 1528 1528 8844 8844 1508 1508 8845 8845 1506 1506 8846 8846 1529 1529 8847 8847 1527 1527 8848 8848 1506 1506 8849 8849 1503 1505 8850 8850 1504 1502 8851 8851 1529 1529 8852 8852 1529 1529 8853 8853 1506 1506 8854 8854 1503 1505 8855 8855 1530 1530 8856 8856 1529 1529 8857 8857 1504 1502 8858 8858 1531 1531 8859 8859 1530 1530 8860 8860 1532 1532 8861 8861 1504 1502 8862 8862 1532 1532 8863 8863 1530 1530 8864 8864 1531 1531 8865 8865 1532 1532 8866 8866 1533 1533 8867 8867 1532 1532 8868 8868 1504 1502 8869 8869 1497 1498 8870 8870 1534 1534 8871 8871 1533 1533 8872 8872 1532 1532 8873 8873 1532 1532 8874 8874 1497 1498 8875 8875 1534 1534 8876 8876 1533 1533 8877 8877 1534 1534 8878 8878 1535 1535 8879 8879 1536 1536 8880 8880 1535 1535 8881 8881 1534 1534 8882 8882 1534 1534 8883 8883 1537 1537 8884 8884 1536 1536 8885 8885 1534 1534 8886 8886 1496 1497 8887 8887 1537 1537 8888 8888 1496 1497 8889 8889 1534 1534 8890 8890 1497 1498 8891 8891 1538 1538 8892 8892 1536 1536 8893 8893 1537 1537 8894 8894 1537 1537 8895 8895 1539 1539 8896 8896 1538 1538 8897 8897 1537 1537 8898 8898 1494 1494 8899 8899 1539 1539 8900 8900 1494 1494 8901 8901 1537 1537 8902 8902 1496 1497 8903 8903 1540 1540 8904 8904 1538 1538 8905 8905 1539 1539 8906 8906 1539 1539 8907 8907 1541 1541 8908 8908 1540 1540 8909 8909 1539 1539 8910 8910 1542 1542 8911 8911 1541 1541 8912 8912 1542 1542 8913 8913 1539 1539 8914 8914 1494 1494 8915 8915 1494 1494 8916 8916 1493 1493 8917 8917 1542 1542 8918 8918 979 983 8919 8919 1542 1542 8920 8920 1493 1493 8921 8921 1543 1543 8922 8922 1541 1541 8923 8923 1542 1542 8924 8924 1542 1542 8925 8925 979 983 8926 8926 1543 1543 8927 8927 1544 1544 8928 8928 1543 1543 8929 8929 1545 1545 8930 8930 1543 1543 8931 8931 1544 1544 8932 8932 1541 1541 8933 8933 978 982 8934 8934 1543 1543 8935 8935 979 983 8936 8936 978 982 8937 8937 1545 1545 8938 8938 1543 1543 8939 8939 1545 1545 8940 8940 981 974 8941 8941 1546 1546 8942 8942 1546 1546 8943 8943 1547 1547 8944 8944 1545 1545 8945 8945 981 974 8946 8946 1545 1545 8947 8947 978 982 8948 8948 1521 1522 8949 8949 1545 1545 8950 8950 1547 1547 8951 8951 1545 1545 8952 8952 1521 1522 8953 8953 1544 1544 8954 8954 1546 1546 8955 8955 970 970 8956 8956 1547 1547 8957 8957 1548 1548 8958 8958 1547 1547 8959 8959 970 970 8960 8960 1547 1547 8961 8961 1548 1548 8962 8962 1521 1522 8963 8963 970 970 8964 8964 1481 1481 8965 8965 1548 1548 8966 8966 1549 1549 8967 8967 1548 1548 8968 8968 1481 1481 8969 8969 1548 1548 8970 8970 1549 1549 8971 8971 1514 1514 8972 8972 1514 1514 8973 8973 1521 1522 8974 8974 1548 1548 8975 8975 1549 1549 8976 8976 1511 1511 8977 8977 1512 1512 8978 8978 1512 1512 8979 8979 1514 1514 8980 8980 1549 1549 8981 8981 1481 1481 8982 8982 1482 1482 8983 8983 1549 1549 8984 8984 1511 1511 8985 8985 1549 1549 8986 8986 1482 1482 8987 8987 970 970 8988 8988 1546 1546 8989 8989 981 974 8990 8990 1520 1520 8991 8991 1544 1544 8992 8992 1521 1522 8993 8993 1520 1520 8994 8994 1541 1541 8995 8995 1544 1544 8996 8996 1519 1519 8997 8997 1540 1540 8998 8998 1541 1541 8999 8999 1541 1541 9000 9000 1520 1520 9001 9001 1519 1519 9002 9002 1540 1540 9003 9003 1550 1550 9004 9004 1538 1538 9005 9005 1540 1540 9006 9006 1519 1519 9007 9007 1550 1550 9008 9008 1552 1551 9009 9009 1550 1550 9010 9010 1519 1519 9011 9011 1551 1552 9012 9012 1538 1538 9013 9013 1550 1550 9014 9014 1519 1519 9015 9015 1523 1523 9016 9016 1552 1551 9017 9017 1535 1535 9018 9018 1536 1536 9019 9019 1551 1552 9020 9020 1538 1538 9021 9021 1551 1552 9022 9022 1536 1536 9023 9023 1482 1482 9024 9024 1484 1484 9025 9025 1511 1511 9026 9026 1484 1484 9027 9027 1502 1504 9028 9028 1509 1510 9029 9029 1484 1484 9030 9030 1553 1553 9031 9031 1502 1504 9032 9032 1499 1501 9033 9033 1502 1504 9034 9034 1553 1553 9035 9035 1553 1553 9036 9036 1500 1499 9037 9037 1499 1501 9038 9038 1485 1486 9039 9039 1554 1554 9040 9040 1553 1553 9041 9041 1500 1499 9042 9042 1553 1553 9043 9043 1554 1554 9044 9044 1553 1553 9045 9045 1484 1484 9046 9046 1485 1486 9047 9047 1554 1554 9048 9048 1489 1489 9049 9049 1500 1499 9050 9050 1489 1489 9051 9051 1554 1554 9052 9052 1487 1488 9053 9053 1485 1486 9054 9054 1487 1488 9055 9055 1554 1554 9056 9056 1500 1499 9057 9057 1489 1489 9058 9058 1491 1491 9059 9059 979 983 9060 9060 1493 1493 9061 9061 980 979 9062 9062 970 970 9063 9063 972 972 9064 9064 1481 1481 9065 9065 1555 1555 9066 9066 1556 1556 9067 9067 1557 1557 9068 9068 1558 1558 9069 9069 1557 1557 9070 9070 1556 1556 9071 9071</p>
        </triangles>
        <triangles material="Cap_v-material" count="596">
          <input semantic="VERTEX" source="#Mario_008-mesh-vertices" offset="0"/>
          <input semantic="NORMAL" source="#Mario_008-mesh-normals" offset="1"/>
          <input semantic="TEXCOORD" source="#Mario_008-mesh-map-0" offset="2" set="0"/>
          <input semantic="COLOR" source="#Mario_008-mesh-colors-v_color_0" offset="3" set="0"/>
          <p>0 0 0 0 2 1 1 1 1 2 2 2 0 0 3 3 1 2 4 4 6 3 5 5 2 1 6 6 0 0 7 7 3 4 8 8 7 5 9 9 3 4 10 10 0 0 11 11 0 0 12 12 4 6 13 13 7 5 14 14 4 6 15 15 0 0 16 16 5 7 17 17 6 3 18 18 5 7 19 19 0 0 20 20 3 4 21 21 7 5 22 22 10 8 23 23 7 5 24 24 9 9 25 25 8 10 26 26 8 10 27 27 10 8 28 28 7 5 29 29 9 9 30 30 7 5 31 31 4 6 32 32 11 11 33 33 10 8 34 34 12 12 35 35 10 8 36 36 11 11 37 37 3 4 38 38 13 13 39 39 12 12 40 40 10 8 41 41 10 8 42 42 8 10 43 43 13 13 44 44 14 14 45 45 13 13 46 46 8 10 47 47 13 13 48 48 14 14 49 49 16 15 50 50 13 13 51 51 15 16 52 52 12 12 53 53 13 13 54 54 16 15 55 55 15 16 56 56 16 15 57 57 18 17 58 58 17 18 59 59 17 18 60 60 15 16 61 61 16 15 62 62 18 17 63 63 16 15 64 64 14 14 65 65 18 17 66 66 21 19 67 67 19 20 68 68 19 20 69 69 20 21 70 70 18 17 71 71 18 17 72 72 14 14 73 73 21 19 74 74 20 21 75 75 17 18 76 76 18 17 77 77 21 19 78 78 9 9 79 79 22 22 80 80 21 19 81 81 8 10 82 82 9 9 83 83 22 22 84 84 19 20 85 85 21 19 86 86 8 10 87 87 21 19 88 88 14 14 89 89 4 6 90 90 22 22 91 91 9 9 92 92 4 6 93 93 5 7 94 94 22 22 95 95 22 22 96 96 23 23 97 97 19 20 98 98 23 23 99 99 22 22 100 100 5 7 101 101 20 21 102 102 19 20 103 103 23 23 104 104 5 7 105 105 24 24 106 106 23 23 107 107 25 25 108 108 23 23 109 109 24 24 110 110 23 23 111 111 25 25 112 112 20 21 113 113 24 24 114 114 26 26 115 115 25 25 116 116 17 18 117 117 20 21 118 118 25 25 119 119 25 25 120 120 27 27 121 121 17 18 122 122 27 27 123 123 25 25 124 124 26 26 125 125 26 26 126 126 28 28 127 127 27 27 128 128 15 16 129 129 27 27 130 130 28 28 131 131 15 16 132 132 17 18 133 133 27 27 134 134 28 28 135 135 12 12 136 136 15 16 137 137 28 28 138 138 26 26 139 139 29 29 140 140 29 29 141 141 30 30 142 142 28 28 143 143 12 12 144 144 28 28 145 145 30 30 146 146 29 29 147 147 31 31 148 148 30 30 149 149 32 32 150 150 11 11 151 151 30 30 152 152 12 12 153 153 30 30 154 154 11 11 155 155 32 32 156 156 30 30 157 157 31 31 158 158 33 33 159 159 34 34 160 160 32 32 161 161 33 33 162 162 32 32 163 163 35 35 164 164 11 11 165 165 32 32 166 166 34 34 167 167 31 31 168 168 35 35 169 169 32 32 170 170 35 35 171 171 31 31 172 172 37 36 173 173 37 36 174 174 36 37 175 175 35 35 176 176 33 33 177 177 35 35 178 178 36 37 179 179 40 38 180 180 37 36 181 181 31 31 182 182 38 39 183 183 39 40 184 184 37 36 185 185 37 36 186 186 40 38 187 187 38 39 188 188 36 37 189 189 37 36 190 190 39 40 191 191 40 38 192 192 43 41 193 193 41 42 194 194 41 42 195 195 38 39 196 196 40 38 197 197 40 38 198 198 31 31 199 199 42 43 200 200 42 43 201 201 43 41 202 202 40 38 203 203 46 44 204 204 41 42 205 205 43 41 206 206 43 41 207 207 44 45 208 208 46 44 209 209 43 41 210 210 45 46 211 211 44 45 212 212 43 41 213 213 42 43 214 214 45 46 215 215 46 44 216 216 47 47 217 217 41 42 218 218 47 47 219 219 46 44 220 220 44 45 221 221 49 48 222 222 41 42 223 223 47 47 224 224 48 49 225 225 47 47 226 226 50 50 227 227 47 47 228 228 48 49 229 229 49 48 230 230 44 45 231 231 50 50 232 232 47 47 233 233 50 50 234 234 51 51 235 235 48 49 236 236 51 51 237 237 50 50 238 238 52 52 239 239 44 45 240 240 52 52 241 241 50 50 242 242 52 52 243 243 54 53 244 244 53 54 245 245 53 54 246 246 55 55 247 247 52 52 248 248 44 45 249 249 54 53 250 250 52 52 251 251 51 51 252 252 52 52 253 253 55 55 254 254 55 55 255 255 53 54 256 256 56 56 257 257 56 56 258 258 57 57 259 259 55 55 260 260 51 51 261 261 55 55 262 262 57 57 263 263 57 57 264 264 56 56 265 265 36 37 266 266 58 58 267 267 57 57 268 268 39 40 269 269 57 57 270 270 58 58 271 271 51 51 272 272 36 37 273 273 39 40 274 274 57 57 275 275 39 40 276 276 38 39 277 277 58 58 278 278 49 48 279 279 58 58 280 280 38 39 281 281 58 58 282 282 49 48 283 283 48 49 284 284 58 58 285 285 48 49 286 286 51 51 287 287 59 59 288 288 36 37 289 289 56 56 290 290 59 59 291 291 56 56 292 292 53 54 293 293 61 60 294 294 59 59 295 295 60 61 296 296 53 54 297 297 60 61 298 298 59 59 299 299 36 37 300 300 59 59 301 301 33 33 302 302 62 62 303 303 33 33 304 304 59 59 305 305 59 59 306 306 61 60 307 307 62 62 308 308 62 62 309 309 63 63 310 310 33 33 311 311 63 63 312 312 64 64 313 313 34 34 314 314 34 34 315 315 33 33 316 316 63 63 317 317 2 1 318 318 34 34 319 319 64 64 320 320 64 64 321 321 65 65 322 322 2 1 323 323 66 66 324 324 2 1 325 325 65 65 326 326 65 65 327 327 67 67 328 328 66 66 329 329 68 68 330 330 66 66 331 331 67 67 332 332 67 67 333 333 69 69 334 334 68 68 335 335 70 70 336 336 68 68 337 337 69 69 338 338 70 70 339 339 71 71 340 340 68 68 341 341 71 71 342 342 70 70 343 343 72 72 344 344 73 73 345 345 72 72 346 346 70 70 347 347 73 73 348 348 75 74 349 349 74 75 350 350 74 75 351 351 72 72 352 352 73 73 353 353 76 76 354 354 74 75 355 355 75 74 356 356 74 75 357 357 76 76 358 358 77 77 359 359 78 78 360 360 77 77 361 361 76 76 362 362 76 76 363 363 79 79 364 364 78 78 365 365 76 76 366 366 80 80 367 367 79 79 368 368 61 60 369 369 79 79 370 370 80 80 371 371 81 81 372 372 78 78 373 373 79 79 374 374 79 79 375 375 61 60 376 376 81 81 377 377 78 78 378 378 81 81 379 379 45 46 380 380 60 61 381 381 81 81 382 382 61 60 383 383 60 61 384 384 54 53 385 385 81 81 386 386 45 46 387 387 81 81 388 388 54 53 389 389 78 78 390 390 45 46 391 391 42 43 392 392 42 43 393 393 77 77 394 394 78 78 395 395 77 77 396 396 82 82 397 397 74 75 398 398 82 82 399 399 77 77 400 400 83 83 401 401 84 84 402 402 83 83 403 403 77 77 404 404 77 77 405 405 42 43 406 406 84 84 407 407 84 84 408 408 86 85 409 409 83 83 410 410 85 86 411 411 84 84 412 412 42 43 413 413 85 86 414 414 87 87 415 415 84 84 416 416 86 85 417 417 84 84 418 418 88 88 419 419 6 3 420 420 84 84 421 421 87 87 422 422 89 89 423 423 88 88 424 424 84 84 425 425 6 3 426 426 1 2 427 427 84 84 428 428 89 89 429 429 84 84 430 430 1 2 431 431 90 90 432 432 89 89 433 433 91 91 434 434 90 90 435 435 92 92 436 436 89 89 437 437 1 2 438 438 91 91 439 439 89 89 440 440 88 88 441 441 89 89 442 442 92 92 443 443 92 92 444 444 93 93 445 445 94 94 446 446 93 93 447 447 92 92 448 448 90 90 449 449 94 94 450 450 96 95 451 451 92 92 452 452 92 92 453 453 95 96 454 454 88 88 455 455 95 96 456 456 92 92 457 457 96 95 458 458 96 95 459 459 97 97 460 460 95 96 461 461 97 97 462 462 96 95 463 463 98 98 464 464 94 94 465 465 98 98 466 466 96 95 467 467 98 98 468 468 94 94 469 469 101 99 470 470 98 98 471 471 99 100 472 472 97 97 473 473 99 100 474 474 98 98 475 475 100 101 476 476 101 99 477 477 100 101 478 478 98 98 479 479 103 102 480 480 101 99 481 481 94 94 482 482 100 101 483 483 101 99 484 484 102 103 485 485 103 102 486 486 102 103 487 487 101 99 488 488 104 104 489 489 105 105 490 490 103 102 491 491 103 102 492 492 93 93 493 493 104 104 494 494 102 103 495 495 103 102 496 496 105 105 497 497 103 102 498 498 94 94 499 499 93 93 500 500 105 105 501 501 104 104 502 502 106 106 503 503 106 106 504 504 107 107 505 505 105 105 506 506 108 108 507 507 105 105 508 508 107 107 509 509 105 105 510 510 108 108 511 511 102 103 512 512 107 107 513 513 109 109 514 514 108 108 515 515 100 101 516 516 102 103 517 517 108 108 518 518 110 110 519 519 108 108 520 520 109 109 521 521 108 108 522 522 110 110 523 523 100 101 524 524 109 109 525 525 111 111 526 526 110 110 527 527 99 100 528 528 100 101 529 529 110 110 530 530 99 100 531 531 110 110 532 532 111 111 533 533 111 111 534 534 97 97 535 535 99 100 536 536 113 112 537 537 112 113 538 538 111 111 539 539 97 97 540 540 111 111 541 541 112 113 542 542 111 111 543 543 109 109 544 544 113 112 545 545 113 112 546 546 114 114 547 547 115 115 548 548 114 114 549 549 113 112 550 550 109 109 551 551 112 113 552 552 113 112 553 553 115 115 554 554 112 113 555 555 115 115 556 556 116 116 557 557 117 117 558 558 116 116 559 559 115 115 560 560 118 118 561 561 115 115 562 562 114 114 563 563 115 115 564 564 118 118 565 565 117 117 566 566 119 119 567 567 117 117 568 568 118 118 569 569 118 118 570 570 120 120 571 571 119 119 572 572 120 120 573 573 118 118 574 574 106 106 575 575 114 114 576 576 106 106 577 577 118 118 578 578 104 104 579 579 122 121 580 580 120 120 581 581 120 120 582 582 106 106 583 583 104 104 584 584 121 122 585 585 119 119 586 586 120 120 587 587 121 122 588 588 120 120 589 589 122 121 590 590 122 121 591 591 91 91 592 592 121 122 593 593 91 91 594 594 122 121 595 595 90 90 596 596 122 121 597 597 104 104 598 598 93 93 599 599 93 93 600 600 90 90 601 601 122 121 602 602 2 1 603 603 121 122 604 604 91 91 605 605 2 1 606 606 66 66 607 607 121 122 608 608 119 119 609 609 121 122 610 610 66 66 611 611 117 117 612 612 119 119 613 613 123 123 614 614 66 66 615 615 123 123 616 616 119 119 617 617 123 123 618 618 124 124 619 619 125 125 620 620 123 123 621 621 66 66 622 622 124 124 623 623 125 125 624 624 83 83 625 625 123 123 626 626 117 117 627 627 123 123 628 628 83 83 629 629 128 126 630 630 125 125 631 631 124 124 632 632 83 83 633 633 125 125 634 634 126 127 635 635 126 127 636 636 125 125 637 637 127 128 638 638 128 126 639 639 127 128 640 640 125 125 641 641 128 126 642 642 130 129 643 643 129 130 644 644 129 130 645 645 127 128 646 646 128 126 647 647 130 129 648 648 128 126 649 649 131 131 650 650 124 124 651 651 131 131 652 652 128 126 653 653 131 131 654 654 132 132 655 655 130 129 656 656 132 132 657 657 131 131 658 658 133 133 659 659 124 124 660 660 133 133 661 661 131 131 662 662 133 133 663 663 124 124 664 664 66 66 665 665 66 66 666 666 68 68 667 667 133 133 668 668 134 134 669 669 133 133 670 670 68 68 671 671 133 133 672 672 134 134 673 673 132 132 674 674 135 135 675 675 134 134 676 676 137 136 677 677 135 135 678 678 136 137 679 679 134 134 680 680 134 134 681 681 68 68 682 682 71 71 683 683 71 71 684 684 137 136 685 685 134 134 686 686 132 132 687 687 134 134 688 688 136 137 689 689 137 136 690 690 71 71 691 691 138 138 692 692 137 136 693 693 138 138 694 694 135 135 695 695 139 139 696 696 138 138 697 697 71 71 698 698 139 139 699 699 82 82 700 700 138 138 701 701 141 140 702 702 135 135 703 703 138 138 704 704 140 141 705 705 138 138 706 706 82 82 707 707 138 138 708 708 140 141 709 709 141 140 710 710 141 140 711 711 145 142 712 712 135 135 713 713 145 142 714 714 141 140 715 715 142 143 716 716 144 144 717 717 142 143 718 718 141 140 719 719 143 145 720 720 141 140 721 721 140 141 722 722 141 140 723 723 143 145 724 724 144 144 725 725 146 146 726 726 145 142 727 727 147 147 728 728 145 142 729 729 146 146 730 730 135 135 731 731 148 148 732 732 147 147 733 733 145 142 734 734 145 142 735 735 142 143 736 736 148 148 737 737 149 149 738 738 148 148 739 739 142 143 740 740 149 149 741 741 150 150 742 742 148 148 743 743 147 147 744 744 148 148 745 745 150 150 746 746 150 150 747 747 149 149 748 748 151 151 749 749 151 151 750 750 153 152 751 751 150 150 752 752 152 153 753 753 150 150 754 754 153 152 755 755 150 150 756 756 152 153 757 757 147 147 758 758 153 152 759 759 129 130 760 760 130 129 761 761 153 152 762 762 151 151 763 763 129 130 764 764 130 129 765 765 154 154 766 766 153 152 767 767 152 153 768 768 153 152 769 769 154 154 770 770 154 154 771 771 130 129 772 772 132 132 773 773 154 154 774 774 146 146 775 775 152 153 776 776 146 146 777 777 154 154 778 778 136 137 779 779 132 132 780 780 136 137 781 781 154 154 782 782 147 147 783 783 152 153 784 784 146 146 785 785 155 155 786 786 129 130 787 787 151 151 788 788 155 155 789 789 151 151 790 790 149 149 791 791 129 130 792 792 155 155 793 793 127 128 794 794 144 144 795 795 127 128 796 796 155 155 797 797 155 155 798 798 149 149 799 799 144 144 800 800 142 143 801 801 144 144 802 802 149 149 803 803 136 137 804 804 135 135 805 805 146 146 806 806 127 128 807 807 144 144 808 808 143 145 809 809 127 128 810 810 143 145 811 811 126 127 812 812 140 141 813 813 126 127 814 814 143 145 815 815 82 82 816 816 83 83 817 817 140 141 818 818 126 127 819 819 140 141 820 820 83 83 821 821 71 71 822 822 72 72 823 823 139 139 824 824 82 82 825 825 139 139 826 826 72 72 827 827 83 83 828 828 116 116 829 829 117 117 830 830 116 116 831 831 86 85 832 832 112 113 833 833 116 116 834 834 83 83 835 835 86 85 836 836 106 106 837 837 114 114 838 838 107 107 839 839 109 109 840 840 107 107 841 841 114 114 842 842 95 96 843 843 112 113 844 844 86 85 845 845 112 113 846 846 95 96 847 847 97 97 848 848 86 85 849 849 88 88 850 850 95 96 851 851 91 91 852 852 1 2 853 853 2 1 854 854 87 87 855 855 85 86 856 856 24 24 857 857 6 3 858 858 87 87 859 859 5 7 860 860 24 24 861 861 5 7 862 862 87 87 863 863 42 43 864 864 29 29 865 865 85 86 866 866 26 26 867 867 24 24 868 868 85 86 869 869 85 86 870 870 29 29 871 871 26 26 872 872 72 72 873 873 74 75 874 874 82 82 875 875 60 61 876 876 53 54 877 877 54 53 878 878 54 53 879 879 44 45 880 880 45 46 881 881 38 39 882 882 41 42 883 883 49 48 884 884 29 29 885 885 42 43 886 886 31 31 887 887 34 34 888 888 2 1 889 889 11 11 890 890 3 4 891 891 11 11 892 892 2 1 893 893 1829 1829 10668 10668 1830 1830 10669 10669 1835 1831 10670 10670 1829 1829 10671 10671 1837 1832 10672 10672 1830 1830 10673 10673 1836 1833 10674 10674 1831 1834 10675 10675 1829 1829 10676 10676 1832 1835 10677 10677 1829 1829 10678 10678 1831 1834 10679 10679 1829 1829 10680 10680 1832 1835 10681 10681 1834 1836 10682 10682 1829 1829 10683 10683 1833 1837 10684 10684 1839 1838 10685 10685 1829 1829 10686 10686 1834 1836 10687 10687 1833 1837 10688 10688 1829 1829 10689 10689 1835 1831 10690 10690 1836 1833 10691 10691 1837 1832 10692 10692 1829 1829 10693 10693 1838 1839 10694 10694 1839 1838 10695 10695 1838 1839 10696 10696 1829 1829 10697 10697 1838 1839 10698 10698 1839 1838 10699 10699 1841 1840 10700 10700 1840 1841 10701 10701 1839 1838 10702 10702 1833 1837 10703 10703 1839 1838 10704 10704 1840 1841 10705 10705 1843 1842 10706 10706 1842 1843 10707 10707 1841 1840 10708 10708 1839 1838 10709 10709 1839 1838 10710 10710 1843 1842 10711 10711 1842 1843 10712 10712 1845 1844 10713 10713 1843 1842 10714 10714 1840 1841 10715 10715 1844 1845 10716 10716 1842 1843 10717 10717 1843 1842 10718 10718 1843 1842 10719 10719 1845 1844 10720 10720 1844 1845 10721 10721 1846 1846 10722 10722 1844 1845 10723 10723 1845 1844 10724 10724 1845 1844 10725 10725 1847 1847 10726 10726 1846 1846 10727 10727 1840 1841 10728 10728 1847 1847 10729 10729 1845 1844 10730 10730 1847 1847 10731 10731 1840 1841 10732 10732 1848 1848 10733 10733 1848 1848 10734 10734 1849 1849 10735 10735 1847 1847 10736 10736 1850 1850 10737 10737 1847 1847 10738 10738 1849 1849 10739 10739 1850 1850 10740 10740 1846 1846 10741 10741 1847 1847 10742 10742 1849 1849 10743 10743 1851 1851 10744 10744 1850 1850 10745 10745 1852 1852 10746 10746 1850 1850 10747 10747 1851 1851 10748 10748 1850 1850 10749 10749 1852 1852 10750 10750 1846 1846 10751 10751 1851 1851 10752 10752 1853 1853 10753 10753 1852 1852 10754 10754 1854 1854 10755 10755 1852 1852 10756 10756 1853 1853 10757 10757 1852 1852 10758 10758 1854 1854 10759 10759 1855 1855 10760 10760 1855 1855 10761 10761 1846 1846 10762 10762 1852 1852 10763 10763 1856 1856 10764 10764 1855 1855 10765 10765 1854 1854 10766 10766 1846 1846 10767 10767 1855 1855 10768 10768 1844 1845 10769 10769 1856 1856 10770 10770 1844 1845 10771 10771 1855 1855 10772 10772 1842 1843 10773 10773 1856 1856 10774 10774 1857 1857 10775 10775 1858 1858 10776 10776 1857 1857 10777 10777 1856 1856 10778 10778 1842 1843 10779 10779 1844 1845 10780 10780 1856 1856 10781 10781 1856 1856 10782 10782 1854 1854 10783 10783 1858 1858 10784 10784 1857 1857 10785 10785 1858 1858 10786 10786 1859 1859 10787 10787 1853 1853 10788 10788 1858 1858 10789 10789 1854 1854 10790 10790 1858 1858 10791 10791 1853 1853 10792 10792 1860 1860 10793 10793 1860 1860 10794 10794 1859 1859 10795 10795 1858 1858 10796 10796 1861 1861 10797 10797 1860 1860 10798 10798 1853 1853 10799 10799 1859 1859 10800 10800 1860 1860 10801 10801 1862 1862 10802 10802 1861 1861 10803 10803 1862 1862 10804 10804 1860 1860 10805 10805 1862 1862 10806 10806 1861 1861 10807 10807 1863 1863 10808 10808 1863 1863 10809 10809 1865 1864 10810 10810 1862 1862 10811 10811 1862 1862 10812 10812 1864 1865 10813 10813 1859 1859 10814 10814 1864 1865 10815 10815 1862 1862 10816 10816 1865 1864 10817 10817 1866 1866 10818 10818 1867 1867 10819 10819 1865 1864 10820 10820 1866 1866 10821 10821 1865 1864 10822 10822 1834 1836 10823 10823 1863 1863 10824 10824 1834 1836 10825 10825 1865 1864 10826 10826 1864 1865 10827 10827 1865 1864 10828 10828 1867 1867 10829 10829 1867 1867 10830 10830 1869 1868 10831 10831 1864 1865 10832 10832 1867 1867 10833 10833 1871 1869 10834 10834 1868 1870 10835 10835 1867 1867 10836 10836 1868 1870 10837 10837 1869 1868 10838 10838 1866 1866 10839 10839 1870 1871 10840 10840 1867 1867 10841 10841 1871 1869 10842 10842 1867 1867 10843 10843 1870 1871 10844 10844 1874 1872 10845 10845 1872 1873 10846 10846 1871 1869 10847 10847 1871 1869 10848 10848 1872 1873 10849 10849 1873 1874 10850 10850 1873 1874 10851 10851 1868 1870 10852 10852 1871 1869 10853 10853 1871 1869 10854 10854 1870 1871 10855 10855 1874 1872 10856 10856 1874 1872 10857 10857 1875 1875 10858 10858 1878 1876 10859 10859 1875 1875 10860 10860 1874 1872 10861 10861 1876 1877 10862 10862 1876 1877 10863 10863 1874 1872 10864 10864 1870 1871 10865 10865 1872 1873 10866 10866 1874 1872 10867 10867 1877 1878 10868 10868 1878 1876 10869 10869 1877 1878 10870 10870 1874 1872 10871 10871 1878 1876 10872 10872 1875 1875 10873 10873 1880 1879 10874 10874 1880 1879 10875 10875 1879 1880 10876 10876 1878 1876 10877 10877 1877 1878 10878 10878 1878 1876 10879 10879 1879 1880 10880 10880 1882 1881 10881 10881 1879 1880 10882 10882 1880 1879 10883 10883 1881 1882 10884 10884 1880 1879 10885 10885 1875 1875 10886 10886 1880 1879 10887 10887 1881 1882 10888 10888 1883 1883 10889 10889 1880 1879 10890 10890 1883 1883 10891 10891 1882 1881 10892 10892 1884 1884 10893 10893 1883 1883 10894 10894 1885 1885 10895 10895 1884 1884 10896 10896 1882 1881 10897 10897 1883 1883 10898 10898 1886 1886 10899 10899 1885 1885 10900 10900 1883 1883 10901 10901 1883 1883 10902 10902 1881 1882 10903 10903 1886 1886 10904 10904 1889 1887 10905 10905 1887 1888 10906 10906 1886 1886 10907 10907 1888 1889 10908 10908 1886 1886 10909 10909 1887 1888 10910 10910 1885 1885 10911 10911 1886 1886 10912 10912 1888 1889 10913 10913 1889 1887 10914 10914 1886 1886 10915 10915 1881 1882 10916 10916 1891 1890 10917 10917 1889 1887 10918 10918 1875 1875 10919 10919 1881 1882 10920 10920 1875 1875 10921 10921 1889 1887 10922 10922 1889 1887 10923 10923 1890 1891 10924 10924 1887 1888 10925 10925 1892 1892 10926 10926 1891 1890 10927 10927 1876 1877 10928 10928 1875 1875 10929 10929 1876 1877 10930 10930 1891 1890 10931 10931 1831 1834 10932 10932 1892 1892 10933 10933 1832 1835 10934 10934 1876 1877 10935 10935 1832 1835 10936 10936 1892 1892 10937 10937 1893 1893 10938 10938 1887 1888 10939 10939 1890 1891 10940 10940 1896 1894 10941 10941 1894 1895 10942 10942 1893 1893 10943 10943 1895 1896 10944 10944 1893 1893 10945 10945 1894 1895 10946 10946 1893 1893 10947 10947 1895 1896 10948 10948 1888 1889 10949 10949 1888 1889 10950 10950 1887 1888 10951 10951 1893 1893 10952 10952 1894 1895 10953 10953 1896 1894 10954 10954 1897 1897 10955 10955 1897 1897 10956 10956 1899 1898 10957 10957 1894 1895 10958 10958 1897 1897 10959 10959 1898 1899 10960 10960 1899 1898 10961 10961 1899 1898 10962 10962 1900 1900 10963 10963 1901 1901 10964 10964 1900 1900 10965 10965 1899 1898 10966 10966 1902 1902 10967 10967 1901 1901 10968 10968 1894 1895 10969 10969 1899 1898 10970 10970 1902 1902 10971 10971 1899 1898 10972 10972 1898 1899 10973 10973 1902 1902 10974 10974 1903 1903 10975 10975 1904 1904 10976 10976 1902 1902 10977 10977 1898 1899 10978 10978 1903 1903 10979 10979 1902 1902 10980 10980 1904 1904 10981 10981 1905 1905 10982 10982 1905 1905 10983 10983 1906 1906 10984 10984 1902 1902 10985 10985 1900 1900 10986 10986 1902 1902 10987 10987 1906 1906 10988 10988 1906 1906 10989 10989 1908 1907 10990 10990 1907 1908 10991 10991 1907 1908 10992 10992 1901 1901 10993 10993 1906 1906 10994 10994 1906 1906 10995 10995 1901 1901 10996 10996 1900 1900 10997 10997 1908 1907 10998 10998 1906 1906 10999 10999 1909 1909 11000 11000 1905 1905 11001 11001 1909 1909 11002 11002 1906 1906 11003 11003 1910 1910 11004 11004 1909 1909 11005 11005 1911 1911 11006 11006 1909 1909 11007 11007 1910 1910 11008 11008 1908 1907 11009 11009 1912 1912 11010 11010 1911 1911 11011 11011 1909 1909 11012 11012 1909 1909 11013 11013 1904 1904 11014 11014 1912 1912 11015 11015 1909 1909 11016 11016 1905 1905 11017 11017 1904 1904 11018 11018 1913 1913 11019 11019 1912 1912 11020 11020 1904 1904 11021 11021 1912 1912 11022 11022 1913 1913 11023 11023 1914 1914 11024 11024 1914 1914 11025 11025 1911 1911 11026 11026 1912 1912 11027 11027 1917 1915 11028 11028 1915 1916 11029 11029 1914 1914 11030 11030 1916 1917 11031 11031 1914 1914 11032 11032 1915 1916 11033 11033 1911 1911 11034 11034 1914 1914 11035 11035 1916 1917 11036 11036 1917 1915 11037 11037 1914 1914 11038 11038 1913 1913 11039 11039 1919 1918 11040 11040 1917 1915 11041 11041 1918 1919 11042 11042 1913 1913 11043 11043 1918 1919 11044 11044 1917 1915 11045 11045 1919 1918 11046 11046 1920 1920 11047 11047 1917 1915 11048 11048 1915 1916 11049 11049 1917 1915 11050 11050 1920 1920 11051 11051 1920 1920 11052 11052 1921 1921 11053 11053 1923 1922 11054 11054 1919 1918 11055 11055 1921 1921 11056 11056 1920 1920 11057 11057 1920 1920 11058 11058 1922 1923 11059 11059 1915 1916 11060 11060 1920 1920 11061 11061 1923 1922 11062 11062 1922 1923 11063 11063 1923 1922 11064 11064 1925 1924 11065 11065 1924 1925 11066 11066 1924 1925 11067 11067 1922 1923 11068 11068 1923 1922 11069 11069 1925 1924 11070 11070 1923 1922 11071 11071 1921 1921 11072 11072 1908 1907 11073 11073 1925 1924 11074 11074 1926 1926 11075 11075 1921 1921 11076 11076 1926 1926 11077 11077 1925 1924 11078 11078 1927 1927 11079 11079 1924 1925 11080 11080 1925 1924 11081 11081 1925 1924 11082 11082 1908 1907 11083 11083 1927 1927 11084 11084 1924 1925 11085 11085 1927 1927 11086 11086 1928 1928 11087 11087 1910 1910 11088 11088 1928 1928 11089 11089 1927 1927 11090 11090 1910 1910 11091 11091 1927 1927 11092 11092 1908 1907 11093 11093 1928 1928 11094 11094 1930 1929 11095 11095 1924 1925 11096 11096 1930 1929 11097 11097 1928 1928 11098 11098 1929 1930 11099 11099 1910 1910 11100 11100 1929 1930 11101 11101 1928 1928 11102 11102 1930 1929 11103 11103 1915 1916 11104 11104 1922 1923 11105 11105 1915 1916 11106 11106 1930 1929 11107 11107 1916 1917 11108 11108 1922 1923 11109 11109 1924 1925 11110 11110 1930 1929 11111 11111 1929 1930 11112 11112 1916 1917 11113 11113 1930 1929 11114 11114 1910 1910 11115 11115 1911 1911 11116 11116 1929 1930 11117 11117 1916 1917 11118 11118 1929 1930 11119 11119 1911 1911 11120 11120 1921 1921 11121 11121 1931 1931 11122 11122 1926 1926 11123 11123 1907 1908 11124 11124 1926 1926 11125 11125 1931 1931 11126 11126 1926 1926 11127 11127 1907 1908 11128 11128 1908 1907 11129 11129 1931 1931 11130 11130 1921 1921 11131 11131 1933 1932 11132 11132 1931 1931 11133 11133 1932 1933 11134 11134 1907 1908 11135 11135 1932 1933 11136 11136 1931 1931 11137 11137 1933 1932 11138 11138 1933 1932 11139 11139 1935 1934 11140 11140 1934 1935 11141 11141 1933 1932 11142 11142 1934 1935 11143 11143 1932 1933 11144 11144 1935 1934 11145 11145 1933 1932 11146 11146 1919 1918 11147 11147 1919 1918 11148 11148 1933 1932 11149 11149 1921 1921 11150 11150 1936 1936 11151 11151 1935 1934 11152 11152 1918 1919 11153 11153 1919 1918 11154 11154 1918 1919 11155 11155 1935 1934 11156 11156 1835 1831 11157 11157 1934 1935 11158 11158 1935 1934 11159 11159 1935 1934 11160 11160 1936 1936 11161 11161 1835 1831 11162 11162 1903 1903 11163 11163 1835 1831 11164 11164 1936 1936 11165 11165 1936 1936 11166 11166 1904 1904 11167 11167 1903 1903 11168 11168 1904 1904 11169 11169 1936 1936 11170 11170 1913 1913 11171 11171 1918 1919 11172 11172 1913 1913 11173 11173 1936 1936 11174 11174 1938 1937 11175 11175 1934 1935 11176 11176 1937 1938 11177 11177 1835 1831 11178 11178 1937 1938 11179 11179 1934 1935 11180 11180 1938 1937 11181 11181 1932 1933 11182 11182 1934 1935 11183 11183 1937 1938 11184 11184 1940 1939 11185 11185 1938 1937 11186 11186 1939 1940 11187 11187 1938 1937 11188 11188 1940 1939 11189 11189 1939 1940 11190 11190 1941 1941 11191 11191 1938 1937 11192 11192 1932 1933 11193 11193 1938 1937 11194 11194 1941 1941 11195 11195 1941 1941 11196 11196 1942 1942 11197 11197 1932 1933 11198 11198 1941 1941 11199 11199 1943 1943 11200 11200 1942 1942 11201 11201 1941 1941 11202 11202 1939 1940 11203 11203 1943 1943 11204 11204 1947 1944 11205 11205 1942 1942 11206 11206 1943 1943 11207 11207 1945 1945 11208 11208 1944 1946 11209 11209 1943 1943 11210 11210 1946 1947 11211 11211 1943 1943 11212 11212 1944 1946 11213 11213 1939 1940 11214 11214 1945 1945 11215 11215 1943 1943 11216 11216 1943 1943 11217 11217 1946 1947 11218 11218 1947 1944 11219 11219 1942 1942 11220 11220 1947 1944 11221 11221 1950 1948 11222 11222 1948 1949 11223 11223 1947 1944 11224 11224 1946 1947 11225 11225 1947 1944 11226 11226 1948 1949 11227 11227 1949 1950 11228 11228 1949 1950 11229 11229 1950 1948 11230 11230 1947 1944 11231 11231 1950 1948 11232 11232 1949 1950 11233 11233 1951 1951 11234 11234 1951 1951 11235 11235 1952 1952 11236 11236 1950 1948 11237 11237 1942 1942 11238 11238 1950 1948 11239 11239 1952 1952 11240 11240 1952 1952 11241 11241 1932 1933 11242 11242 1942 1942 11243 11243 1932 1933 11244 11244 1952 1952 11245 11245 1895 1896 11246 11246 1869 1868 11247 11247 1895 1896 11248 11248 1952 1952 11249 11249 1952 1952 11250 11250 1841 1840 11251 11251 1953 1953 11252 11252 1841 1840 11253 11253 1952 1952 11254 11254 1838 1839 11255 11255 1951 1951 11256 11256 1838 1839 11257 11257 1952 1952 11258 11258 1953 1953 11259 11259 1954 1954 11260 11260 1952 1952 11261 11261 1869 1868 11262 11262 1952 1952 11263 11263 1954 1954 11264 11264 1954 1954 11265 11265 1864 1865 11266 11266 1869 1868 11267 11267 1954 1954 11268 11268 1859 1859 11269 11269 1864 1865 11270 11270 1953 1953 11271 11271 1857 1857 11272 11272 1954 1954 11273 11273 1859 1859 11274 11274 1954 1954 11275 11275 1857 1857 11276 11276 1842 1843 11277 11277 1953 1953 11278 11278 1841 1840 11279 11279 1953 1953 11280 11280 1842 1843 11281 11281 1857 1857 11282 11282 1955 1955 11283 11283 1837 1832 11284 11284 1951 1951 11285 11285 1838 1839 11286 11286 1951 1951 11287 11287 1837 1832 11288 11288 1955 1955 11289 11289 1951 1951 11290 11290 1949 1950 11291 11291 1837 1832 11292 11292 1955 1955 11293 11293 1957 1956 11294 11294 1955 1955 11295 11295 1949 1950 11296 11296 1956 1957 11297 11297 1956 1957 11298 11298 1957 1956 11299 11299 1955 1955 11300 11300 1957 1956 11301 11301 1830 1830 11302 11302 1837 1832 11303 11303 1959 1958 11304 11304 1958 1959 11305 11305 1957 1956 11306 11306 1830 1830 11307 11307 1957 1956 11308 11308 1958 1959 11309 11309 1957 1956 11310 11310 1956 1957 11311 11311 1959 1958 11312 11312 1959 1958 11313 11313 1960 1960 11314 11314 1961 1961 11315 11315 1960 1960 11316 11316 1959 1958 11317 11317 1956 1957 11318 11318 1958 1959 11319 11319 1959 1958 11320 11320 1962 1962 11321 11321 1961 1961 11322 11322 1962 1962 11323 11323 1959 1958 11324 11324 1958 1959 11325 11325 1962 1962 11326 11326 1940 1939 11327 11327 1963 1963 11328 11328 1940 1939 11329 11329 1962 1962 11330 11330 1962 1962 11331 11331 1961 1961 11332 11332 1964 1964 11333 11333 1962 1962 11334 11334 1964 1964 11335 11335 1963 1963 11336 11336 1965 1965 11337 11337 1963 1963 11338 11338 1964 1964 11339 11339 1964 1964 11340 11340 1966 1966 11341 11341 1965 1965 11342 11342 1966 1966 11343 11343 1964 1964 11344 11344 1961 1961 11345 11345 1968 1967 11346 11346 1965 1965 11347 11347 1966 1966 11348 11348 1969 1968 11349 11349 1966 1966 11350 11350 1967 1969 11351 11351 1961 1961 11352 11352 1967 1969 11353 11353 1966 1966 11354 11354 1966 1966 11355 11355 1969 1968 11356 11356 1968 1967 11357 11357 1970 1970 11358 11358 1968 1967 11359 11359 1969 1968 11360 11360 1970 1970 11361 11361 1969 1968 11362 11362 1971 1971 11363 11363 1969 1968 11364 11364 1967 1969 11365 11365 1972 1972 11366 11366 1972 1972 11367 11367 1971 1971 11368 11368 1969 1968 11369 11369 1971 1971 11370 11370 1972 1972 11371 11371 1973 1973 11372 11372 1960 1960 11373 11373 1973 1973 11374 11374 1972 1972 11375 11375 1960 1960 11376 11376 1972 1972 11377 11377 1967 1969 11378 11378 1973 1973 11379 11379 1948 1949 11380 11380 1971 1971 11381 11381 1973 1973 11382 11382 1949 1950 11383 11383 1948 1949 11384 11384 1949 1950 11385 11385 1973 1973 11386 11386 1956 1957 11387 11387 1960 1960 11388 11388 1956 1957 11389 11389 1973 1973 11390 11390 1946 1947 11391 11391 1971 1971 11392 11392 1948 1949 11393 11393 1971 1971 11394 11394 1946 1947 11395 11395 1970 1970 11396 11396 1970 1970 11397 11397 1944 1946 11398 11398 1968 1967 11399 11399 1944 1946 11400 11400 1970 1970 11401 11401 1946 1947 11402 11402 1965 1965 11403 11403 1968 1967 11404 11404 1944 1946 11405 11405 1967 1969 11406 11406 1961 1961 11407 11407 1960 1960 11408 11408 1963 1963 11409 11409 1965 1965 11410 11410 1945 1945 11411 11411 1944 1946 11412 11412 1945 1945 11413 11413 1965 1965 11414 11414 1945 1945 11415 11415 1939 1940 11416 11416 1963 1963 11417 11417 1940 1939 11418 11418 1963 1963 11419 11419 1939 1940 11420 11420 1830 1830 11421 11421 1958 1959 11422 11422 1937 1938 11423 11423 1940 1939 11424 11424 1937 1938 11425 11425 1958 1959 11426 11426 1937 1938 11427 11427 1835 1831 11428 11428 1830 1830 11429 11429 1932 1933 11430 11430 1895 1896 11431 11431 1901 1901 11432 11432 1901 1901 11433 11433 1907 1908 11434 11434 1932 1933 11435 11435 1975 1974 11436 11436 1974 1975 11437 11437 1903 1903 11438 11438 1835 1831 11439 11439 1903 1903 11440 11440 1974 1975 11441 11441 1975 1974 11442 11442 1903 1903 11443 11443 1898 1899 11444 11444 1974 1975 11445 11445 1836 1833 11446 11446 1835 1831 11447 11447 1894 1895 11448 11448 1901 1901 11449 11449 1895 1896 11450 11450 1869 1868 11451 11451 1888 1889 11452 11452 1895 1896 11453 11453 1888 1889 11454 11454 1869 1868 11455 11455 1885 1885 11456 11456 1885 1885 11457 11457 1976 1976 11458 11458 1884 1884 11459 11459 1976 1976 11460 11460 1885 1885 11461 11461 1869 1868 11462 11462 1868 1870 11463 11463 1977 1977 11464 11464 1976 1976 11465 11465 1978 1978 11466 11466 1976 1976 11467 11467 1977 1977 11468 11468 1978 1978 11469 11469 1884 1884 11470 11470 1976 1976 11471 11471 1976 1976 11472 11472 1869 1868 11473 11473 1868 1870 11474 11474 1977 1977 11475 11475 1979 1979 11476 11476 1978 1978 11477 11477 1884 1884 11478 11478 1978 1978 11479 11479 1979 1979 11480 11480 1977 1977 11481 11481 1981 1980 11482 11482 1979 1979 11483 11483 1979 1979 11484 11484 1980 1981 11485 11485 1884 1884 11486 11486 1979 1979 11487 11487 1982 1982 11488 11488 1980 1981 11489 11489 1982 1982 11490 11490 1979 1979 11491 11491 1981 1980 11492 11492 1981 1980 11493 11493 1983 1983 11494 11494 1982 1982 11495 11495 1984 1984 11496 11496 1982 1982 11497 11497 1983 1983 11498 11498 1984 1984 11499 11499 1980 1981 11500 11500 1982 1982 11501 11501 1980 1981 11502 11502 1984 1984 11503 11503 1882 1881 11504 11504 1879 1880 11505 11505 1882 1881 11506 11506 1984 1984 11507 11507 1984 1984 11508 11508 1983 1983 11509 11509 1877 1878 11510 11510 1877 1878 11511 11511 1879 1880 11512 11512 1984 1984 11513 11513 1872 1873 11514 11514 1877 1878 11515 11515 1983 1983 11516 11516 1983 1983 11517 11517 1981 1980 11518 11518 1873 1874 11519 11519 1983 1983 11520 11520 1873 1874 11521 11521 1872 1873 11522 11522 1977 1977 11523 11523 1873 1874 11524 11524 1981 1980 11525 11525 1882 1881 11526 11526 1884 1884 11527 11527 1980 1981 11528 11528 1977 1977 11529 11529 1868 1870 11530 11530 1873 1874 11531 11531 1832 1835 11532 11532 1876 1877 11533 11533 1866 1866 11534 11534 1870 1871 11535 11535 1866 1866 11536 11536 1876 1877 11537 11537 1866 1866 11538 11538 1834 1836 11539 11539 1832 1835 11540 11540 1849 1849 11541 11541 1863 1863 11542 11542 1861 1861 11543 11543 1849 1849 11544 11544 1848 1848 11545 11545 1863 1863 11546 11546 1834 1836 11547 11547 1863 1863 11548 11548 1848 1848 11549 11549 1849 1849 11550 11550 1861 1861 11551 11551 1851 1851 11552 11552 1853 1853 11553 11553 1851 1851 11554 11554 1861 1861 11555 11555 1833 1837 11556 11556 1848 1848 11557 11557 1840 1841 11558 11558 1848 1848 11559 11559 1833 1837 11560 11560 1834 1836 11561 11561</p>
        </triangles>
        <triangles material="EyeLid_v-material" count="92">
          <input semantic="VERTEX" source="#Mario_008-mesh-vertices" offset="0"/>
          <input semantic="NORMAL" source="#Mario_008-mesh-normals" offset="1"/>
          <input semantic="TEXCOORD" source="#Mario_008-mesh-map-0" offset="2" set="0"/>
          <input semantic="COLOR" source="#Mario_008-mesh-colors-v_color_0" offset="3" set="0"/>
          <p>266 750 4368 4368 268 751 4369 4369 267 752 4370 4370 269 753 4371 4371 267 752 4372 4372 268 751 4373 4373 268 751 4374 4374 270 754 4375 4375 269 753 4376 4376 271 755 4377 4377 269 753 4378 4378 270 754 4379 4379 270 754 4380 4380 272 756 4381 4381 271 755 4382 4382 273 757 4383 4383 271 755 4384 4384 272 756 4385 4385 272 756 4386 4386 274 758 4387 4387 273 757 4388 4388 275 759 4389 4389 273 757 4390 4390 274 758 4391 4391 274 758 4392 4392 276 760 4393 4393 275 759 4394 4394 277 761 4395 4395 275 759 4396 4396 276 760 4397 4397 276 760 4398 4398 278 762 4399 4399 277 761 4400 4400 279 763 4401 4401 277 761 4402 4402 278 762 4403 4403 280 764 4404 4404 282 765 4405 4405 281 766 4406 4406 266 750 4407 4407 281 766 4408 4408 282 765 4409 4409 282 765 4410 4410 283 767 4411 4411 266 750 4412 4412 268 751 4413 4413 266 750 4414 4414 283 767 4415 4415 283 767 4416 4416 157 768 4417 4417 268 751 4418 4418 270 754 4419 4419 268 751 4420 4420 157 768 4421 4421 157 768 4422 4422 284 769 4423 4423 270 754 4424 4424 272 756 4425 4425 270 754 4426 4426 284 769 4427 4427 281 766 4428 4428 266 750 4429 4429 285 770 4430 4430 286 771 4431 4431 285 770 4432 4432 266 750 4433 4433 266 750 4434 4434 267 752 4435 4435 286 771 4436 4436 287 772 4437 4437 286 771 4438 4438 267 752 4439 4439 267 752 4440 4440 288 773 4441 4441 287 772 4442 4442 289 774 4443 4443 287 772 4444 4444 288 773 4445 4445 288 773 4446 4446 290 775 4447 4447 289 774 4448 4448 267 752 4449 4449 269 753 4450 4450 288 773 4451 4451 291 776 4452 4452 288 773 4453 4453 269 753 4454 4454 269 753 4455 4455 271 755 4456 4456 291 776 4457 4457 292 777 4458 4458 291 776 4459 4459 271 755 4460 4460 271 755 4461 4461 273 757 4462 4462 292 777 4463 4463 275 759 4464 4464 292 777 4465 4465 273 757 4466 4466 279 763 4467 4467 293 778 4468 4468 277 761 4469 4469 294 779 4470 4470 277 761 4471 4471 293 778 4472 4472 293 778 4473 4473 295 780 4474 4474 294 779 4475 4475 296 781 4476 4476 294 779 4477 4477 295 780 4478 4478 277 761 4479 4479 294 779 4480 4480 275 759 4481 4481 292 777 4482 4482 275 759 4483 4483 294 779 4484 4484 294 779 4485 4485 291 776 4486 4486 292 777 4487 4487 294 779 4488 4488 297 782 4489 4489 291 776 4490 4490 288 773 4491 4491 291 776 4492 4492 297 782 4493 4493 297 782 4494 4494 290 775 4495 4495 288 773 4496 4496 290 775 4497 4497 297 782 4498 4498 298 783 4499 4499 296 781 4500 4500 298 783 4501 4501 297 782 4502 4502 297 782 4503 4503 294 779 4504 4504 296 781 4505 4505 156 784 4506 4506 158 785 4507 4507 157 768 4508 4508 159 786 4509 4509 157 768 4510 4510 158 785 4511 4511 158 785 4512 4512 160 787 4513 4513 159 786 4514 4514 161 788 4515 4515 159 786 4516 4516 160 787 4517 4517 160 787 4518 4518 162 789 4519 4519 161 788 4520 4520 163 790 4521 4521 161 788 4522 4522 162 789 4523 4523 162 789 4524 4524 164 791 4525 4525 163 790 4526 4526 165 792 4527 4527 163 790 4528 4528 164 791 4529 4529 164 791 4530 4530 166 793 4531 4531 165 792 4532 4532 167 794 4533 4533 165 792 4534 4534 166 793 4535 4535 166 793 4536 4536 168 795 4537 4537 167 794 4538 4538 169 796 4539 4539 170 797 4540 4540 156 784 4541 4541 158 785 4542 4542 156 784 4543 4543 170 797 4544 4544 170 797 4545 4545 171 798 4546 4546 158 785 4547 4547 160 787 4548 4548 158 785 4549 4549 171 798 4550 4550 171 798 4551 4551 172 799 4552 4552 160 787 4553 4553 162 789 4554 4554 160 787 4555 4555 172 799 4556 4556 172 799 4557 4557 173 800 4558 4558 162 789 4559 4559 164 791 4560 4560 162 789 4561 4561 173 800 4562 4562 173 800 4563 4563 174 801 4564 4564 164 791 4565 4565 175 802 4566 4566 164 791 4567 4567 174 801 4568 4568 157 768 4569 4569 159 786 4570 4570 176 803 4571 4571 177 804 4572 4572 176 803 4573 4573 159 786 4574 4574 159 786 4575 4575 161 788 4576 4576 177 804 4577 4577 178 805 4578 4578 177 804 4579 4579 161 788 4580 4580 161 788 4581 4581 163 790 4582 4582 178 805 4583 4583 165 792 4584 4584 178 805 4585 4585 163 790 4586 4586 174 801 4587 4587 173 800 4588 4588 179 806 4589 4589 180 807 4590 4590 179 806 4591 4591 173 800 4592 4592 173 800 4593 4593 172 799 4594 4594 180 807 4595 4595 181 808 4596 4596 180 807 4597 4597 172 799 4598 4598 172 799 4599 4599 182 809 4600 4600 181 808 4601 4601 183 810 4602 4602 184 811 4603 4603 169 796 4604 4604 170 797 4605 4605 169 796 4606 4606 184 811 4607 4607 184 811 4608 4608 185 812 4609 4609 170 797 4610 4610 186 813 4611 4611 170 797 4612 4612 185 812 4613 4613 175 802 4614 4614 187 814 4615 4615 164 791 4616 4616 166 793 4617 4617 164 791 4618 4618 187 814 4619 4619 187 814 4620 4620 188 815 4621 4621 166 793 4622 4622 168 795 4623 4623 166 793 4624 4624 188 815 4625 4625 170 797 4626 4626 186 813 4627 4627 171 798 4628 4628 182 809 4629 4629 171 798 4630 4630 186 813 4631 4631 177 804 4632 4632 178 805 4633 4633 189 816 4634 4634 165 792 4635 4635 189 816 4636 4636 178 805 4637 4637 172 799 4638 4638 171 798 4639 4639 182 809 4640 4640 167 794 4641 4641 189 816 4642 4642 165 792 4643 4643</p>
        </triangles>
        <triangles material="EyeballL_V-material" count="344">
          <input semantic="VERTEX" source="#Mario_008-mesh-vertices" offset="0"/>
          <input semantic="NORMAL" source="#Mario_008-mesh-normals" offset="1"/>
          <input semantic="TEXCOORD" source="#Mario_008-mesh-map-0" offset="2" set="0"/>
          <input semantic="COLOR" source="#Mario_008-mesh-colors-v_color_0" offset="3" set="0"/>
          <p>190 156 894 894 192 157 895 895 191 158 896 896 193 159 897 897 191 158 898 898 192 157 899 899 192 157 900 900 194 160 901 901 193 159 902 902 195 161 903 903 193 159 904 904 194 160 905 905 194 160 906 906 196 162 907 907 195 161 908 908 197 163 909 909 195 161 910 910 196 162 911 911 196 162 912 912 198 164 913 913 197 163 914 914 199 165 915 915 197 163 916 916 198 164 917 917 198 164 918 918 200 166 919 919 199 165 920 920 201 167 921 921 199 165 922 922 200 166 923 923 200 166 924 924 202 168 925 925 201 167 926 926 203 169 927 927 201 167 928 928 202 168 929 929 202 168 930 930 204 170 931 931 203 169 932 932 205 171 933 933 203 169 934 934 204 170 935 935 204 170 936 936 206 172 937 937 205 171 938 938 191 158 939 939 205 171 940 940 206 172 941 941 207 173 942 942 209 174 943 943 208 175 944 944 210 176 945 945 208 175 946 946 209 174 947 947 209 174 948 948 211 177 949 949 210 176 950 950 212 178 951 951 210 176 952 952 211 177 953 953 211 177 954 954 213 179 955 955 212 178 956 956 214 180 957 957 212 178 958 958 213 179 959 959 213 179 960 960 215 181 961 961 214 180 962 962 216 182 963 963 214 180 964 964 215 181 965 965 215 181 966 966 217 183 967 967 216 182 968 968 218 184 969 969 216 182 970 970 217 183 971 971 217 183 972 972 219 185 973 973 218 184 974 974 220 186 975 975 218 184 976 976 219 185 977 977 221 187 978 978 223 188 979 979 222 189 980 980 224 190 981 981 222 189 982 982 223 188 983 983 223 188 984 984 225 191 985 985 224 190 986 986 226 192 987 987 224 190 988 988 225 191 989 989 225 191 990 990 227 193 991 991 226 192 992 992 228 194 993 993 226 192 994 994 227 193 995 995 227 193 996 996 229 195 997 997 228 194 998 998 230 196 999 999 228 194 1000 1000 229 195 1001 1001 229 195 1002 1002 231 197 1003 1003 230 196 1004 1004 232 198 1005 1005 230 196 1006 1006 231 197 1007 1007 231 197 1008 1008 233 199 1009 1009 232 198 1010 1010 234 200 1011 1011 232 198 1012 1012 233 199 1013 1013 235 201 1014 1014 236 202 1015 1015 207 173 1016 1016 209 174 1017 1017 207 173 1018 1018 236 202 1019 1019 236 202 1020 1020 237 203 1021 1021 209 174 1022 1022 238 204 1023 1023 209 174 1024 1024 237 203 1025 1025 237 203 1026 1026 239 205 1027 1027 238 204 1028 1028 211 177 1029 1029 238 204 1030 1030 239 205 1031 1031 239 205 1032 1032 240 206 1033 1033 211 177 1034 1034 241 207 1035 1035 211 177 1036 1036 240 206 1037 1037 240 206 1038 1038 242 208 1039 1039 241 207 1040 1040 219 185 1041 1041 241 207 1042 1042 242 208 1043 1043 196 162 1044 1044 243 209 1045 1045 198 164 1046 1046 244 210 1047 1047 198 164 1048 1048 243 209 1049 1049 243 209 1050 1050 245 211 1051 1051 244 210 1052 1052 233 199 1053 1053 244 210 1054 1054 245 211 1055 1055 245 211 1056 1056 246 212 1057 1057 233 199 1058 1058 247 213 1059 1059 233 199 1060 1060 246 212 1061 1061 246 212 1062 1062 248 214 1063 1063 247 213 1064 1064 192 157 1065 1065 247 213 1066 1066 248 214 1067 1067 248 214 1068 1068 194 160 1069 1069 192 157 1070 1070 230 196 1071 1071 249 215 1072 1072 228 194 1073 1073 250 216 1074 1074 228 194 1075 1075 249 215 1076 1076 249 215 1077 1077 251 217 1078 1078 250 216 1079 1079 226 192 1080 1080 250 216 1081 1081 251 217 1082 1082 251 217 1083 1083 252 218 1084 1084 226 192 1085 1085 222 189 1086 1086 226 192 1087 1087 252 218 1088 1088 252 218 1089 1089 253 219 1090 1090 222 189 1091 1091 221 187 1092 1092 222 189 1093 1093 253 219 1094 1094 253 219 1095 1095 235 201 1096 1096 221 187 1097 1097 210 176 1098 1098 212 178 1099 1099 208 175 1100 1100 254 220 1101 1101 208 175 1102 1102 212 178 1103 1103 212 178 1104 1104 214 180 1105 1105 254 220 1106 1106 255 221 1107 1107 254 220 1108 1108 214 180 1109 1109 214 180 1110 1110 216 182 1111 1111 255 221 1112 1112 220 186 1113 1113 255 221 1114 1114 216 182 1115 1115 216 182 1116 1116 218 184 1117 1117 220 186 1118 1118 201 167 1119 1119 203 169 1120 1120 199 165 1121 1121 256 222 1122 1122 199 165 1123 1123 203 169 1124 1124 203 169 1125 1125 205 171 1126 1126 256 222 1127 1127 195 161 1128 1128 256 222 1129 1129 205 171 1130 1130 205 171 1131 1131 257 223 1132 1132 195 161 1133 1133 193 159 1134 1134 195 161 1135 1135 257 223 1136 1136 257 223 1137 1137 191 158 1138 1138 193 159 1139 1139 249 215 1140 1140 258 224 1141 1141 251 217 1142 1142 259 225 1143 1143 251 217 1144 1144 258 224 1145 1145 258 224 1146 1146 235 201 1147 1147 259 225 1148 1148 260 226 1149 1149 259 225 1150 1150 235 201 1151 1151 235 201 1152 1152 253 219 1153 1153 260 226 1154 1154 252 218 1155 1155 260 226 1156 1156 253 219 1157 1157 236 202 1158 1158 235 201 1159 1159 237 203 1160 1160 261 227 1161 1161 237 203 1162 1162 235 201 1163 1163 235 201 1164 1164 262 228 1165 1165 261 227 1166 1166 239 205 1167 1167 261 227 1168 1168 262 228 1169 1169 262 228 1170 1170 242 208 1171 1171 239 205 1172 1172 240 206 1173 1173 239 205 1174 1174 242 208 1175 1175 227 193 1176 1176 225 191 1177 1177 229 195 1178 1178 263 229 1179 1179 229 195 1180 1180 225 191 1181 1181 225 191 1182 1182 223 188 1183 1183 263 229 1184 1184 264 230 1185 1185 263 229 1186 1186 223 188 1187 1187 229 195 1188 1188 263 229 1189 1189 231 197 1190 1190 265 231 1191 1191 231 197 1192 1192 263 229 1193 1193 263 229 1194 1194 264 230 1195 1195 265 231 1196 1196 233 199 1197 1197 265 231 1198 1198 264 230 1199 1199 219 185 1200 1200 217 183 1201 1201 241 207 1202 1202 213 179 1203 1203 241 207 1204 1204 217 183 1205 1205 217 183 1206 1206 215 181 1207 1207 213 179 1208 1208 232 198 1209 1209 234 200 1210 1210 230 196 1211 1211 249 215 1212 1212 230 196 1213 1213 234 200 1214 1214 251 217 1215 1215 259 225 1216 1216 252 218 1217 1217 260 226 1218 1218 252 218 1219 1219 259 225 1220 1220 256 222 1221 1221 195 161 1222 1222 199 165 1223 1223 197 163 1224 1224 199 165 1225 1225 195 161 1226 1226 233 199 1227 1227 247 213 1228 1228 190 156 1229 1229 192 157 1230 1230 190 156 1231 1231 247 213 1232 1232 246 212 1233 1233 245 211 1234 1234 248 214 1235 1235 243 209 1236 1236 248 214 1237 1237 245 211 1238 1238 248 214 1239 1239 243 209 1240 1240 194 160 1241 1241 196 162 1242 1242 194 160 1243 1243 243 209 1244 1244 191 158 1245 1245 257 223 1246 1246 205 171 1247 1247 250 216 1248 1248 226 192 1249 1249 228 194 1250 1250 226 192 1251 1251 222 189 1252 1252 224 190 1253 1253 254 220 1254 1254 255 221 1255 1255 220 186 1256 1256 206 172 1257 1257 204 170 1258 1258 202 168 1259 1259 265 231 1260 1260 233 199 1261 1261 231 197 1262 1262 213 179 1263 1263 211 177 1264 1264 241 207 1265 1265 261 227 1266 1266 239 205 1267 1267 237 203 1268 1268 238 204 1269 1269 211 177 1270 1270 209 174 1271 1271 852 851 5022 5022 856 852 5023 5023 851 853 5024 5024 851 853 5025 5025 854 854 5026 5026 852 851 5027 5027 853 855 5028 5028 851 853 5029 5029 856 852 5030 5030 851 853 5031 5031 853 855 5032 5032 855 856 5033 5033 851 853 5034 5034 855 856 5035 5035 854 854 5036 5036 857 857 5037 5037 856 852 5038 5038 858 858 5039 5039 856 852 5040 5040 857 857 5041 5041 853 855 5042 5042 859 859 5043 5043 858 858 5044 5044 856 852 5045 5045 856 852 5046 5046 852 851 5047 5047 859 859 5048 5048 858 858 5049 5049 859 859 5050 5050 862 860 5051 5051 860 861 5052 5052 859 859 5053 5053 852 851 5054 5054 859 859 5055 5055 860 861 5056 5056 861 862 5057 5057 861 862 5058 5058 862 860 5059 5059 859 859 5060 5060 858 858 5061 5061 862 860 5062 5062 865 863 5063 5063 863 864 5064 5064 865 863 5065 5065 862 860 5066 5066 862 860 5067 5067 864 865 5068 5068 863 864 5069 5069 862 860 5070 5070 861 862 5071 5071 864 865 5072 5072 865 863 5073 5073 863 864 5074 5074 866 866 5075 5075 866 866 5076 5076 857 857 5077 5077 865 863 5078 5078 858 858 5079 5079 865 863 5080 5080 857 857 5081 5081 867 867 5082 5082 866 866 5083 5083 863 864 5084 5084 857 857 5085 5085 866 866 5086 5086 871 868 5087 5087 868 869 5088 5088 869 870 5089 5089 866 866 5090 5090 870 871 5091 5091 866 866 5092 5092 869 870 5093 5093 872 872 5094 5094 866 866 5095 5095 870 871 5096 5096 872 872 5097 5097 871 868 5098 5098 866 866 5099 5099 872 872 5100 5100 875 873 5101 5101 873 874 5102 5102 873 874 5103 5103 871 868 5104 5104 872 872 5105 5105 875 873 5106 5106 872 872 5107 5107 874 875 5108 5108 870 871 5109 5109 874 875 5110 5110 872 872 5111 5111 875 873 5112 5112 874 875 5113 5113 876 876 5114 5114 876 876 5115 5115 877 877 5116 5116 875 873 5117 5117 875 873 5118 5118 877 877 5119 5119 878 878 5120 5120 878 878 5121 5121 873 874 5122 5122 875 873 5123 5123 873 874 5124 5124 878 878 5125 5125 879 879 5126 5126 880 880 5127 5127 879 879 5128 5128 878 878 5129 5129 880 880 5130 5130 878 878 5131 5131 877 877 5132 5132 880 880 5133 5133 877 877 5134 5134 884 881 5135 5135 881 882 5136 5136 882 883 5137 5137 880 880 5138 5138 881 882 5139 5139 880 880 5140 5140 883 884 5141 5141 879 879 5142 5142 880 880 5143 5143 882 883 5144 5144 884 881 5145 5145 883 884 5146 5146 880 880 5147 5147 884 881 5148 5148 877 877 5149 5149 885 885 5150 5150 885 885 5151 5151 883 884 5152 5152 884 881 5153 5153 876 876 5154 5154 885 885 5155 5155 877 877 5156 5156 886 886 5157 5157 885 885 5158 5158 887 887 5159 5159 885 885 5160 5160 886 886 5161 5161 883 884 5162 5162 888 888 5163 5163 887 887 5164 5164 885 885 5165 5165 885 885 5166 5166 876 876 5167 5167 888 888 5168 5168 889 889 5169 5169 888 888 5170 5170 876 876 5171 5171 891 890 5172 5172 888 888 5173 5173 889 889 5174 5174 888 888 5175 5175 890 891 5176 5176 887 887 5177 5177 890 891 5178 5178 888 888 5179 5179 892 892 5180 5180 891 890 5181 5181 892 892 5182 5182 888 888 5183 5183 892 892 5184 5184 893 893 5185 5185 890 891 5186 5186 892 892 5187 5187 891 890 5188 5188 893 893 5189 5189 897 894 5190 5190 890 891 5191 5191 893 893 5192 5192 895 895 5193 5193 894 896 5194 5194 893 893 5195 5195 896 897 5196 5196 893 893 5197 5197 894 896 5198 5198 898 898 5199 5199 893 893 5200 5200 891 890 5201 5201 893 893 5202 5202 898 898 5203 5203 895 895 5204 5204 893 893 5205 5205 896 897 5206 5206 897 894 5207 5207 900 899 5208 5208 898 898 5209 5209 868 869 5210 5210 869 870 5211 5211 868 869 5212 5212 898 898 5213 5213 899 900 5214 5214 895 895 5215 5215 898 898 5216 5216 898 898 5217 5217 900 899 5218 5218 899 900 5219 5219 898 898 5220 5220 891 890 5221 5221 869 870 5222 5222 900 899 5223 5223 867 867 5224 5224 901 901 5225 5225 901 901 5226 5226 899 900 5227 5227 900 899 5228 5228 863 864 5229 5229 901 901 5230 5230 867 867 5231 5231 902 902 5232 5232 903 903 5233 5233 901 901 5234 5234 901 901 5235 5235 864 865 5236 5236 902 902 5237 5237 899 900 5238 5238 901 901 5239 5239 903 903 5240 5240 901 901 5241 5241 863 864 5242 5242 864 865 5243 5243 903 903 5244 5244 902 902 5245 5245 904 904 5246 5246 904 904 5247 5247 905 905 5248 5248 903 903 5249 5249 899 900 5250 5250 903 903 5251 5251 905 905 5252 5252 905 905 5253 5253 906 906 5254 5254 899 900 5255 5255 905 905 5256 5256 907 907 5257 5257 906 906 5258 5258 907 907 5259 5259 905 905 5260 5260 908 908 5261 5261 904 904 5262 5262 908 908 5263 5263 905 905 5264 5264 908 908 5265 5265 904 904 5266 5266 909 909 5267 5267 909 909 5268 5268 910 910 5269 5269 908 908 5270 5270 911 911 5271 5271 908 908 5272 5272 910 910 5273 5273 907 907 5274 5274 908 908 5275 5275 911 911 5276 5276 911 911 5277 5277 913 912 5278 5278 907 907 5279 5279 911 911 5280 5280 910 910 5281 5281 912 913 5282 5282 911 911 5283 5283 912 913 5284 5284 913 912 5285 5285 914 914 5286 5286 907 907 5287 5287 913 912 5288 5288 914 914 5289 5289 913 912 5290 5290 916 915 5291 5291 915 916 5292 5292 916 915 5293 5293 913 912 5294 5294 915 916 5295 5295 913 912 5296 5296 912 913 5297 5297 916 915 5298 5298 917 917 5299 5299 918 918 5300 5300 917 917 5301 5301 916 915 5302 5302 915 916 5303 5303 918 918 5304 5304 919 919 5305 5305 916 915 5306 5306 916 915 5307 5307 919 919 5308 5308 920 920 5309 5309 916 915 5310 5310 920 920 5311 5311 914 914 5312 5312 921 921 5313 5313 920 920 5314 5314 919 919 5315 5315 921 921 5316 5316 923 922 5317 5317 920 920 5318 5318 922 923 5319 5319 920 920 5320 5320 923 922 5321 5321 920 920 5322 5322 922 923 5323 5323 914 914 5324 5324 923 922 5325 5325 921 921 5326 5326 924 924 5327 5327 924 924 5328 5328 894 896 5329 5329 923 922 5330 5330 922 923 5331 5331 923 922 5332 5332 894 896 5333 5333 925 925 5334 5334 924 924 5335 5335 921 921 5336 5336 924 924 5337 5337 925 925 5338 5338 927 926 5339 5339 894 896 5340 5340 924 924 5341 5341 896 897 5342 5342 924 924 5343 5343 927 926 5344 5344 926 927 5345 5345 926 927 5346 5346 896 897 5347 5347 924 924 5348 5348 883 884 5349 5349 927 926 5350 5350 925 925 5351 5351 927 926 5352 5352 883 884 5353 5353 886 886 5354 5354 886 886 5355 5355 926 927 5356 5356 927 926 5357 5357 897 894 5358 5358 926 927 5359 5359 928 928 5360 5360 929 929 5361 5361 928 928 5362 5362 926 927 5363 5363 926 927 5364 5364 930 930 5365 5365 929 929 5366 5366 926 927 5367 5367 886 886 5368 5368 930 930 5369 5369 926 927 5370 5370 897 894 5371 5371 896 897 5372 5372 890 891 5373 5373 929 929 5374 5374 930 930 5375 5375 930 930 5376 5376 887 887 5377 5377 890 891 5378 5378 887 887 5379 5379 930 930 5380 5380 886 886 5381 5381 928 928 5382 5382 929 929 5383 5383 897 894 5384 5384 890 891 5385 5385 897 894 5386 5386 929 929 5387 5387 925 925 5388 5388 921 921 5389 5389 881 882 5390 5390 881 882 5391 5391 883 884 5392 5392 925 925 5393 5393 894 896 5394 5394 931 931 5395 5395 922 923 5396 5396 907 907 5397 5397 922 923 5398 5398 931 931 5399 5399 907 907 5400 5400 914 914 5401 5401 922 923 5402 5402 931 931 5403 5403 899 900 5404 5404 906 906 5405 5405 899 900 5406 5406 931 931 5407 5407 895 895 5408 5408 931 931 5409 5409 906 906 5410 5410 907 907 5411 5411 894 896 5412 5412 895 895 5413 5413 931 931 5414 5414 919 919 5415 5415 881 882 5416 5416 921 921 5417 5417 919 919 5418 5418 918 918 5419 5419 881 882 5420 5420 933 932 5421 5421 918 918 5422 5422 917 917 5423 5423 882 883 5424 5424 881 882 5425 5425 918 918 5426 5426 918 918 5427 5427 932 933 5428 5428 882 883 5429 5429 918 918 5430 5430 933 932 5431 5431 932 933 5432 5432 934 934 5433 5433 933 932 5434 5434 935 935 5435 5435 934 934 5436 5436 932 933 5437 5437 933 932 5438 5438 917 917 5439 5439 935 935 5440 5440 933 932 5441 5441 935 935 5442 5442 936 936 5443 5443 934 934 5444 5444 935 935 5445 5445 937 937 5446 5446 936 936 5447 5447 937 937 5448 5448 935 935 5449 5449 917 917 5450 5450 940 938 5451 5451 936 936 5452 5452 937 937 5453 5453 937 937 5454 5454 917 917 5455 5455 912 913 5456 5456 939 939 5457 5457 937 937 5458 5458 938 940 5459 5459 912 913 5460 5460 938 940 5461 5461 937 937 5462 5462 937 937 5463 5463 939 939 5464 5464 940 938 5465 5465 940 938 5466 5466 854 854 5467 5467 855 856 5468 5468 854 854 5469 5469 940 938 5470 5470 939 939 5471 5471 855 856 5472 5472 941 941 5473 5473 940 938 5474 5474 936 936 5475 5475 940 938 5476 5476 941 941 5477 5477 855 856 5478 5478 942 942 5479 5479 941 941 5480 5480 934 934 5481 5481 941 941 5482 5482 942 942 5483 5483 941 941 5484 5484 934 934 5485 5485 936 936 5486 5486 934 934 5487 5487 942 942 5488 5488 943 943 5489 5489 942 942 5490 5490 855 856 5491 5491 944 944 5492 5492 944 944 5493 5493 943 943 5494 5494 942 942 5495 5495 944 944 5496 5496 855 856 5497 5497 853 855 5498 5498 853 855 5499 5499 945 945 5500 5500 944 944 5501 5501 873 874 5502 5502 944 944 5503 5503 945 945 5504 5504 873 874 5505 5505 879 879 5506 5506 944 944 5507 5507 943 943 5508 5508 944 944 5509 5509 879 879 5510 5510 853 855 5511 5511 871 868 5512 5512 945 945 5513 5513 873 874 5514 5514 945 945 5515 5515 871 868 5516 5516 943 943 5517 5517 946 946 5518 5518 934 934 5519 5519 943 943 5520 5520 879 879 5521 5521 946 946 5522 5522 946 946 5523 5523 882 883 5524 5524 932 933 5525 5525 932 933 5526 5526 934 934 5527 5527 946 946 5528 5528 882 883 5529 5529 946 946 5530 5530 879 879 5531 5531 939 939 5532 5532 938 940 5533 5533 949 947 5534 5534 939 939 5535 5535 948 948 5536 5536 854 854 5537 5537 949 947 5538 5538 947 949 5539 5539 939 939 5540 5540 948 948 5541 5541 939 939 5542 5542 947 949 5543 5543 910 910 5544 5544 909 909 5545 5545 949 947 5546 5546 950 950 5547 5547 949 947 5548 5548 909 909 5549 5549 910 910 5550 5550 949 947 5551 5551 938 940 5552 5552 949 947 5553 5553 950 950 5554 5554 947 949 5555 5555 952 951 5556 5556 950 950 5557 5557 951 952 5558 5558 904 904 5559 5559 951 952 5560 5560 950 950 5561 5561 950 950 5562 5562 909 909 5563 5563 904 904 5564 5564 950 950 5565 5565 952 951 5566 5566 953 953 5567 5567 953 953 5568 5568 947 949 5569 5569 950 950 5570 5570 947 949 5571 5571 953 953 5572 5572 948 948 5573 5573 954 954 5574 5574 953 953 5575 5575 952 951 5576 5576 954 954 5577 5577 948 948 5578 5578 953 953 5579 5579 948 948 5580 5580 954 954 5581 5581 860 861 5582 5582 956 955 5583 5583 860 861 5584 5584 954 954 5585 5585 952 951 5586 5586 955 956 5587 5587 954 954 5588 5588 956 955 5589 5589 954 954 5590 5590 955 956 5591 5591 955 956 5592 5592 957 957 5593 5593 956 955 5594 5594 861 862 5595 5595 956 955 5596 5596 957 957 5597 5597 956 955 5598 5598 861 862 5599 5599 860 861 5600 5600 861 862 5601 5601 957 957 5602 5602 958 958 5603 5603 864 865 5604 5604 958 958 5605 5605 957 957 5606 5606 864 865 5607 5607 957 957 5608 5608 959 959 5609 5609 957 957 5610 5610 955 956 5611 5611 959 959 5612 5612 959 959 5613 5613 902 902 5614 5614 864 865 5615 5615 959 959 5616 5616 960 960 5617 5617 902 902 5618 5618 959 959 5619 5619 952 951 5620 5620 960 960 5621 5621 952 951 5622 5622 959 959 5623 5623 955 956 5624 5624 961 961 5625 5625 902 902 5626 5626 960 960 5627 5627 961 961 5628 5628 960 960 5629 5629 952 951 5630 5630 952 951 5631 5631 951 952 5632 5632 961 961 5633 5633 902 902 5634 5634 961 961 5635 5635 951 952 5636 5636 958 958 5637 5637 864 865 5638 5638 861 862 5639 5639 951 952 5640 5640 904 904 5641 5641 902 902 5642 5642 962 962 5643 5643 854 854 5644 5644 948 948 5645 5645 948 948 5646 5646 860 861 5647 5647 962 962 5648 5648 852 851 5649 5649 962 962 5650 5650 860 861 5651 5651 962 962 5652 5652 852 851 5653 5653 854 854 5654 5654 938 940 5655 5655 912 913 5656 5656 910 910 5657 5657 915 916 5658 5658 912 913 5659 5659 917 917 5660 5660 889 889 5661 5661 869 870 5662 5662 891 890 5663 5663 874 875 5664 5664 870 871 5665 5665 889 889 5666 5666 889 889 5667 5667 876 876 5668 5668 874 875 5669 5669 869 870 5670 5670 889 889 5671 5671 870 871 5672 5672 871 868 5673 5673 853 855 5674 5674 857 857 5675 5675</p>
        </triangles>
        <triangles material="EyeballR_v-material" count="548">
          <input semantic="VERTEX" source="#Mario_008-mesh-vertices" offset="0"/>
          <input semantic="NORMAL" source="#Mario_008-mesh-normals" offset="1"/>
          <input semantic="TEXCOORD" source="#Mario_008-mesh-map-0" offset="2" set="0"/>
          <input semantic="COLOR" source="#Mario_008-mesh-colors-v_color_0" offset="3" set="0"/>
          <p>711 610 3408 3408 713 612 3409 3409 656 589 3410 3410 299 232 3411 3411 656 589 3412 3412 713 612 3413 3413 713 612 3414 3414 714 613 3415 3415 299 232 3416 3416 715 614 3417 3417 299 232 3418 3418 714 613 3419 3419 714 613 3420 3420 716 615 3421 3421 715 614 3422 3422 717 616 3423 3423 715 614 3424 3424 716 615 3425 3425 716 615 3426 3426 718 617 3427 3427 717 616 3428 3428 719 618 3429 3429 717 616 3430 3430 718 617 3431 3431 718 617 3432 3432 720 619 3433 3433 719 618 3434 3434 721 620 3435 3435 719 618 3436 3436 720 619 3437 3437 720 619 3438 3438 722 621 3439 3439 721 620 3440 3440 723 622 3441 3441 721 620 3442 3442 722 621 3443 3443 722 621 3444 3444 724 623 3445 3445 723 622 3446 3446 725 624 3447 3447 723 622 3448 3448 724 623 3449 3449 724 623 3450 3450 726 625 3451 3451 725 624 3452 3452 727 626 3453 3453 725 624 3454 3454 726 625 3455 3455 726 625 3456 3456 728 627 3457 3457 727 626 3458 3458 729 628 3459 3459 727 626 3460 3460 728 627 3461 3461 728 627 3462 3462 730 629 3463 3463 729 628 3464 3464 627 560 3465 3465 729 628 3466 3466 730 629 3467 3467 730 629 3468 3468 643 576 3469 3469 627 560 3470 3470 532 465 3471 3471 731 630 3472 3472 531 464 3473 3473 732 631 3474 3474 531 464 3475 3475 731 630 3476 3476 731 630 3477 3477 733 632 3478 3478 732 631 3479 3479 734 633 3480 3480 732 631 3481 3481 733 632 3482 3482 733 632 3483 3483 735 634 3484 3484 734 633 3485 3485 736 635 3486 3486 734 633 3487 3487 735 634 3488 3488 735 634 3489 3489 737 636 3490 3490 736 635 3491 3491 738 637 3492 3492 736 635 3493 3493 737 636 3494 3494 737 636 3495 3495 739 638 3496 3496 738 637 3497 3497 740 639 3498 3498 738 637 3499 3499 739 638 3500 3500 739 638 3501 3501 741 640 3502 3502 740 639 3503 3503 742 641 3504 3504 740 639 3505 3505 741 640 3506 3506 741 640 3507 3507 743 642 3508 3508 742 641 3509 3509 744 643 3510 3510 742 641 3511 3511 743 642 3512 3512 743 642 3513 3513 745 644 3514 3514 744 643 3515 3515 746 645 3516 3516 744 643 3517 3517 745 644 3518 3518 745 644 3519 3519 747 646 3520 3520 746 645 3521 3521 748 647 3522 3522 746 645 3523 3523 747 646 3524 3524 747 646 3525 3525 749 648 3526 3526 748 647 3527 3527 486 419 3528 3528 748 647 3529 3529 749 648 3530 3530 749 648 3531 3531 487 420 3532 3532 486 419 3533 3533 593 526 3534 3534 751 649 3535 3535 750 650 3536 3536 752 651 3537 3537 750 650 3538 3538 751 649 3539 3539 751 649 3540 3540 753 652 3541 3541 752 651 3542 3542 754 653 3543 3543 752 651 3544 3544 753 652 3545 3545 753 652 3546 3546 755 654 3547 3547 754 653 3548 3548 756 655 3549 3549 754 653 3550 3550 755 654 3551 3551 755 654 3552 3552 757 656 3553 3553 756 655 3554 3554 758 657 3555 3555 756 655 3556 3556 757 656 3557 3557 757 656 3558 3558 759 658 3559 3559 758 657 3560 3560 760 659 3561 3561 758 657 3562 3562 759 658 3563 3563 759 658 3564 3564 761 660 3565 3565 760 659 3566 3566 762 661 3567 3567 760 659 3568 3568 761 660 3569 3569 761 660 3570 3570 763 662 3571 3571 762 661 3572 3572 764 663 3573 3573 762 661 3574 3574 763 662 3575 3575 763 662 3576 3576 765 664 3577 3577 764 663 3578 3578 766 665 3579 3579 764 663 3580 3580 765 664 3581 3581 765 664 3582 3582 767 666 3583 3583 766 665 3584 3584 532 465 3585 3585 768 667 3586 3586 731 630 3587 3587 769 668 3588 3588 731 630 3589 3589 768 667 3590 3590 768 667 3591 3591 770 669 3592 3592 769 668 3593 3593 771 670 3594 3594 769 668 3595 3595 770 669 3596 3596 770 669 3597 3597 772 671 3598 3598 771 670 3599 3599 773 672 3600 3600 771 670 3601 3601 772 671 3602 3602 772 671 3603 3603 774 673 3604 3604 773 672 3605 3605 775 674 3606 3606 773 672 3607 3607 774 673 3608 3608 774 673 3609 3609 776 675 3610 3610 775 674 3611 3611 777 676 3612 3612 775 674 3613 3613 776 675 3614 3614 776 675 3615 3615 778 677 3616 3616 777 676 3617 3617 779 678 3618 3618 777 676 3619 3619 778 677 3620 3620 778 677 3621 3621 780 679 3622 3622 779 678 3623 3623 781 680 3624 3624 779 678 3625 3625 780 679 3626 3626 780 679 3627 3627 645 578 3628 3628 781 680 3629 3629 487 420 3630 3630 781 680 3631 3631 645 578 3632 3632 645 578 3633 3633 780 679 3634 3634 593 526 3635 3635 751 649 3636 3636 593 526 3637 3637 780 679 3638 3638 780 679 3639 3639 778 677 3640 3640 751 649 3641 3641 753 652 3642 3642 751 649 3643 3643 778 677 3644 3644 778 677 3645 3645 776 675 3646 3646 753 652 3647 3647 755 654 3648 3648 753 652 3649 3649 776 675 3650 3650 776 675 3651 3651 774 673 3652 3652 755 654 3653 3653 757 656 3654 3654 755 654 3655 3655 774 673 3656 3656 774 673 3657 3657 772 671 3658 3658 757 656 3659 3659 782 681 3660 3660 757 656 3661 3661 772 671 3662 3662 772 671 3663 3663 770 669 3664 3664 782 681 3665 3665 783 682 3666 3666 782 681 3667 3667 770 669 3668 3668 770 669 3669 3669 768 667 3670 3670 783 682 3671 3671 784 683 3672 3672 783 682 3673 3673 768 667 3674 3674 768 667 3675 3675 532 465 3676 3676 784 683 3677 3677 785 684 3678 3678 784 683 3679 3679 532 465 3680 3680 729 628 3681 3681 786 685 3682 3682 727 626 3683 3683 787 686 3684 3684 727 626 3685 3685 786 685 3686 3686 786 685 3687 3687 788 687 3688 3688 787 686 3689 3689 789 688 3690 3690 787 686 3691 3691 788 687 3692 3692 788 687 3693 3693 790 689 3694 3694 789 688 3695 3695 791 690 3696 3696 789 688 3697 3697 790 689 3698 3698 790 689 3699 3699 792 691 3700 3700 791 690 3701 3701 793 692 3702 3702 791 690 3703 3703 792 691 3704 3704 792 691 3705 3705 794 693 3706 3706 793 692 3707 3707 795 694 3708 3708 793 692 3709 3709 794 693 3710 3710 794 693 3711 3711 796 695 3712 3712 795 694 3713 3713 797 696 3714 3714 795 694 3715 3715 796 695 3716 3716 796 695 3717 3717 389 322 3718 3718 797 696 3719 3719 647 580 3720 3720 797 696 3721 3721 389 322 3722 3722 726 625 3723 3723 724 623 3724 3724 798 697 3725 3725 799 698 3726 3726 798 697 3727 3727 724 623 3728 3728 724 623 3729 3729 800 699 3730 3730 799 698 3731 3731 801 700 3732 3732 799 698 3733 3733 800 699 3734 3734 800 699 3735 3735 802 701 3736 3736 801 700 3737 3737 803 702 3738 3738 801 700 3739 3739 802 701 3740 3740 802 701 3741 3741 804 703 3742 3742 803 702 3743 3743 805 704 3744 3744 803 702 3745 3745 804 703 3746 3746 804 703 3747 3747 806 705 3748 3748 805 704 3749 3749 713 612 3750 3750 805 704 3751 3751 806 705 3752 3752 806 705 3753 3753 714 613 3754 3754 713 612 3755 3755 779 678 3756 3756 807 706 3757 3757 777 676 3758 3758 808 707 3759 3759 777 676 3760 3760 807 706 3761 3761 807 706 3762 3762 809 708 3763 3763 808 707 3764 3764 810 709 3765 3765 808 707 3766 3766 809 708 3767 3767 809 708 3768 3768 811 710 3769 3769 810 709 3770 3770 812 711 3771 3771 810 709 3772 3772 811 710 3773 3773 811 710 3774 3774 813 712 3775 3775 812 711 3776 3776 814 713 3777 3777 812 711 3778 3778 813 712 3779 3779 813 712 3780 3780 737 636 3781 3781 814 713 3782 3782 735 634 3783 3783 814 713 3784 3784 737 636 3785 3785 815 714 3786 3786 816 715 3787 3787 767 666 3788 3788 766 665 3789 3789 767 666 3790 3790 816 715 3791 3791 816 715 3792 3792 817 716 3793 3793 766 665 3794 3794 818 717 3795 3795 766 665 3796 3796 817 716 3797 3797 817 716 3798 3798 819 718 3799 3799 818 717 3800 3800 820 719 3801 3801 818 717 3802 3802 819 718 3803 3803 819 718 3804 3804 821 720 3805 3805 820 719 3806 3806 762 661 3807 3807 820 719 3808 3808 821 720 3809 3809 821 720 3810 3810 822 721 3811 3811 762 661 3812 3812 823 722 3813 3813 762 661 3814 3814 822 721 3815 3815 487 420 3816 3816 749 648 3817 3817 781 680 3818 3818 824 723 3819 3819 781 680 3820 3820 749 648 3821 3821 749 648 3822 3822 747 646 3823 3823 824 723 3824 3824 807 706 3825 3825 824 723 3826 3826 747 646 3827 3827 747 646 3828 3828 825 724 3829 3829 807 706 3830 3830 809 708 3831 3831 807 706 3832 3832 825 724 3833 3833 825 724 3834 3834 826 725 3835 3835 809 708 3836 3836 827 726 3837 3837 809 708 3838 3838 826 725 3839 3839 826 725 3840 3840 743 642 3841 3841 827 726 3842 3842 741 640 3843 3843 827 726 3844 3844 743 642 3845 3845 299 232 3846 3846 715 614 3847 3847 652 585 3848 3848 828 727 3849 3849 652 585 3850 3850 715 614 3851 3851 715 614 3852 3852 717 616 3853 3853 828 727 3854 3854 829 728 3855 3855 828 727 3856 3856 717 616 3857 3857 717 616 3858 3858 719 618 3859 3859 829 728 3860 3860 795 694 3861 3861 829 728 3862 3862 719 618 3863 3863 719 618 3864 3864 830 729 3865 3865 795 694 3866 3866 831 730 3867 3867 795 694 3868 3868 830 729 3869 3869 830 729 3870 3870 721 620 3871 3871 831 730 3872 3872 532 465 3873 3873 832 731 3874 3874 785 684 3875 3875 767 666 3876 3876 785 684 3877 3877 832 731 3878 3878 832 731 3879 3879 833 732 3880 3880 767 666 3881 3881 815 714 3882 3882 767 666 3883 3883 833 732 3884 3884 833 732 3885 3885 834 733 3886 3886 815 714 3887 3887 798 697 3888 3888 815 714 3889 3889 834 733 3890 3890 834 733 3891 3891 728 627 3892 3892 798 697 3893 3893 726 625 3894 3894 798 697 3895 3895 728 627 3896 3896 786 685 3897 3897 377 310 3898 3898 788 687 3899 3899 790 689 3900 3900 788 687 3901 3901 377 310 3902 3902 377 310 3903 3903 379 312 3904 3904 790 689 3905 3905 792 691 3906 3906 790 689 3907 3907 379 312 3908 3908 379 312 3909 3909 381 314 3910 3910 792 691 3911 3911 794 693 3912 3912 792 691 3913 3913 381 314 3914 3914 381 314 3915 3915 383 316 3916 3916 794 693 3917 3917 385 318 3918 3918 794 693 3919 3919 383 316 3920 3920 727 626 3921 3921 787 686 3922 3922 725 624 3923 3923 835 734 3924 3924 725 624 3925 3925 787 686 3926 3926 787 686 3927 3927 789 688 3928 3928 835 734 3929 3929 836 735 3930 3930 835 734 3931 3931 789 688 3932 3932 789 688 3933 3933 791 690 3934 3934 836 735 3935 3935 831 730 3936 3936 836 735 3937 3937 791 690 3938 3938 791 690 3939 3939 793 692 3940 3940 831 730 3941 3941 795 694 3942 3942 831 730 3943 3943 793 692 3944 3944 757 656 3945 3945 782 681 3946 3946 759 658 3947 3947 761 660 3948 3948 759 658 3949 3949 782 681 3950 3950 782 681 3951 3951 783 682 3952 3952 761 660 3953 3953 763 662 3954 3954 761 660 3955 3955 783 682 3956 3956 783 682 3957 3957 837 736 3958 3958 763 662 3959 3959 765 664 3960 3960 763 662 3961 3961 837 736 3962 3962 837 736 3963 3963 784 683 3964 3964 765 664 3965 3965 785 684 3966 3966 765 664 3967 3967 784 683 3968 3968 838 737 3969 3969 839 738 3970 3970 710 609 3971 3971 703 602 3972 3972 710 609 3973 3973 839 738 3974 3974 839 738 3975 3975 840 739 3976 3976 703 602 3977 3977 841 740 3978 3978 703 602 3979 3979 840 739 3980 3980 840 739 3981 3981 823 722 3982 3982 841 740 3983 3983 842 741 3984 3984 841 740 3985 3985 823 722 3986 3986 823 722 3987 3987 822 721 3988 3988 842 741 3989 3989 821 720 3990 3990 842 741 3991 3991 822 721 3992 3992 705 603 3993 3993 842 741 3994 3994 706 605 3995 3995 707 606 3996 3996 706 605 3997 3997 842 741 3998 3998 842 741 3999 3999 843 742 4000 4000 707 606 4001 4001 712 611 4002 4002 707 606 4003 4003 843 742 4004 4004 843 742 4005 4005 844 743 4006 4006 712 611 4007 4007 845 744 4008 4008 712 611 4009 4009 844 743 4010 4010 844 743 4011 4011 819 718 4012 4012 845 744 4013 4013 846 745 4014 4014 845 744 4015 4015 819 718 4016 4016 529 462 4017 4017 734 633 4018 4018 528 461 4019 4019 595 528 4020 4020 528 461 4021 4021 734 633 4022 4022 734 633 4023 4023 736 635 4024 4024 595 528 4025 4025 596 529 4026 4026 595 528 4027 4027 736 635 4028 4028 736 635 4029 4029 738 637 4030 4030 596 529 4031 4031 579 512 4032 4032 596 529 4033 4033 738 637 4034 4034 738 637 4035 4035 577 510 4036 4036 579 512 4037 4037 798 697 4038 4038 799 698 4039 4039 815 714 4040 4040 816 715 4041 4041 815 714 4042 4042 799 698 4043 4043 799 698 4044 4044 801 700 4045 4045 816 715 4046 4046 817 716 4047 4047 816 715 4048 4048 801 700 4049 4049 801 700 4050 4050 803 702 4051 4051 817 716 4052 4052 846 745 4053 4053 817 716 4054 4054 803 702 4055 4055 803 702 4056 4056 805 704 4057 4057 846 745 4058 4058 810 709 4059 4059 812 711 4060 4060 775 674 4061 4061 773 672 4062 4062 775 674 4063 4063 812 711 4064 4064 812 711 4065 4065 847 746 4066 4066 773 672 4067 4067 771 670 4068 4068 773 672 4069 4069 847 746 4070 4070 847 746 4071 4071 733 632 4072 4072 771 670 4073 4073 769 668 4074 4074 771 670 4075 4075 733 632 4076 4076 733 632 4077 4077 731 630 4078 4078 769 668 4079 4079 806 705 4080 4080 804 703 4081 4081 714 613 4082 4082 716 615 4083 4083 714 613 4084 4084 804 703 4085 4085 804 703 4086 4086 802 701 4087 4087 716 615 4088 4088 718 617 4089 4089 716 615 4090 4090 802 701 4091 4091 802 701 4092 4092 800 699 4093 4093 718 617 4094 4094 720 619 4095 4095 718 617 4096 4096 800 699 4097 4097 532 465 4098 4098 637 570 4099 4099 832 731 4100 4100 848 747 4101 4101 832 731 4102 4102 637 570 4103 4103 637 570 4104 4104 638 571 4105 4105 848 747 4106 4106 730 629 4107 4107 848 747 4108 4108 638 571 4109 4109 638 571 4110 4110 643 576 4111 4111 730 629 4112 4112 728 627 4113 4113 834 733 4114 4114 730 629 4115 4115 848 747 4116 4116 730 629 4117 4117 834 733 4118 4118 834 733 4119 4119 833 732 4120 4120 848 747 4121 4121 832 731 4122 4122 848 747 4123 4123 833 732 4124 4124 795 694 4125 4125 797 696 4126 4126 829 728 4127 4127 828 727 4128 4128 829 728 4129 4129 797 696 4130 4130 797 696 4131 4131 647 580 4132 4132 828 727 4133 4133 652 585 4134 4134 828 727 4135 4135 647 580 4136 4136 725 624 4137 4137 835 734 4138 4138 723 622 4139 4139 721 620 4140 4140 723 622 4141 4141 835 734 4142 4142 835 734 4143 4143 836 735 4144 4144 721 620 4145 4145 831 730 4146 4146 721 620 4147 4147 836 735 4148 4148 627 560 4149 4149 628 561 4150 4150 729 628 4151 4151 786 685 4152 4152 729 628 4153 4153 628 561 4154 4154 628 561 4155 4155 375 309 4156 4156 786 685 4157 4157 377 310 4158 4158 786 685 4159 4159 375 309 4160 4160 737 636 4161 4161 813 712 4162 4162 739 638 4163 4163 849 748 4164 4164 739 638 4165 4165 813 712 4166 4166 813 712 4167 4167 811 710 4168 4168 849 748 4169 4169 809 708 4170 4170 849 748 4171 4171 811 710 4172 4172 750 650 4173 4173 754 653 4174 4174 838 737 4175 4175 839 738 4176 4176 838 737 4177 4177 754 653 4178 4178 754 653 4179 4179 756 655 4180 4180 839 738 4181 4181 758 657 4182 4182 839 738 4183 4183 756 655 4184 4184 846 745 4185 4185 805 704 4186 4186 845 744 4187 4187 850 749 4188 4188 845 744 4189 4189 805 704 4190 4190 805 704 4191 4191 713 612 4192 4192 850 749 4193 4193 711 610 4194 4194 850 749 4195 4195 713 612 4196 4196 743 642 4197 4197 826 725 4198 4198 745 644 4199 4199 747 646 4200 4200 745 644 4201 4201 826 725 4202 4202 826 725 4203 4203 825 724 4204 4204 747 646 4205 4205 762 661 4206 4206 764 663 4207 4207 820 719 4208 4208 818 717 4209 4209 820 719 4210 4210 764 663 4211 4211 764 663 4212 4212 766 665 4213 4213 818 717 4214 4214 733 632 4215 4215 847 746 4216 4216 735 634 4217 4217 814 713 4218 4218 735 634 4219 4219 847 746 4220 4220 847 746 4221 4221 812 711 4222 4222 814 713 4223 4223 480 412 4224 4224 478 411 4225 4225 746 645 4226 4226 744 643 4227 4227 746 645 4228 4228 478 411 4229 4229 478 411 4230 4230 576 509 4231 4231 744 643 4232 4232 750 650 4233 4233 838 737 4234 4234 708 607 4235 4235 709 608 4236 4236 708 607 4237 4237 838 737 4238 4238 838 737 4239 4239 710 609 4240 4240 709 608 4241 4241 809 708 4242 4242 827 726 4243 4243 849 748 4244 4244 741 640 4245 4245 849 748 4246 4246 827 726 4247 4247 777 676 4248 4248 808 707 4249 4249 775 674 4250 4250 810 709 4251 4251 775 674 4252 4252 808 707 4253 4253 577 510 4254 4254 742 641 4255 4255 576 509 4256 4256 744 643 4257 4257 576 509 4258 4258 742 641 4259 4259 724 623 4260 4260 722 621 4261 4261 800 699 4262 4262 720 619 4263 4263 800 699 4264 4264 722 621 4265 4265 486 419 4266 4266 484 417 4267 4267 748 647 4268 4268 482 415 4269 4269 748 647 4270 4270 484 417 4271 4271 748 647 4272 4272 482 415 4273 4273 746 645 4274 4274 480 412 4275 4275 746 645 4276 4276 482 415 4277 4277 794 693 4278 4278 385 318 4279 4279 796 695 4280 4280 387 320 4281 4281 796 695 4282 4282 385 318 4283 4283 531 464 4284 4284 732 631 4285 4285 529 462 4286 4286 734 633 4287 4287 529 462 4288 4288 732 631 4289 4289 762 661 4290 4290 823 722 4291 4291 760 659 4292 4292 758 657 4293 4293 760 659 4294 4294 823 722 4295 4295 781 680 4296 4296 824 723 4297 4297 779 678 4298 4298 807 706 4299 4299 779 678 4300 4300 824 723 4301 4301 839 738 4302 4302 758 657 4303 4303 840 739 4304 4304 823 722 4305 4305 840 739 4306 4306 758 657 4307 4307 703 602 4308 4308 841 740 4309 4309 705 603 4310 4310 842 741 4311 4311 705 603 4312 4312 841 740 4313 4313 708 607 4314 4314 658 591 4315 4315 750 650 4316 4316 593 526 4317 4317 750 650 4318 4318 658 591 4319 4319 738 637 4320 4320 740 639 4321 4321 577 510 4322 4322 742 641 4323 4323 577 510 4324 4324 740 639 4325 4325 711 610 4326 4326 700 599 4327 4327 850 749 4328 4328 701 600 4329 4329 850 749 4330 4330 700 599 4331 4331 850 749 4332 4332 701 600 4333 4333 845 744 4334 4334 712 611 4335 4335 845 744 4336 4336 701 600 4337 4337 819 718 4338 4338 844 743 4339 4339 821 720 4340 4340 843 742 4341 4341 821 720 4342 4342 844 743 4343 4343 785 684 4344 4344 767 666 4345 4345 765 664 4346 4346 754 653 4347 4347 750 650 4348 4348 752 651 4349 4349 837 736 4350 4350 783 682 4351 4351 784 683 4352 4352 719 618 4353 4353 721 620 4354 4354 830 729 4355 4355 741 640 4356 4356 739 638 4357 4357 849 748 4358 4358 387 320 4359 4359 389 322 4360 4360 796 695 4361 4361 846 745 4362 4362 819 718 4363 4363 817 716 4364 4364 842 741 4365 4365 821 720 4366 4366 843 742 4367 4367 968 964 6177 6177 1090 1089 6178 6178 1088 1087 6179 6179 1088 1087 6180 6180 1089 1090 6181 6181 1086 1086 6182 6182 1089 1090 6183 6183 1088 1087 6184 6184 1090 1089 6185 6185 1090 1089 6186 6186 1091 1091 6187 6187 1089 1090 6188 6188 1091 1091 6189 6189 1090 1089 6190 6190 1092 1092 6191 6191 968 964 6192 6192 1092 1092 6193 6193 1090 1089 6194 6194 1092 1092 6195 6195 964 963 6196 6196 1093 1093 6197 6197 1093 1093 6198 6198 1094 1094 6199 6199 1092 1092 6200 6200 1092 1092 6201 6201 968 964 6202 6202 964 963 6203 6203 1091 1091 6204 6204 1092 1092 6205 6205 1094 1094 6206 6206 1095 1095 6207 6207 1094 1094 6208 6208 1096 1096 6209 6209 1094 1094 6210 6210 1095 1095 6211 6211 1091 1091 6212 6212 1097 1097 6213 6213 1096 1096 6214 6214 1094 1094 6215 6215 1094 1094 6216 6216 1093 1093 6217 6217 1097 1097 6218 6218 1096 1096 6219 6219 1097 1097 6220 6220 1098 1098 6221 6221 1099 1099 6222 6222 1098 1098 6223 6223 1097 1097 6224 6224 1097 1097 6225 6225 1100 1100 6226 6226 1099 1099 6227 6227 1100 1100 6228 6228 1097 1097 6229 6229 1093 1093 6230 6230 1101 1101 6231 6231 1099 1099 6232 6232 1100 1100 6233 6233 1100 1100 6234 6234 1102 1102 6235 6235 1101 1101 6236 6236 1100 1100 6237 6237 1104 1103 6238 6238 1102 1102 6239 6239 1093 1093 6240 6240 1103 1104 6241 6241 1100 1100 6242 6242 1104 1103 6243 6243 1100 1100 6244 6244 1103 1104 6245 6245 1103 1104 6246 6246 1106 1105 6247 6247 1104 1103 6248 6248 1104 1103 6249 6249 1107 1106 6250 6250 1105 1107 6251 6251 1105 1107 6252 6252 1102 1102 6253 6253 1104 1103 6254 6254 1107 1106 6255 6255 1104 1103 6256 6256 1106 1105 6257 6257 1106 1105 6258 6258 1108 1108 6259 6259 1107 1106 6260 6260 1110 1109 6261 6261 1107 1106 6262 6262 1108 1108 6263 6263 1109 1110 6264 6264 1105 1107 6265 6265 1107 1106 6266 6266 1107 1106 6267 6267 1110 1109 6268 6268 1109 1110 6269 6269 1111 1111 6270 6270 1109 1110 6271 6271 1110 1109 6272 6272 1111 1111 6273 6273 1110 1109 6274 6274 1112 1112 6275 6275 1112 1112 6276 6276 1110 1109 6277 6277 1113 1113 6278 6278 1114 1114 6279 6279 1113 1113 6280 6280 1110 1109 6281 6281 1110 1109 6282 6282 1108 1108 6283 6283 1114 1114 6284 6284 1113 1113 6285 6285 1114 1114 6286 6286 1115 1115 6287 6287 1116 1116 6288 6288 1115 1115 6289 6289 1114 1114 6290 6290 975 976 6291 6291 1114 1114 6292 6292 1108 1108 6293 6293 1114 1114 6294 6294 975 976 6295 6295 1116 1116 6296 6296 1115 1115 6303 6303 1117 1117 6304 6304 1113 1113 6305 6305 1118 1118 6315 6315 1113 1113 6316 6316 1117 1117 6317 6317 1119 1119 6318 6318 1118 1118 6319 6319 1117 1117 6320 6320 1118 1118 6324 6324 1119 1119 6325 6325 1120 1120 6326 6326 1121 1121 6327 6327 1120 1120 6328 6328 1119 1119 6329 6329 1119 1119 6333 6333 1122 1122 6334 6334 1121 1121 6335 6335 1124 1124 6348 6348 1121 1121 6349 6349 1122 1122 6350 6350 1121 1121 6351 6351 1124 1124 6352 6352 1125 1125 6353 6353 1126 1126 6354 6354 1125 1125 6355 6355 1124 1124 6356 6356 1124 1124 6357 6357 1127 1127 6358 6358 1126 1126 6359 6359 1143 1142 6423 6423 1140 1140 6424 6424 1142 1143 6425 6425 1140 1140 6426 6426 1143 1142 6427 6427 1134 1135 6428 6428 1143 1142 6429 6429 1144 1144 6430 6430 1145 1145 6431 6431 1144 1144 6432 6432 1143 1142 6433 6433 1146 1146 6434 6434 1145 1145 6435 6435 1134 1135 6436 6436 1143 1142 6437 6437 1142 1143 6438 6438 1146 1146 6439 6439 1143 1142 6440 6440 1146 1146 6441 6441 1147 1147 6442 6442 1148 1148 6443 6443 1147 1147 6444 6444 1146 1146 6445 6445 1149 1149 6446 6446 1148 1148 6447 6447 1151 1150 6448 6448 1146 1146 6449 6449 1144 1144 6450 6450 1146 1146 6451 6451 1151 1150 6452 6452 1150 1151 6453 6453 1149 1149 6454 6454 1146 1146 6455 6455 1146 1146 6456 6456 1142 1143 6457 6457 1150 1151 6458 6458 1148 1148 6459 6459 1153 1152 6460 6460 1151 1150 6461 6461 1151 1150 6462 6462 1152 1153 6463 6463 1144 1144 6464 6464 1151 1150 6465 6465 1154 1154 6466 6466 1152 1153 6467 6467 1154 1154 6468 6468 1151 1150 6469 6469 1153 1152 6470 6470 1156 1155 6471 6471 1155 1156 6472 6472 1154 1154 6473 6473 1157 1157 6474 6474 1154 1154 6475 6475 1155 1156 6476 6476 1154 1154 6477 6477 1153 1152 6478 6478 1156 1155 6479 6479 1157 1157 6480 6480 1152 1153 6481 6481 1154 1154 6482 6482 1152 1153 6483 6483 1157 1157 6484 6484 1158 1158 6485 6485 1159 1159 6486 6486 1158 1158 6487 6487 1157 1157 6488 6488 1155 1156 6489 6489 1160 1160 6490 6490 1157 1157 6491 6491 1157 1157 6492 6492 1160 1160 6493 6493 1159 1159 6494 6494 1161 1161 6495 6495 1159 1159 6496 6496 1160 1160 6497 6497 1160 1160 6498 6498 1163 1162 6499 6499 1161 1161 6500 6500 1162 1163 6501 6501 1164 1164 6502 6502 1160 1160 6503 6503 1160 1160 6504 6504 1155 1156 6505 6505 1162 1163 6506 6506 1163 1162 6507 6507 1160 1160 6508 6508 1164 1164 6509 6509 1111 1111 6510 6510 1164 1164 6511 6511 1165 1165 6512 6512 1164 1164 6513 6513 1111 1111 6514 6514 1163 1162 6515 6515 1164 1164 6516 6516 1162 1163 6517 6517 1165 1165 6518 6518 1165 1165 6519 6519 1166 1166 6520 6520 1111 1111 6521 6521 1166 1166 6522 6522 1165 1165 6523 6523 1167 1167 6524 6524 1168 1168 6525 6525 1167 1167 6526 6526 1165 1165 6527 6527 1168 1168 6528 6528 1165 1165 6529 6529 1162 1163 6530 6530 1168 1168 6531 6531 1170 1169 6532 6532 1167 1167 6533 6533 1162 1163 6534 6534 1169 1170 6535 6535 1168 1168 6536 6536 1170 1169 6537 6537 1168 1168 6538 6538 1169 1170 6539 6539 1171 1171 6540 6540 1170 1169 6541 6541 1172 1172 6542 6542 1171 1171 6543 6543 1167 1167 6544 6544 1170 1169 6545 6545 1170 1169 6546 6546 1173 1173 6547 6547 1172 1172 6548 6548 1169 1170 6549 6549 1173 1173 6550 6550 1170 1169 6551 6551 1174 1174 6552 6552 1172 1172 6553 6553 1173 1173 6554 6554 1169 1170 6555 6555 1176 1175 6556 6556 1173 1173 6557 6557 1173 1173 6558 6558 1175 1176 6559 6559 1174 1174 6560 6560 1176 1175 6561 6561 1175 1176 6562 6562 1173 1173 6563 6563 1176 1175 6564 6564 1169 1170 6565 6565 1156 1155 6566 6566 1156 1155 6567 6567 1178 1177 6568 6568 1176 1175 6569 6569 1175 1176 6570 6570 1176 1175 6571 6571 1177 1178 6572 6572 1178 1177 6573 6573 1177 1178 6574 6574 1176 1175 6575 6575 1153 1152 6576 6576 1148 1148 6577 6577 1178 1177 6578 6578 1178 1177 6579 6579 1156 1155 6580 6580 1153 1152 6581 6581 1178 1177 6582 6582 1179 1179 6583 6583 1177 1178 6584 6584 1179 1179 6585 6585 1178 1177 6586 6586 1148 1148 6587 6587 1179 1179 6588 6588 1180 1180 6589 6589 1181 1181 6590 6590 1179 1179 6591 6591 1147 1147 6592 6592 1180 1180 6593 6593 1179 1179 6594 6594 1148 1148 6595 6595 1147 1147 6596 6596 1181 1181 6597 6597 1177 1178 6598 6598 1179 1179 6599 6599 1183 1182 6600 6600 1182 1183 6601 6601 1181 1181 6602 6602 1177 1178 6603 6603 1181 1181 6604 6604 1182 1183 6605 6605 1183 1182 6606 6606 1181 1181 6607 6607 1180 1180 6608 6608 1282 1282 7110 7110 1175 1176 7111 7111 1182 1183 7112 7112 1175 1176 7113 7113 1282 1282 7114 7114 1283 1283 7115 7115 1284 1285 7119 7119 1172 1172 7120 7120 1283 1283 7121 7121 1174 1174 7122 7122 1283 1283 7123 7123 1172 1172 7124 7124 1283 1283 7125 7125 1174 1174 7126 7126 1175 1176 7127 7127 1289 1289 7149 7149 1290 1291 7150 7150 1288 1288 7151 7151 1288 1288 7155 7155 1291 1292 7156 7156 1284 1285 7157 7157 1291 1292 7158 7158 1288 1288 7159 7159 1290 1291 7160 7160 1289 1289 7173 7173 1294 1294 7174 7174 1290 1291 7175 7175 1296 1296 7176 7176 1295 1297 7177 7177 1294 1294 7178 7178 1290 1291 7179 7179 1294 1294 7180 7180 1295 1297 7181 7181 1294 1294 7182 7182 1297 1295 7183 7183 1296 1296 7184 7184 1297 1295 7185 7185 1299 1298 7186 7186 1298 1299 7187 7187 1298 1299 7188 7188 1296 1296 7189 7189 1297 1295 7190 7190 1301 1301 7200 7200 1298 1299 7201 7201 1299 1298 7202 7202 1298 1299 7203 7203 1301 1301 7204 7204 1302 1302 7205 7205 1301 1301 7206 7206 1304 1303 7207 7207 1302 1302 7208 7208 1304 1303 7218 7218 1305 1305 7219 7219 1306 1306 7220 7220 1306 1306 7221 7221 1302 1302 7222 7222 1304 1303 7223 7223 1307 1307 7224 7224 1309 1308 7225 7225 1306 1306 7226 7226 1307 1307 7227 7227 1306 1306 7228 7228 1305 1305 7229 7229 1306 1306 7230 7230 1308 1309 7231 7231 1302 1302 7232 7232 1308 1309 7233 7233 1306 1306 7234 7234 1309 1308 7235 7235 1307 1307 7236 7236 1310 1310 7237 7237 1309 1308 7238 7238 1311 1311 7239 7239 1309 1308 7240 7240 1310 1310 7241 7241 1309 1308 7242 7242 1311 1311 7243 7243 1095 1095 7244 7244 1309 1308 7245 7245 1095 1095 7246 7246 1308 1309 7247 7247 1310 1310 7248 7248 1312 1312 7249 7249 1311 1311 7250 7250 1089 1090 7251 7251 1311 1311 7252 7252 1312 1312 7253 7253 1311 1311 7254 7254 1089 1090 7255 7255 1091 1091 7256 7256 1091 1091 7257 7257 1095 1095 7258 7258 1311 1311 7259 7259 1312 1312 7260 7260 1310 1310 7261 7261 1314 1313 7262 7262 1313 1314 7263 7263 1312 1312 7264 7264 1315 1315 7265 7265 1316 1316 7266 7266 1312 1312 7267 7267 1313 1314 7268 7268 1312 1312 7269 7269 1314 1313 7270 7270 1317 1317 7271 7271 1317 1317 7272 7272 1315 1315 7273 7273 1312 1312 7274 7274 1312 1312 7275 7275 1316 1316 7276 7276 1089 1090 7277 7277 1319 1320 7284 7284 1317 1317 7285 7285 1314 1313 7286 7286 1317 1317 7287 7287 1320 1318 7288 7288 1321 1321 7289 7289 1321 1321 7290 7290 1315 1315 7291 7291 1317 1317 7292 7292 1315 1315 7293 7293 1321 1321 7294 7294 1313 1314 7295 7295 1322 1322 7296 7296 1313 1314 7297 7297 1321 1321 7298 7298 1321 1321 7299 7299 1323 1323 7300 7300 1322 1322 7301 7301 1323 1323 7302 7302 1321 1321 7303 7303 1320 1318 7304 7304 1305 1305 7980 7980 1336 1337 7981 7981 1307 1307 7982 7982 1310 1310 7983 7983 1307 1307 7984 7984 1336 1337 7985 7985 1336 1337 7986 7986 1319 1320 7987 7987 1310 1310 7988 7988 1314 1313 8067 8067 1310 1310 8068 8068 1319 1320 8069 8069 1086 1086 8070 8070 1089 1090 8071 8071 1316 1316 8072 8072 1316 1316 8073 8073 1313 1314 8074 8074 1086 1086 8075 8075 1096 1096 8079 8079 1308 1309 8080 8080 1095 1095 8081 8081 1445 1445 8082 8082 1302 1302 8083 8083 1308 1309 8084 8084 1308 1309 8085 8085 1096 1096 8086 8086 1445 1445 8087 8087 1098 1098 8088 8088 1445 1445 8089 8089 1096 1096 8090 8090 1098 1098 8091 8091 1099 1099 8092 8092 1445 1445 8093 8093 1446 1446 8094 8094 1445 1445 8095 8095 1099 1099 8096 8096 1445 1445 8097 8097 1446 1446 8098 8098 1302 1302 8099 8099 1446 1446 8100 8100 1447 1447 8101 8101 1298 1299 8102 8102 1446 1446 8103 8103 1448 1448 8104 8104 1447 1447 8105 8105 1099 1099 8106 8106 1101 1101 8107 8107 1446 1446 8108 8108 1448 1448 8109 8109 1446 1446 8110 8110 1101 1101 8111 8111 1298 1299 8112 8112 1302 1302 8113 8113 1446 1446 8114 8114 1101 1101 8115 8115 1449 1449 8116 8116 1448 1448 8117 8117 1450 1450 8118 8118 1448 1448 8119 8119 1449 1449 8120 8120 1450 1450 8121 8121 1447 1447 8122 8122 1448 1448 8123 8123 1449 1449 8124 8124 1452 1451 8125 8125 1450 1450 8126 8126 1447 1447 8127 8127 1450 1450 8128 8128 1451 1452 8129 8129 1453 1453 8130 8130 1451 1452 8131 8131 1450 1450 8132 8132 1453 1453 8133 8133 1450 1450 8134 8134 1452 1451 8135 8135 1452 1451 8136 8136 1166 1166 8137 8137 1453 1453 8138 8138 1167 1167 8139 8139 1453 1453 8140 8140 1166 1166 8141 8141 1454 1454 8142 8142 1451 1452 8143 8143 1453 1453 8144 8144 1453 1453 8145 8145 1167 1167 8146 8146 1454 1454 8147 8147 1295 1297 8148 8148 1454 1454 8149 8149 1290 1291 8150 8150 1454 1454 8151 8151 1295 1297 8152 8152 1451 1452 8153 8153 1171 1171 8154 8154 1454 1454 8155 8155 1167 1167 8156 8156 1291 1292 8157 8157 1290 1291 8158 8158 1454 1454 8159 8159 1454 1454 8160 8160 1171 1171 8161 8161 1291 1292 8162 8162 1452 1451 8163 8163 1449 1449 8164 8164 1105 1107 8165 8165 1105 1107 8166 8166 1109 1110 8167 8167 1452 1451 8168 8168 1166 1166 8169 8169 1452 1451 8170 8170 1109 1110 8171 8171 1296 1296 8172 8172 1451 1452 8173 8173 1295 1297 8174 8174 1451 1452 8175 8175 1296 1296 8176 8176 1447 1447 8177 8177 1102 1102 8178 8178 1105 1107 8179 8179 1449 1449 8180 8180 1449 1449 8181 8181 1101 1101 8182 8182 1102 1102 8183 8183 1298 1299 8184 8184 1447 1447 8185 8185 1296 1296 8186 8186 1172 1172 8187 8187 1284 1285 8188 8188 1291 1292 8189 8189 1172 1172 8190 8190 1291 1292 8191 8191 1171 1171 8192 8192 1458 1458 8235 8235 1180 1180 8236 8236 1147 1147 8237 8237 1147 1147 8238 8238 1149 1149 8239 8239 1458 1458 8240 8240 1177 1178 8286 8286 1182 1183 8287 8287 1175 1176 8288 8288 1169 1170 8289 8289 1162 1163 8290 8290 1155 1156 8291 8291 1155 1156 8292 8292 1156 1155 8293 8293 1169 1170 8294 8294 1109 1110 8295 8295 1111 1111 8296 8296 1166 1166 8297 8297 1112 1112 8298 8298 1163 1162 8299 8299 1111 1111 8300 8300 1163 1162 8301 8301 1118 1118 8302 8302 1161 1161 8303 8303 1163 1162 8304 8304 1112 1112 8305 8305 1118 1118 8306 8306 1159 1159 8307 8307 1161 1161 8308 8308 1121 1121 8309 8309 1120 1120 8310 8310 1161 1161 8311 8311 1118 1118 8312 8312 1120 1120 8313 8313 1121 1121 8314 8314 1161 1161 8315 8315 1121 1121 8316 8316 1125 1125 8317 8317 1159 1159 8318 8318 1158 1158 8319 8319 1159 1159 8320 8320 1125 1125 8321 8321 1158 1158 8322 8322 1144 1144 8323 8323 1152 1153 8324 8324 1158 1158 8325 8325 1145 1145 8326 8326 1144 1144 8327 8327 1125 1125 8328 8328 1145 1145 8329 8329 1158 1158 8330 8330 1125 1125 8331 8331 1126 1126 8332 8332 1145 1145 8333 8333 1134 1135 8334 8334 1145 1145 8335 8335 1126 1126 8336 8336 1134 1135 8361 8361 1126 1126 8362 8362 1127 1127 8363 8363 1113 1113 8454 8454 1118 1118 8455 8455 1112 1112 8456 8456 1108 1108 8457 8457 1106 1105 8458 8458 975 976 8459 8459 977 978 8460 8460 975 976 8461 8461 1106 1105 8462 8462 1106 1105 8463 8463 1103 1104 8464 8464 977 978 8465 8465 1093 1093 8466 8466 965 966 8467 8467 1103 1104 8468 8468 977 978 8469 8469 1103 1104 8470 8470 971 973 8471 8471 965 966 8472 8472 971 973 8473 8473 1103 1104 8474 8474 965 966 8475 8475 1093 1093 8476 8476 964 963 8477 8477</p>
        </triangles>
        <triangles material="Shoes-material" count="564">
          <input semantic="VERTEX" source="#Mario_008-mesh-vertices" offset="0"/>
          <input semantic="NORMAL" source="#Mario_008-mesh-normals" offset="1"/>
          <input semantic="TEXCOORD" source="#Mario_008-mesh-map-0" offset="2" set="0"/>
          <input semantic="COLOR" source="#Mario_008-mesh-colors-v_color_0" offset="3" set="0"/>
          <p>658 591 3312 3312 693 592 3313 3313 657 590 3314 3314 694 593 3315 3315 657 590 3316 3316 693 592 3317 3317 693 592 3318 3318 695 594 3319 3319 694 593 3320 3320 696 595 3321 3321 694 593 3322 3322 695 594 3323 3323 695 594 3324 3324 697 596 3325 3325 696 595 3326 3326 698 597 3327 3327 696 595 3328 3328 697 596 3329 3329 697 596 3330 3330 699 598 3331 3331 698 597 3332 3332 700 599 3333 3333 698 597 3334 3334 699 598 3335 3335 699 598 3336 3336 701 600 3337 3337 700 599 3338 3338 696 595 3339 3339 698 597 3340 3340 694 593 3341 3341 702 601 3342 3342 694 593 3343 3343 698 597 3344 3344 698 597 3345 3345 656 589 3346 3346 702 601 3347 3347 655 588 3348 3348 702 601 3349 3349 656 589 3350 3350 703 602 3351 3351 705 603 3352 3352 704 604 3353 3353 697 596 3354 3354 704 604 3355 3355 705 603 3356 3356 705 603 3357 3357 706 605 3358 3358 697 596 3359 3359 707 606 3360 3360 697 596 3361 3361 706 605 3362 3362 708 607 3363 3363 709 608 3364 3364 695 594 3365 3365 704 604 3366 3366 695 594 3367 3367 709 608 3368 3368 709 608 3369 3369 710 609 3370 3370 704 604 3371 3371 703 602 3372 3372 704 604 3373 3373 710 609 3374 3374 657 590 3375 3375 694 593 3376 3376 654 587 3377 3377 655 588 3378 3378 654 587 3379 3379 694 593 3380 3380 694 593 3381 3381 702 601 3382 3382 655 588 3383 3383 693 592 3384 3384 658 591 3385 3385 695 594 3386 3386 708 607 3387 3387 695 594 3388 3388 658 591 3389 3389 700 599 3390 3390 711 610 3391 3391 698 597 3392 3392 656 589 3393 3393 698 597 3394 3394 711 610 3395 3395 697 596 3396 3396 707 606 3397 3397 699 598 3398 3398 712 611 3399 3399 699 598 3400 3400 707 606 3401 3401 701 600 3402 3402 699 598 3403 3403 712 611 3404 3404 695 594 3405 3405 704 604 3406 3406 697 596 3407 3407 1559 1559 9072 9072 1561 1560 9073 9073 1560 1561 9074 9074 1559 1559 9075 9075 1560 1561 9076 9076 1562 1562 9077 9077 1559 1559 9078 9078 1565 1563 9079 9079 1561 1560 9080 9080 1562 1562 9081 9081 1566 1564 9082 9082 1559 1559 9083 9083 1563 1565 9084 9084 1564 1566 9085 9085 1559 1559 9086 9086 1563 1565 9087 9087 1559 1559 9088 9088 1566 1564 9089 9089 1565 1563 9090 9090 1559 1559 9091 9091 1564 1566 9092 9092 1566 1564 9093 9093 1567 1567 9094 9094 1563 1565 9095 9095 1567 1567 9096 9096 1566 1564 9097 9097 1569 1568 9098 9098 1568 1569 9099 9099 1569 1568 9100 9100 1566 1564 9101 9101 1566 1564 9102 9102 1562 1562 9103 9103 1568 1569 9104 9104 1570 1570 9105 9105 1569 1568 9106 9106 1571 1571 9107 9107 1569 1568 9108 9108 1570 1570 9109 9109 1567 1567 9110 9110 1572 1572 9111 9111 1571 1571 9112 9112 1569 1568 9113 9113 1569 1568 9114 9114 1573 1573 9115 9115 1572 1572 9116 9116 1573 1573 9117 9117 1569 1568 9118 9118 1574 1574 9119 9119 1575 1575 9120 9120 1574 1574 9121 9121 1569 1568 9122 9122 1569 1568 9123 9123 1568 1569 9124 9124 1575 1575 9125 9125 1574 1574 9126 9126 1575 1575 9127 9127 1576 1576 9128 9128 1575 1575 9129 9129 1568 1569 9130 9130 1578 1577 9131 9131 1577 1578 9132 9132 1576 1576 9133 9133 1575 1575 9134 9134 1575 1575 9135 9135 1578 1577 9136 9136 1577 1578 9137 9137 1578 1577 9138 9138 1579 1579 9139 9139 1580 1580 9140 9140 1579 1579 9141 9141 1578 1577 9142 9142 1568 1569 9143 9143 1580 1580 9144 9144 1581 1581 9145 9145 1578 1577 9146 9146 1582 1582 9147 9147 1578 1577 9148 9148 1581 1581 9149 9149 1582 1582 9150 9150 1577 1578 9151 9151 1578 1577 9152 9152 1581 1581 9153 9153 1583 1583 9154 9154 1582 1582 9155 9155 1583 1583 9156 9156 1585 1584 9157 9157 1582 1582 9158 9158 1582 1582 9159 9159 1584 1585 9160 9160 1577 1578 9161 9161 1584 1585 9162 9162 1582 1582 9163 9163 1585 1584 9164 9164 1586 1586 9165 9165 1587 1587 9166 9166 1585 1584 9167 9167 1585 1584 9168 9168 1583 1583 9169 9169 1586 1586 9170 9170 1584 1585 9171 9171 1585 1584 9172 9172 1587 1587 9173 9173 1587 1587 9174 9174 1586 1586 9175 9175 1583 1583 9176 9176 1583 1583 9177 9177 1589 1588 9178 9178 1587 1587 9179 9179 1587 1587 9180 9180 1588 1589 9181 9181 1584 1585 9182 9182 1588 1589 9183 9183 1587 1587 9184 9184 1589 1588 9185 9185 1592 1590 9186 9186 1590 1591 9187 9187 1589 1588 9188 9188 1591 1592 9189 9189 1589 1588 9190 9190 1590 1591 9191 9191 1589 1588 9192 9192 1591 1592 9193 9193 1588 1589 9194 9194 1592 1590 9195 9195 1589 1588 9196 9196 1583 1583 9197 9197 1593 1593 9198 9198 1594 1594 9199 9199 1592 1590 9200 9200 1593 1593 9201 9201 1592 1590 9202 9202 1595 1595 9203 9203 1583 1583 9204 9204 1595 1595 9205 9205 1592 1590 9206 9206 1590 1591 9207 9207 1592 1590 9208 9208 1594 1594 9209 9209 1595 1595 9210 9210 1581 1581 9211 9211 1593 1593 9212 9212 1595 1595 9213 9213 1583 1583 9214 9214 1581 1581 9215 9215 1594 1594 9216 9216 1593 1593 9217 9217 1596 1596 9218 9218 1596 1596 9219 9219 1597 1597 9220 9220 1594 1594 9221 9221 1598 1598 9222 9222 1594 1594 9223 9223 1597 1597 9224 9224 1594 1594 9225 9225 1598 1598 9226 9226 1590 1591 9227 9227 1597 1597 9228 9228 1599 1599 9229 9229 1598 1598 9230 9230 1600 1600 9231 9231 1598 1598 9232 9232 1599 1599 9233 9233 1598 1598 9234 9234 1600 1600 9235 9235 1601 1601 9236 9236 1601 1601 9237 9237 1590 1591 9238 9238 1598 1598 9239 9239 1590 1591 9240 9240 1601 1601 9241 9241 1591 1592 9242 9242 1602 1602 9243 9243 1601 1601 9244 9244 1600 1600 9245 9245 1601 1601 9246 9246 1602 1602 9247 9247 1604 1603 9248 9248 1603 1604 9249 9249 1591 1592 9250 9250 1601 1601 9251 9251 1601 1601 9252 9252 1604 1603 9253 9253 1603 1604 9254 9254 1606 1605 9255 9255 1605 1606 9256 9256 1604 1603 9257 9257 1608 1607 9258 9258 1604 1603 9259 9259 1605 1606 9260 9260 1604 1603 9261 9261 1608 1607 9262 9262 1603 1604 9263 9263 1607 1608 9264 9264 1604 1603 9265 9265 1602 1602 9266 9266 1606 1605 9267 9267 1604 1603 9268 9268 1607 1608 9269 9269 1588 1589 9270 9270 1608 1607 9271 9271 1609 1609 9272 9272 1608 1607 9273 9273 1588 1589 9274 9274 1591 1592 9275 9275 1610 1610 9276 9276 1609 1609 9277 9277 1608 1607 9278 9278 1591 1592 9279 9279 1603 1604 9280 9280 1608 1607 9281 9281 1608 1607 9282 9282 1605 1606 9283 9283 1610 1610 9284 9284 1611 1611 9285 9285 1610 1610 9286 9286 1605 1606 9287 9287 1610 1610 9288 9288 1611 1611 9289 9289 1612 1612 9290 9290 1610 1610 9291 9291 1612 1612 9292 9292 1613 1613 9293 9293 1613 1613 9294 9294 1609 1609 9295 9295 1610 1610 9296 9296 1576 1576 9297 9297 1613 1613 9298 9298 1574 1574 9299 9299 1613 1613 9300 9300 1576 1576 9301 9301 1609 1609 9302 9302 1573 1573 9303 9303 1574 1574 9304 9304 1613 1613 9305 9305 1613 1613 9306 9306 1614 1614 9307 9307 1573 1573 9308 9308 1614 1614 9309 9309 1613 1613 9310 9310 1612 1612 9311 9311 1616 1615 9312 9312 1614 1614 9313 9313 1615 1616 9314 9314 1612 1612 9315 9315 1615 1616 9316 9316 1614 1614 9317 9317 1614 1614 9318 9318 1616 1615 9319 9319 1617 1617 9320 9320 1617 1617 9321 9321 1573 1573 9322 9322 1614 1614 9323 9323 1573 1573 9324 9324 1617 1617 9325 9325 1619 1618 9326 9326 1618 1619 9327 9327 1619 1618 9328 9328 1617 1617 9329 9329 1617 1617 9330 9330 1620 1620 9331 9331 1618 1619 9332 9332 1617 1617 9333 9333 1621 1621 9334 9334 1620 1620 9335 9335 1621 1621 9336 9336 1617 1617 9337 9337 1616 1615 9338 9338 1624 1622 9339 9339 1620 1620 9340 9340 1621 1621 9341 9341 1621 1621 9342 9342 1616 1615 9343 9343 1623 1623 9344 9344 1623 1623 9345 9345 1622 1624 9346 9346 1621 1621 9347 9347 1624 1622 9348 9348 1621 1621 9349 9349 1622 1624 9350 9350 1620 1620 9351 9351 1624 1622 9352 9352 1625 1625 9353 9353 1625 1625 9354 9354 1624 1622 9355 9355 1626 1626 9356 9356 1627 1627 9357 9357 1626 1626 9358 9358 1624 1622 9359 9359 1622 1624 9360 9360 1627 1627 9361 9361 1624 1622 9362 9362 1622 1624 9363 9363 1628 1628 9364 9364 1627 1627 9365 9365 1629 1629 9366 9366 1627 1627 9367 9367 1628 1628 9368 9368 1630 1630 9369 9369 1627 1627 9370 9370 1629 1629 9371 9371 1627 1627 9372 9372 1630 1630 9373 9373 1626 1626 9374 9374 1630 1630 9375 9375 1629 1629 9376 9376 1606 1605 9377 9377 1606 1605 9378 9378 1607 1608 9379 9379 1630 1630 9380 9380 1630 1630 9381 9381 1632 1631 9382 9382 1631 1632 9383 9383 1631 1632 9384 9384 1626 1626 9385 9385 1630 1630 9386 9386 1632 1631 9387 9387 1630 1630 9388 9388 1607 1608 9389 9389 1633 1633 9390 9390 1632 1631 9391 9391 1635 1634 9392 9392 1633 1633 9393 9393 1631 1632 9394 9394 1632 1631 9395 9395 1632 1631 9396 9396 1607 1608 9397 9397 1634 1635 9398 9398 1634 1635 9399 9399 1635 1634 9400 9400 1632 1631 9401 9401 1634 1635 9402 9402 1636 1636 9403 9403 1635 1634 9404 9404 1637 1637 9405 9405 1635 1634 9406 9406 1636 1636 9407 9407 1635 1634 9408 9408 1637 1637 9409 9409 1633 1633 9410 9410 1637 1637 9411 9411 1636 1636 9412 9412 1639 1638 9413 9413 1633 1633 9414 9414 1637 1637 9415 9415 1640 1639 9416 9416 1637 1637 9417 9417 1639 1638 9418 9418 1638 1640 9419 9419 1638 1640 9420 9420 1640 1639 9421 9421 1637 1637 9422 9422 1640 1639 9423 9423 1638 1640 9424 9424 1641 1641 9425 9425 1641 1641 9426 9426 1642 1642 9427 9427 1640 1639 9428 9428 1640 1639 9429 9429 1643 1643 9430 9430 1633 1633 9431 9431 1643 1643 9432 9432 1640 1639 9433 9433 1642 1642 9434 9434 1642 1642 9435 9435 1618 1619 9436 9436 1643 1643 9437 9437 1631 1632 9438 9438 1633 1633 9439 9439 1643 1643 9440 9440 1643 1643 9441 9441 1644 1644 9442 9442 1631 1632 9443 9443 1644 1644 9444 9444 1643 1643 9445 9445 1618 1619 9446 9446 1644 1644 9447 9447 1618 1619 9448 9448 1620 1620 9449 9449 1620 1620 9450 9450 1625 1625 9451 9451 1644 1644 9452 9452 1626 1626 9453 9453 1644 1644 9454 9454 1625 1625 9455 9455 1626 1626 9456 9456 1631 1632 9457 9457 1644 1644 9458 9458 1619 1618 9459 9459 1618 1619 9460 9460 1642 1642 9461 9461 1619 1618 9462 9462 1642 1642 9463 9463 1645 1645 9464 9464 1641 1641 9465 9465 1645 1645 9466 9466 1642 1642 9467 9467 1571 1571 9468 9468 1572 1572 9469 9469 1645 1645 9470 9470 1619 1618 9471 9471 1645 1645 9472 9472 1572 1572 9473 9473 1645 1645 9474 9474 1641 1641 9475 9475 1571 1571 9476 9476 1646 1646 9477 9477 1641 1641 9478 9478 1638 1640 9479 9479 1646 1646 9480 9480 1571 1571 9481 9481 1641 1641 9482 9482 1638 1640 9483 9483 1649 1647 9484 9484 1646 1646 9485 9485 1646 1646 9486 9486 1648 1648 9487 9487 1647 1649 9488 9488 1647 1649 9489 9489 1570 1570 9490 9490 1646 1646 9491 9491 1571 1571 9492 9492 1646 1646 9493 9493 1570 1570 9494 9494 1648 1648 9495 9495 1646 1646 9496 9496 1649 1647 9497 9497 1649 1647 9498 9498 1639 1638 9499 9499 1648 1648 9500 9500 1649 1647 9501 9501 1638 1640 9502 9502 1639 1638 9503 9503 1650 1650 9504 9504 1648 1648 9505 9505 1639 1638 9506 9506 1648 1648 9507 9507 1650 1650 9508 9508 1651 1651 9509 9509 1651 1651 9510 9510 1647 1649 9511 9511 1648 1648 9512 9512 1652 1652 9513 9513 1651 1651 9514 9514 1650 1650 9515 9515 1656 1653 9516 9516 1651 1651 9517 9517 1652 1652 9518 9518 1651 1651 9519 9519 1653 1654 9520 9520 1647 1649 9521 9521 1653 1654 9522 9522 1651 1651 9523 9523 1654 1655 9524 9524 1655 1656 9525 9525 1654 1655 9526 9526 1651 1651 9527 9527 1651 1651 9528 9528 1656 1653 9529 9529 1655 1656 9530 9530 1657 1657 9531 9531 1655 1656 9532 9532 1656 1653 9533 9533 1656 1653 9534 9534 1658 1658 9535 9535 1657 1657 9536 9536 1658 1658 9537 9537 1656 1653 9538 9538 1659 1659 9539 9539 1652 1652 9540 9540 1659 1659 9541 9541 1656 1653 9542 9542 1660 1660 9543 9543 1659 1659 9544 9544 1661 1661 9545 9545 1660 1660 9546 9546 1662 1662 9547 9547 1659 1659 9548 9548 1663 1663 9549 9549 1661 1661 9550 9550 1659 1659 9551 9551 1658 1658 9552 9552 1659 1659 9553 9553 1662 1662 9554 9554 1659 1659 9555 9555 1652 1652 9556 9556 1663 1663 9557 9557 1661 1661 9558 9558 1663 1663 9559 9559 1664 1664 9560 9560 1665 1665 9561 9561 1664 1664 9562 9562 1663 1663 9563 9563 1650 1650 9564 9564 1663 1663 9565 9565 1652 1652 9566 9566 1663 1663 9567 9567 1650 1650 9568 9568 1665 1665 9569 9569 1664 1664 9570 9570 1665 1665 9571 9571 1666 1666 9572 9572 1667 1667 9573 9573 1666 1666 9574 9574 1665 1665 9575 9575 1665 1665 9576 9576 1650 1650 9577 9577 1667 1667 9578 9578 1666 1666 9579 9579 1667 1667 9580 9580 1634 1635 9581 9581 1639 1638 9582 9582 1667 1667 9583 9583 1650 1650 9584 9584 1667 1667 9585 9585 1639 1638 9586 9586 1636 1636 9587 9587 1636 1636 9588 9588 1634 1635 9589 9589 1667 1667 9590 9590 1666 1666 9591 9591 1600 1600 9592 9592 1664 1664 9593 9593 1634 1635 9594 9594 1602 1602 9595 9595 1666 1666 9596 9596 1600 1600 9597 9597 1666 1666 9598 9598 1602 1602 9599 9599 1661 1661 9600 9600 1664 1664 9601 9601 1599 1599 9602 9602 1599 1599 9603 9603 1664 1664 9604 9604 1600 1600 9605 9605 1668 1668 9606 9606 1662 1662 9607 9607 1669 1669 9608 9608 1662 1662 9609 9609 1668 1668 9610 9610 1658 1658 9611 9611 1662 1662 9612 9612 1660 1660 9613 9613 1670 1670 9614 9614 1670 1670 9615 9615 1669 1669 9616 9616 1662 1662 9617 9617 1673 1671 9618 9618 1670 1670 9619 9619 1660 1660 9620 9620 1671 1672 9621 9621 1672 1673 9622 9622 1670 1670 9623 9623 1670 1670 9624 9624 1673 1671 9625 9625 1671 1672 9626 9626 1669 1669 9627 9627 1670 1670 9628 9628 1672 1673 9629 9629 1671 1672 9630 9630 1673 1671 9631 9631 1674 1674 9632 9632 1675 1675 9633 9633 1674 1674 9634 9634 1673 1671 9635 9635 1673 1671 9636 9636 1660 1660 9637 9637 1675 1675 9638 9638 1597 1597 9639 9639 1596 1596 9640 9640 1675 1675 9641 9641 1675 1675 9642 9642 1661 1661 9643 9643 1597 1597 9644 9644 1676 1676 9645 9645 1675 1675 9646 9646 1596 1596 9647 9647 1675 1675 9648 9648 1676 1676 9649 9649 1677 1677 9650 9650 1661 1661 9651 9651 1675 1675 9652 9652 1660 1660 9653 9653 1674 1674 9654 9654 1675 1675 9655 9655 1677 1677 9656 9656 1561 1560 9657 9657 1677 1677 9658 9658 1676 1676 9659 9659 1674 1674 9660 9660 1677 1677 9661 9661 1561 1560 9662 9662 1593 1593 9663 9663 1678 1678 9664 9664 1676 1676 9665 9665 1676 1676 9666 9666 1596 1596 9667 9667 1593 1593 9668 9668 1561 1560 9669 9669 1676 1676 9670 9670 1678 1678 9671 9671 1678 1678 9672 9672 1560 1561 9673 9673 1561 1560 9674 9674 1560 1561 9675 9675 1678 1678 9676 9676 1580 1580 9677 9677 1593 1593 9678 9678 1580 1580 9679 9679 1678 1678 9680 9680 1674 1674 9681 9681 1679 1679 9682 9682 1671 1672 9683 9683 1679 1679 9684 9684 1674 1674 9685 9685 1680 1680 9686 9686 1561 1560 9687 9687 1680 1680 9688 9688 1674 1674 9689 9689 1565 1563 9690 9690 1681 1681 9691 9691 1680 1680 9692 9692 1680 1680 9693 9693 1561 1560 9694 9694 1565 1563 9695 9695 1679 1679 9696 9696 1680 1680 9697 9697 1681 1681 9698 9698 1681 1681 9699 9699 1565 1563 9700 9700 1682 1682 9701 9701 1682 1682 9702 9702 1683 1683 9703 9703 1681 1681 9704 9704 1681 1681 9705 9705 1684 1684 9706 9706 1679 1679 9707 9707 1684 1684 9708 9708 1681 1681 9709 9709 1683 1683 9710 9710 1683 1683 9711 9711 1685 1685 9712 9712 1684 1684 9713 9713 1686 1686 9714 9714 1684 1684 9715 9715 1685 1685 9716 9716 1686 1686 9717 9717 1679 1679 9718 9718 1684 1684 9719 9719 1685 1685 9720 9720 1687 1687 9721 9721 1686 1686 9722 9722 1679 1679 9723 9723 1686 1686 9724 9724 1687 1687 9725 9725 1685 1685 9726 9726 1672 1673 9727 9727 1687 1687 9728 9728 1671 1672 9729 9729 1687 1687 9730 9730 1672 1673 9731 9731 1687 1687 9732 9732 1671 1672 9733 9733 1679 1679 9734 9734 1685 1685 9735 9735 1690 1688 9736 9736 1668 1668 9737 9737 1668 1668 9738 9738 1669 1669 9739 9739 1685 1685 9740 9740 1672 1673 9741 9741 1685 1685 9742 9742 1669 1669 9743 9743 1683 1683 9744 9744 1688 1689 9745 9745 1685 1685 9746 9746 1689 1690 9747 9747 1685 1685 9748 9748 1688 1689 9749 9749 1685 1685 9750 9750 1689 1690 9751 9751 1690 1688 9752 9752 1690 1688 9753 9753 1657 1657 9754 9754 1658 1658 9755 9755 1690 1688 9756 9756 1691 1691 9757 9757 1657 1657 9758 9758 1658 1658 9759 9759 1668 1668 9760 9760 1690 1688 9761 9761 1691 1691 9762 9762 1690 1688 9763 9763 1689 1690 9764 9764 1655 1656 9765 9765 1657 1657 9766 9766 1691 1691 9767 9767 1691 1691 9768 9768 1689 1690 9769 9769 1692 1692 9770 9770 1692 1692 9771 9771 1654 1655 9772 9772 1691 1691 9773 9773 1655 1656 9774 9774 1691 1691 9775 9775 1654 1655 9776 9776 1688 1689 9777 9777 1692 1692 9778 9778 1689 1690 9779 9779 1692 1692 9780 9780 1688 1689 9781 9781 1682 1682 9782 9782 1682 1682 9783 9783 1564 1566 9784 9784 1692 1692 9785 9785 1654 1655 9786 9786 1692 1692 9787 9787 1564 1566 9788 9788 1683 1683 9789 9789 1682 1682 9790 9790 1688 1689 9791 9791 1564 1566 9792 9792 1682 1682 9793 9793 1565 1563 9794 9794 1599 1599 9795 9795 1597 1597 9796 9796 1661 1661 9797 9797 1654 1655 9798 9798 1564 1566 9799 9799 1653 1654 9800 9800 1567 1567 9801 9801 1647 1649 9802 9802 1653 1654 9803 9803 1653 1654 9804 9804 1563 1565 9805 9805 1567 1567 9806 9806 1563 1565 9807 9807 1653 1654 9808 9808 1564 1566 9809 9809 1647 1649 9810 9810 1567 1567 9811 9811 1570 1570 9812 9812 1602 1602 9813 9813 1634 1635 9814 9814 1607 1608 9815 9815 1606 1605 9816 9816 1629 1629 9817 9817 1693 1693 9818 9818 1628 1628 9819 9819 1693 1693 9820 9820 1629 1629 9821 9821 1623 1623 9822 9822 1615 1616 9823 9823 1693 1693 9824 9824 1611 1611 9825 9825 1693 1693 9826 9826 1615 1616 9827 9827 1693 1693 9828 9828 1628 1628 9829 9829 1623 1623 9830 9830 1693 1693 9831 9831 1611 1611 9832 9832 1606 1605 9833 9833 1622 1624 9834 9834 1623 1623 9835 9835 1628 1628 9836 9836 1615 1616 9837 9837 1623 1623 9838 9838 1616 1615 9839 9839 1619 1618 9840 9840 1572 1572 9841 9841 1573 1573 9842 9842 1615 1616 9843 9843 1612 1612 9844 9844 1611 1611 9845 9845 1605 1606 9846 9846 1606 1605 9847 9847 1611 1611 9848 9848 1609 1609 9849 9849 1584 1585 9850 9850 1588 1589 9851 9851 1584 1585 9852 9852 1609 1609 9853 9853 1576 1576 9854 9854 1580 1580 9855 9855 1593 1593 9856 9856 1581 1581 9857 9857 1576 1576 9858 9858 1577 1578 9859 9859 1584 1585 9860 9860 1560 1561 9861 9861 1580 1580 9862 9862 1579 1579 9863 9863 1579 1579 9864 9864 1562 1562 9865 9865 1560 1561 9866 9866 1579 1579 9867 9867 1568 1569 9868 9868 1562 1562 9869 9869 1694 1694 9870 9870 1696 1695 9871 9871 1695 1696 9872 9872 1694 1694 9873 9873 1695 1696 9874 9874 1698 1697 9875 9875 1694 1694 9876 9876 1697 1698 9877 9877 1696 1695 9878 9878 1694 1694 9879 9879 1698 1697 9880 9880 1697 1698 9881 9881 1699 1699 9882 9882 1703 1700 9883 9883 1698 1697 9884 9884 1699 1699 9885 9885 1698 1697 9886 9886 1695 1696 9887 9887 1700 1701 9888 9888 1697 1698 9889 9889 1698 1697 9890 9890 1698 1697 9891 9891 1701 1702 9892 9892 1700 1701 9893 9893 1698 1697 9894 9894 1702 1703 9895 9895 1701 1702 9896 9896 1702 1703 9897 9897 1698 1697 9898 9898 1703 1700 9899 9899 1703 1700 9900 9900 1704 1704 9901 9901 1702 1703 9902 9902 1703 1700 9903 9903 1706 1705 9904 9904 1704 1704 9905 9905 1699 1699 9906 9906 1705 1706 9907 9907 1703 1700 9908 9908 1706 1705 9909 9909 1703 1700 9910 9910 1705 1706 9911 9911 1707 1707 9912 9912 1706 1705 9913 9913 1709 1708 9914 9914 1706 1705 9915 9915 1707 1707 9916 9916 1708 1709 9917 9917 1708 1709 9918 9918 1704 1704 9919 9919 1706 1705 9920 9920 1705 1706 9921 9921 1709 1708 9922 9922 1706 1705 9923 9923 1709 1708 9924 9924 1705 1706 9925 9925 1710 1710 9926 9926 1710 1710 9927 9927 1711 1711 9928 9928 1709 1708 9929 9929 1709 1708 9930 9930 1712 1712 9931 9931 1707 1707 9932 9932 1712 1712 9933 9933 1709 1708 9934 9934 1711 1711 9935 9935 1713 1713 9936 9936 1707 1707 9937 9937 1712 1712 9938 9938 1712 1712 9939 9939 1715 1714 9940 9940 1713 1713 9941 9941 1715 1714 9942 9942 1712 1712 9943 9943 1714 1715 9944 9944 1711 1711 9945 9945 1714 1715 9946 9946 1712 1712 9947 9947 1716 1716 9948 9948 1715 1714 9949 9949 1717 1717 9950 9950 1716 1716 9951 9951 1713 1713 9952 9952 1715 1714 9953 9953 1715 1714 9954 9954 1718 1718 9955 9955 1717 1717 9956 9956 1718 1718 9957 9957 1715 1714 9958 9958 1719 1719 9959 9959 1714 1715 9960 9960 1719 1719 9961 9961 1715 1714 9962 9962 1720 1720 9963 9963 1721 1721 9964 9964 1719 1719 9965 9965 1719 1719 9966 9966 1722 1722 9967 9967 1720 1720 9968 9968 1718 1718 9969 9969 1719 1719 9970 9970 1721 1721 9971 9971 1719 1719 9972 9972 1714 1715 9973 9973 1722 1722 9974 9974 1722 1722 9975 9975 1723 1723 9976 9976 1725 1724 9977 9977 1722 1722 9978 9978 1724 1725 9979 9979 1723 1723 9980 9980 1724 1725 9981 9981 1722 1722 9982 9982 1714 1715 9983 9983 1726 1726 9984 9984 1720 1720 9985 9985 1722 1722 9986 9986 1722 1722 9987 9987 1725 1724 9988 9988 1726 1726 9989 9989 1728 1727 9990 9990 1727 1728 9991 9991 1726 1726 9992 9992 1720 1720 9993 9993 1726 1726 9994 9994 1727 1728 9995 9995 1726 1726 9996 9996 1725 1724 9997 9997 1728 1727 9998 9998 1728 1727 9999 9999 1729 1729 10000 10000 1730 1730 10001 10001 1728 1727 10002 10002 1731 1731 10003 10003 1729 1729 10004 10004 1730 1730 10005 10005 1732 1732 10006 10006 1728 1727 10007 10007 1731 1731 10008 10008 1728 1727 10009 10009 1725 1724 10010 10010 1727 1728 10011 10011 1728 1727 10012 10012 1732 1732 10013 10013 1732 1732 10014 10014 1733 1733 10015 10015 1727 1728 10016 10016 1734 1734 10017 10017 1733 1733 10018 10018 1732 1732 10019 10019 1732 1732 10020 10020 1735 1735 10021 10021 1734 1734 10022 10022 1732 1732 10023 10023 1730 1730 10024 10024 1735 1735 10025 10025 1735 1735 10026 10026 1736 1736 10027 10027 1737 1737 10028 10028 1736 1736 10029 10029 1735 1735 10030 10030 1730 1730 10031 10031 1737 1737 10032 10032 1734 1734 10033 10033 1735 1735 10034 10034 1696 1695 10035 10035 1737 1737 10036 10036 1736 1736 10037 10037 1737 1737 10038 10038 1738 1738 10039 10039 1734 1734 10040 10040 1737 1737 10041 10041 1739 1739 10042 10042 1738 1738 10043 10043 1737 1737 10044 10044 1696 1695 10045 10045 1740 1740 10046 10046 1740 1740 10047 10047 1739 1739 10048 10048 1737 1737 10049 10049 1740 1740 10050 10050 1741 1741 10051 10051 1742 1742 10052 10052 1741 1741 10053 10053 1740 1740 10054 10054 1696 1695 10055 10055 1739 1739 10056 10056 1740 1740 10057 10057 1743 1743 10058 10058 1742 1742 10059 10059 1743 1743 10060 10060 1740 1740 10061 10061 1743 1743 10062 10062 1744 1744 10063 10063 1739 1739 10064 10064 1743 1743 10065 10065 1746 1745 10066 10066 1744 1744 10067 10067 1742 1742 10068 10068 1745 1746 10069 10069 1743 1743 10070 10070 1746 1745 10071 10071 1743 1743 10072 10072 1745 1746 10073 10073 1746 1745 10074 10074 1745 1746 10075 10075 1747 1747 10076 10076 1747 1747 10077 10077 1748 1748 10078 10078 1746 1745 10079 10079 1744 1744 10080 10080 1746 1745 10081 10081 1748 1748 10082 10082 1748 1748 10083 10083 1747 1747 10084 10084 1750 1749 10085 10085 1748 1748 10086 10086 1749 1750 10087 10087 1744 1744 10088 10088 1750 1749 10089 10089 1749 1750 10090 10090 1748 1748 10091 10091 1751 1751 10092 10092 1750 1749 10093 10093 1747 1747 10094 10094 1750 1749 10095 10095 1751 1751 10096 10096 1752 1752 10097 10097 1749 1750 10098 10098 1750 1749 10099 10099 1753 1753 10100 10100 1752 1752 10101 10101 1753 1753 10102 10102 1750 1749 10103 10103 1749 1750 10104 10104 1753 1753 10105 10105 1755 1754 10106 10106 1753 1753 10107 10107 1752 1752 10108 10108 1754 1755 10109 10109 1754 1755 10110 10110 1755 1754 10111 10111 1753 1753 10112 10112 1749 1750 10113 10113 1755 1754 10114 10114 1756 1756 10115 10115 1757 1757 10116 10116 1756 1756 10117 10117 1755 1754 10118 10118 1755 1754 10119 10119 1754 1755 10120 10120 1757 1757 10121 10121 1758 1758 10122 10122 1757 1757 10123 10123 1754 1755 10124 10124 1757 1757 10125 10125 1758 1758 10126 10126 1762 1759 10127 10127 1759 1760 10128 10128 1757 1757 10129 10129 1760 1761 10130 10130 1757 1757 10131 10131 1759 1760 10132 10132 1756 1756 10133 10133 1761 1762 10134 10134 1760 1761 10135 10135 1757 1757 10136 10136 1757 1757 10137 10137 1762 1759 10138 10138 1761 1762 10139 10139 1763 1763 10140 10140 1762 1759 10141 10141 1758 1758 10142 10142 1763 1763 10143 10143 1766 1764 10144 10144 1762 1759 10145 10145 1764 1765 10146 10146 1761 1762 10147 10147 1762 1759 10148 10148 1762 1759 10149 10149 1765 1766 10150 10150 1764 1765 10151 10151 1765 1766 10152 10152 1762 1759 10153 10153 1766 1764 10154 10154 1766 1764 10155 10155 1763 1763 10156 10156 1767 1767 10157 10157 1767 1767 10158 10158 1768 1768 10159 10159 1766 1764 10160 10160 1765 1766 10161 10161 1766 1764 10162 10162 1768 1768 10163 10163 1769 1769 10164 10164 1768 1768 10165 10165 1770 1770 10166 10166 1768 1768 10167 10167 1769 1769 10168 10168 1765 1766 10169 10169 1708 1709 10170 10170 1770 1770 10171 10171 1768 1768 10172 10172 1768 1768 10173 10173 1767 1767 10174 10174 1708 1709 10175 10175 1770 1770 10176 10176 1771 1771 10177 10177 1769 1769 10178 10178 1770 1770 10179 10179 1772 1772 10180 10180 1771 1771 10181 10181 1770 1770 10182 10182 1708 1709 10183 10183 1707 1707 10184 10184 1707 1707 10185 10185 1716 1716 10186 10186 1770 1770 10187 10187 1772 1772 10188 10188 1770 1770 10189 10189 1716 1716 10190 10190 1773 1773 10191 10191 1771 1771 10192 10192 1772 1772 10193 10193 1772 1772 10194 10194 1774 1774 10195 10195 1773 1773 10196 10196 1774 1774 10197 10197 1772 1772 10198 10198 1775 1775 10199 10199 1776 1776 10200 10200 1775 1775 10201 10201 1772 1772 10202 10202 1772 1772 10203 10203 1716 1716 10204 10204 1776 1776 10205 10205 1717 1717 10206 10206 1776 1776 10207 10207 1716 1716 10208 10208 1717 1717 10209 10209 1777 1777 10210 10210 1776 1776 10211 10211 1778 1778 10212 10212 1776 1776 10213 10213 1777 1777 10214 10214 1776 1776 10215 10215 1778 1778 10216 10216 1775 1775 10217 10217 1779 1779 10218 10218 1775 1775 10219 10219 1778 1778 10220 10220 1778 1778 10221 10221 1781 1780 10222 10222 1779 1779 10223 10223 1777 1777 10224 10224 1780 1781 10225 10225 1778 1778 10226 10226 1781 1780 10227 10227 1778 1778 10228 10228 1780 1781 10229 10229 1780 1781 10230 10230 1783 1782 10231 10231 1781 1780 10232 10232 1782 1783 10233 10233 1781 1780 10234 10234 1783 1782 10235 10235 1782 1783 10236 10236 1779 1779 10237 10237 1781 1780 10238 10238 1783 1782 10239 10239 1784 1784 10240 10240 1785 1785 10241 10241 1783 1782 10242 10242 1780 1781 10243 10243 1784 1784 10244 10244 1785 1785 10245 10245 1786 1786 10246 10246 1783 1782 10247 10247 1783 1782 10248 10248 1787 1787 10249 10249 1782 1783 10250 10250 1787 1787 10251 10251 1783 1782 10252 10252 1786 1786 10253 10253 1786 1786 10254 10254 1788 1788 10255 10255 1787 1787 10256 10256 1789 1789 10257 10257 1787 1787 10258 10258 1788 1788 10259 10259 1787 1787 10260 10260 1789 1789 10261 10261 1790 1790 10262 10262 1790 1790 10263 10263 1782 1783 10264 10264 1787 1787 10265 10265 1790 1790 10266 10266 1789 1789 10267 10267 1791 1791 10268 10268 1791 1791 10269 10269 1792 1792 10270 10270 1790 1790 10271 10271 1790 1790 10272 10272 1792 1792 10273 10273 1793 1793 10274 10274 1790 1790 10275 10275 1793 1793 10276 10276 1782 1783 10277 10277 1794 1794 10278 10278 1793 1793 10279 10279 1792 1792 10280 10280 1793 1793 10281 10281 1794 1794 10282 10282 1779 1779 10283 10283 1779 1779 10284 10284 1782 1783 10285 10285 1793 1793 10286 10286 1792 1792 10287 10287 1774 1774 10288 10288 1794 1794 10289 10289 1775 1775 10290 10290 1794 1794 10291 10291 1774 1774 10292 10292 1775 1775 10293 10293 1779 1779 10294 10294 1794 1794 10295 10295 1773 1773 10296 10296 1792 1792 10297 10297 1791 1791 10298 10298 1792 1792 10299 10299 1773 1773 10300 10300 1774 1774 10301 10301 1788 1788 10302 10302 1795 1795 10303 10303 1791 1791 10304 10304 1773 1773 10305 10305 1791 1791 10306 10306 1795 1795 10307 10307 1788 1788 10308 10308 1791 1791 10309 10309 1789 1789 10310 10310 1798 1796 10311 10311 1795 1795 10312 10312 1796 1797 10313 10313 1797 1798 10314 10314 1796 1797 10315 10315 1795 1795 10316 10316 1795 1795 10317 10317 1788 1788 10318 10318 1797 1798 10319 10319 1795 1795 10320 10320 1798 1796 10321 10321 1773 1773 10322 10322 1769 1769 10323 10323 1798 1796 10324 10324 1799 1799 10325 10325 1798 1796 10326 10326 1769 1769 10327 10327 1771 1771 10328 10328 1796 1797 10329 10329 1799 1799 10330 10330 1798 1796 10331 10331 1771 1771 10332 10332 1773 1773 10333 10333 1798 1796 10334 10334 1799 1799 10335 10335 1800 1800 10336 10336 1769 1769 10337 10337 1799 1799 10338 10338 1801 1801 10339 10339 1800 1800 10340 10340 1799 1799 10341 10341 1796 1797 10342 10342 1801 1801 10343 10343 1801 1801 10344 10344 1796 1797 10345 10345 1803 1802 10346 10346 1764 1765 10347 10347 1800 1800 10348 10348 1801 1801 10349 10349 1764 1765 10350 10350 1801 1801 10351 10351 1802 1803 10352 10352 1803 1802 10353 10353 1802 1803 10354 10354 1801 1801 10355 10355 1797 1798 10356 10356 1803 1802 10357 10357 1796 1797 10358 10358 1802 1803 10359 10359 1803 1802 10360 10360 1804 1804 10361 10361 1803 1802 10362 10362 1797 1798 10363 10363 1805 1805 10364 10364 1805 1805 10365 10365 1804 1804 10366 10366 1803 1802 10367 10367 1786 1786 10368 10368 1805 1805 10369 10369 1797 1798 10370 10370 1786 1786 10371 10371 1785 1785 10372 10372 1805 1805 10373 10373 1805 1805 10374 10374 1806 1806 10375 10375 1804 1804 10376 10376 1806 1806 10377 10377 1805 1805 10378 10378 1785 1785 10379 10379 1785 1785 10380 10380 1807 1807 10381 10381 1806 1806 10382 10382 1808 1808 10383 10383 1806 1806 10384 10384 1807 1807 10385 10385 1808 1808 10386 10386 1804 1804 10387 10387 1806 1806 10388 10388 1807 1807 10389 10389 1733 1733 10390 10390 1808 1808 10391 10391 1809 1809 10392 10392 1808 1808 10393 10393 1733 1733 10394 10394 1809 1809 10395 10395 1810 1810 10396 10396 1808 1808 10397 10397 1804 1804 10398 10398 1808 1808 10399 10399 1810 1810 10400 10400 1760 1761 10401 10401 1761 1762 10402 10402 1810 1810 10403 10403 1811 1811 10404 10404 1810 1810 10405 10405 1761 1762 10406 10406 1810 1810 10407 10407 1809 1809 10408 10408 1760 1761 10409 10409 1804 1804 10410 10410 1810 1810 10411 10411 1802 1803 10412 10412 1811 1811 10413 10413 1802 1803 10414 10414 1810 1810 10415 10415 1761 1762 10416 10416 1764 1765 10417 10417 1811 1811 10418 10418 1802 1803 10419 10419 1811 1811 10420 10420 1764 1765 10421 10421 1809 1809 10422 10422 1733 1733 10423 10423 1812 1812 10424 10424 1812 1812 10425 10425 1760 1761 10426 10426 1809 1809 10427 10427 1812 1812 10428 10428 1734 1734 10429 10429 1738 1738 10430 10430 1738 1738 10431 10431 1759 1760 10432 10432 1812 1812 10433 10433 1760 1761 10434 10434 1812 1812 10435 10435 1759 1760 10436 10436 1734 1734 10437 10437 1812 1812 10438 10438 1733 1733 10439 10439 1784 1784 10440 10440 1813 1813 10441 10441 1807 1807 10442 10442 1807 1807 10443 10443 1785 1785 10444 10444 1784 1784 10445 10445 1733 1733 10446 10446 1807 1807 10447 10447 1813 1813 10448 10448 1813 1813 10449 10449 1727 1728 10450 10450 1733 1733 10451 10451 1727 1728 10452 10452 1813 1813 10453 10453 1720 1720 10454 10454 1721 1721 10455 10455 1720 1720 10456 10456 1813 1813 10457 10457 1813 1813 10458 10458 1780 1781 10459 10459 1721 1721 10460 10460 1813 1813 10461 10461 1784 1784 10462 10462 1780 1781 10463 10463 1765 1766 10464 10464 1769 1769 10465 10465 1800 1800 10466 10466 1800 1800 10467 10467 1764 1765 10468 10468 1765 1766 10469 10469 1786 1786 10470 10470 1797 1798 10471 10471 1788 1788 10472 10472 1721 1721 10473 10473 1780 1781 10474 10474 1718 1718 10475 10475 1777 1777 10476 10476 1718 1718 10477 10477 1780 1781 10478 10478 1777 1777 10479 10479 1717 1717 10480 10480 1718 1718 10481 10481 1704 1704 10482 10482 1708 1709 10483 10483 1767 1767 10484 10484 1702 1703 10485 10485 1767 1767 10486 10486 1763 1763 10487 10487 1767 1767 10488 10488 1702 1703 10489 10489 1704 1704 10490 10490 1814 1814 10491 10491 1702 1703 10492 10492 1763 1763 10493 10493 1763 1763 10494 10494 1758 1758 10495 10495 1814 1814 10496 10496 1754 1755 10497 10497 1814 1814 10498 10498 1758 1758 10499 10499 1814 1814 10500 10500 1754 1755 10501 10501 1752 1752 10502 10502 1752 1752 10503 10503 1815 1815 10504 10504 1814 1814 10505 10505 1814 1814 10506 10506 1701 1702 10507 10507 1702 1703 10508 10508 1701 1702 10509 10509 1814 1814 10510 10510 1815 1815 10511 10511 1701 1702 10512 10512 1815 1815 10513 10513 1816 1816 10514 10514 1817 1817 10515 10515 1816 1816 10516 10516 1815 1815 10517 10517 1815 1815 10518 10518 1752 1752 10519 10519 1751 1751 10520 10520 1815 1815 10521 10521 1751 1751 10522 10522 1817 1817 10523 10523 1747 1747 10524 10524 1817 1817 10525 10525 1751 1751 10526 10526 1816 1816 10527 10527 1817 1817 10528 10528 1818 1818 10529 10529 1747 1747 10530 10530 1818 1818 10531 10531 1817 1817 10532 10532 1747 1747 10533 10533 1819 1819 10534 10534 1818 1818 10535 10535 1818 1818 10536 10536 1820 1820 10537 10537 1816 1816 10538 10538 1820 1820 10539 10539 1818 1818 10540 10540 1819 1819 10541 10541 1700 1701 10542 10542 1820 1820 10543 10543 1697 1698 10544 10544 1700 1701 10545 10545 1816 1816 10546 10546 1820 1820 10547 10547 1820 1820 10548 10548 1819 1819 10549 10549 1821 1821 10550 10550 1821 1821 10551 10551 1697 1698 10552 10552 1820 1820 10553 10553 1697 1698 10554 10554 1821 1821 10555 10555 1741 1741 10556 10556 1742 1742 10557 10557 1741 1741 10558 10558 1821 1821 10559 10559 1823 1822 10560 10560 1821 1821 10561 10561 1819 1819 10562 10562 1821 1821 10563 10563 1822 1823 10564 10564 1742 1742 10565 10565 1823 1822 10566 10566 1822 1823 10567 10567 1821 1821 10568 10568 1822 1823 10569 10569 1823 1822 10570 10570 1747 1747 10571 10571 1819 1819 10572 10572 1747 1747 10573 10573 1823 1822 10574 10574 1745 1746 10575 10575 1742 1742 10576 10576 1822 1823 10577 10577 1822 1823 10578 10578 1747 1747 10579 10579 1745 1746 10580 10580 1816 1816 10581 10581 1700 1701 10582 10582 1701 1702 10583 10583 1759 1760 10584 10584 1738 1738 10585 10585 1739 1739 10586 10586 1739 1739 10587 10587 1756 1756 10588 10588 1759 1760 10589 10589 1756 1756 10590 10590 1744 1744 10591 10591 1749 1750 10592 10592 1756 1756 10593 10593 1739 1739 10594 10594 1744 1744 10595 10595 1741 1741 10596 10596 1696 1695 10597 10597 1697 1698 10598 10598 1729 1729 10599 10599 1824 1824 10600 10600 1736 1736 10601 10601 1736 1736 10602 10602 1730 1730 10603 10603 1729 1729 10604 10604 1696 1695 10605 10605 1736 1736 10606 10606 1824 1824 10607 10607 1824 1824 10608 10608 1695 1696 10609 10609 1696 1695 10610 10610 1695 1696 10611 10611 1824 1824 10612 10612 1825 1825 10613 10613 1729 1729 10614 10614 1825 1825 10615 10615 1824 1824 10616 10616 1695 1696 10617 10617 1825 1825 10618 10618 1699 1699 10619 10619 1705 1706 10620 10620 1699 1699 10621 10621 1825 1825 10622 10622 1731 1731 10623 10623 1826 1826 10624 10624 1825 1825 10625 10625 1825 1825 10626 10626 1729 1729 10627 10627 1731 1731 10628 10628 1825 1825 10629 10629 1710 1710 10630 10630 1705 1706 10631 10631 1710 1710 10632 10632 1825 1825 10633 10633 1826 1826 10634 10634 1826 1826 10635 10635 1731 1731 10636 10636 1827 1827 10637 10637 1826 1826 10638 10638 1827 1827 10639 10639 1710 1710 10640 10640 1711 1711 10641 10641 1710 1710 10642 10642 1827 1827 10643 10643 1724 1725 10644 10644 1827 1827 10645 10645 1828 1828 10646 10646 1827 1827 10647 10647 1724 1725 10648 10648 1711 1711 10649 10649 1725 1724 10650 10650 1827 1827 10651 10651 1731 1731 10652 10652 1827 1827 10653 10653 1725 1724 10654 10654 1723 1723 10655 10655 1723 1723 10656 10656 1828 1828 10657 10657 1827 1827 10658 10658 1828 1828 10659 10659 1723 1723 10660 10660 1724 1725 10661 10661 1714 1715 10662 10662 1711 1711 10663 10663 1724 1725 10664 10664 1713 1713 10665 10665 1716 1716 10666 10666 1707 1707 10667 10667</p>
        </triangles>
      </mesh>
    </geometry>
  </library_geometries>
  <library_controllers>
    <controller id="skeleton_root_Mario-skin" name="skeleton_root">
      <skin source="#Mario_008-mesh">
        <bind_shape_matrix>1 0 0 0 0 1 0 0 0 0 1 0 0 0 0 1</bind_shape_matrix>
        <source id="skeleton_root_Mario-skin-joints">
          <Name_array id="skeleton_root_Mario-skin-joints-array" count="30">All_Root Center JointRoot Hip LegL1 LegL2 FootL LegR1 LegR2 FootR Spine1 Spine2 Head CapPosition Cap0 EyePosition Eye0 FacePosition Face0 ShoulderL ArmL1 ArmL2 HandL HandL0 ShoulderR ArmR1 ArmR2 HandR HandR0 PartsControl</Name_array>
          <technique_common>
            <accessor source="#skeleton_root_Mario-skin-joints-array" count="30" stride="1">
              <param name="JOINT" type="name"/>
            </accessor>
          </technique_common>
        </source>
        <source id="skeleton_root_Mario-skin-bind_poses">
          <float_array id="skeleton_root_Mario-skin-bind_poses-array" count="480">1 0 0 0 0 1 0 0 0 0 1 0 0 0 0 1 1 0 0 0 0 1 0 -59.5 0 0 1 0 0 0 0 1 1 0 0 0 0 1 0 -58 0 0 1 4 0 0 0 1 9.57489e-5 -1 0 57 9.59396e-5 0 1 3.999997 -1 -9.57636e-5 9.59396e-5 0.005842268 0 0 0 1 9.57489e-5 -1 0 50 9.59396e-5 0 1 1.723267 -1 -9.57636e-5 9.59396e-5 11.50584 0 0 0 1 9.59396e-5 -1 0 30.27123 9.59158e-5 0 1 1.723271 -1 -9.59543e-5 9.59158e-5 11.50585 0 0 0 1 1.17213e-4 -0.2550511 0.9669276 5.695479 -6.83033e-5 0.9669276 0.2550511 -14.84843 -1 -9.59543e-5 9.59158e-5 11.50585 0 0 0 1 9.57489e-5 -1 0 50 9.58919e-5 0 1 1.723268 -1 -9.57636e-5 9.5892e-5 -11.49416 0 0 0 1 9.59396e-5 -1 0 30.27123 9.59158e-5 0 1 1.723271 -1 -9.59543e-5 9.59158e-5 -11.49415 0 0 0 1 1.17213e-4 -0.2550511 0.9669276 5.695471 -6.83033e-5 0.9669276 0.2550511 -14.84844 -1 -9.59543e-5 9.59158e-5 -11.49415 0 0 0 1 9.57489e-5 1 0 -59 -9.59396e-5 0 1 3.999996 1 -9.57636e-5 9.59396e-5 0.006033778 0 0 0 1 9.61304e-5 1 0 -72 -9.59396e-5 0 1 3.999997 1 -9.61451e-5 9.59396e-5 0.006058394 0 0 0 1 -9.59304e-5 9.59568e-5 1 3.990788 -9.61396e-5 -1 9.59476e-5 96.00038 1 -9.61451e-5 9.59396e-5 0.006064116 0 0 0 1 1 -1.63773e-4 1.63765e-4 0.01282864 1.63805e-4 1 -2.87601e-4 -96.00115 -1.63658e-4 2.87628e-4 0.9999998 3.972388 0 0 0 1 1 -1.63732e-4 1.63758e-4 0.01282364 1.63765e-4 1 -2.87601e-4 -96.0431 -1.63651e-4 2.87628e-4 0.9999998 4.017513 0 0 0 1 1 -1.63773e-4 1.63765e-4 0.01282864 1.63805e-4 1 -2.87601e-4 -96.00115 -1.63658e-4 2.87628e-4 0.9999998 3.972388 0 0 0 1 1 -1.63732e-4 1.63758e-4 0.01282465 1.63765e-4 1 -2.87601e-4 -0.001140415 -1.63651e-4 2.87628e-4 0.9999998 -0.02761459 0 0 0 1 1 -1.63773e-4 1.63765e-4 0.01282864 1.63805e-4 1 -2.87601e-4 -96.00115 -1.63658e-4 2.87628e-4 0.9999998 3.972388 0 0 0 1 1 -1.63732e-4 1.63758e-4 0.01282364 1.63765e-4 1 -2.87601e-4 -96.00115 -1.63651e-4 2.87628e-4 0.9999998 3.972388 0 0 0 1 1 -1.63733e-4 1.63841e-4 -2.98833 -1.63718e-4 -1 0 80.0002 1.63841e-4 0 -1 -3.000201 0 0 0 1 1 -1.63706e-4 1.63841e-4 -16.98831 -1.63691e-4 -1 0 80.00021 1.63841e-4 0 -1 -3.000203 0 0 0 1 0.9999999 -1.63738e-4 4.51374e-4 -32.58744 1.63765e-4 1 -9.60565e-5 -80.0005 -4.51358e-4 9.6178e-5 1 3.001889 0 0 0 1 5.47298e-4 -9.5794e-5 -1 -3.00677 1.64084e-4 1 -9.56565e-5 -80.00051 1 -1.64049e-4 5.47338e-4 -50.58713 0 0 0 1 5.47275e-4 -9.5794e-5 -1 -3.004946 1.64084e-4 1 -9.56565e-5 -80.00746 1 -1.64049e-4 5.47314e-4 -50.58549 0 0 0 1 -1 3.30943e-5 -1.68473e-4 -3.001234 -3.30634e-5 -1 -9.60919e-5 79.9999 -1.68476e-4 -9.61671e-5 1 3.007476 0 0 0 1 -1 3.30609e-5 -1.68473e-4 -17.00121 -3.303e-5 -1 -9.61359e-5 79.9999 -1.68476e-4 -9.62111e-5 1 3.007477 0 0 0 1 -1 3.3047e-5 1.18965e-4 -32.60034 -3.30438e-5 -1 -9.61264e-5 79.99993 1.18962e-4 -9.62112e-5 1 3.016848 0 0 0 1 -2.15092e-4 9.58593e-5 -1 -3.021682 -3.2827e-5 -1 -9.57714e-5 79.99995 -1 3.2821e-5 2.15047e-4 -50.60004 0 0 0 1 -2.15098e-4 9.58593e-5 -1 -3.019864 -3.2827e-5 -1 -9.57714e-5 80.00685 -1 3.2821e-5 2.15054e-4 -50.59839 0 0 0 1 1 0 0 0 0 1 0 0 0 0 1 0 0 0 0 1</float_array>
          <technique_common>
            <accessor source="#skeleton_root_Mario-skin-bind_poses-array" count="30" stride="16">
              <param name="TRANSFORM" type="float4x4"/>
            </accessor>
          </technique_common>
        </source>
        <source id="skeleton_root_Mario-skin-weights">
          <float_array id="skeleton_root_Mario-skin-weights-array" count="2748">1 1 1 1 1 1 1 1 1 1 1 1 1 1 1 1 1 1 1 1 1 1 1 1 1 1 1 1 1 1 1 1 1 1 1 1 1 1 1 1 1 1 1 1 1 1 1 1 1 1 1 1 1 1 1 1 1 1 1 1 1 1 1 1 1 1 1 1 1 1 1 1 1 1 1 1 1 1 1 1 1 1 1 1 1 1 1 1 1 1 1 1 1 1 1 1 1 1 1 1 1 1 1 1 1 1 1 1 1 1 1 1 1 1 1 1 1 1 1 1 1 1 1 1 1 1 1 1 1 1 1 1 1 1 1 1 1 1 1 1 1 1 1 1 1 1 1 1 1 1 1 1 1 1 1 1 1 1 1 1 1 1 1 1 1 1 1 1 1 1 1 1 1 1 1 1 1 1 1 1 1 1 1 1 1 1 1 1 1 1 1 1 1 1 1 1 1 1 1 1 1 1 1 1 1 1 1 1 1 1 1 1 1 1 1 1 1 1 1 1 1 1 1 1 1 1 1 1 1 1 1 1 1 1 1 1 1 1 1 1 1 1 1 1 1 1 1 1 1 1 1 1 1 1 1 1 1 1 1 1 1 1 1 1 1 1 1 1 1 1 1 1 1 1 1 1 1 1 1 1 1 1 1 1 1 1 1 1 1 1 1 1 1 1 1 1 1 1 1 1 1 1 1 1 1 1 1 1 1 1 1 1 1 1 1 1 1 1 1 1 1 1 1 1 1 1 1 1 1 1 1 1 1 1 1 1 1 1 1 1 1 1 1 1 1 1 1 1 1 1 1 1 1 1 1 1 1 1 1 1 1 1 1 1 1 1 1 1 1 1 1 1 1 1 1 1 1 1 1 1 1 1 1 1 1 1 1 1 1 1 1 1 1 1 1 1 1 1 1 1 1 1 1 1 1 1 1 1 1 1 1 1 1 1 1 1 1 1 1 1 1 1 1 1 1 1 1 1 1 1 1 1 1 1 1 1 1 1 1 1 1 1 1 1 1 1 1 1 1 1 1 1 1 1 1 1 1 1 1 1 1 1 1 1 1 1 1 1 1 1 1 1 1 1 1 1 1 1 1 1 1 1 1 1 1 1 1 1 1 1 1 1 1 1 1 1 1 1 1 1 1 1 1 1 1 1 1 1 1 1 1 1 1 1 1 1 1 1 1 1 1 1 1 1 1 1 1 1 1 1 1 1 1 1 1 1 1 1 1 1 1 1 1 1 1 1 1 1 1 1 1 1 1 1 1 1 1 1 1 1 1 1 1 1 1 1 1 1 1 1 1 1 1 1 1 1 1 1 1 1 1 1 1 1 1 1 1 1 1 1 1 1 1 1 1 1 1 1 1 1 1 1 1 1 1 1 1 1 1 1 1 1 1 1 1 1 1 1 1 1 1 1 1 1 1 1 1 1 1 1 1 1 1 1 1 1 1 1 1 1 1 1 1 1 1 1 1 1 1 1 1 1 1 1 1 1 1 1 1 1 1 1 1 1 1 1 1 1 1 1 1 1 1 1 1 1 1 1 1 1 1 1 1 1 1 1 1 1 1 1 1 1 1 1 1 1 1 1 1 1 1 1 1 1 1 1 1 1 1 1 1 1 1 1 1 1 1 1 1 1 1 1 1 1 1 1 1 1 1 1 1 1 1 1 1 1 1 1 1 1 1 1 1 1 1 1 1 1 1 1 1 1 1 1 1 1 1 1 1 1 1 1 1 1 1 1 1 1 1 1 1 1 1 1 1 1 1 1 1 1 1 1 1 1 1 1 1 1 1 1 1 1 1 1 1 1 1 1 1 1 1 1 1 1 1 1 1 1 1 1 1 1 1 1 1 1 1 1 1 1 1 1 1 1 1 1 1 1 1 1 1 1 1 1 1 1 1 1 1 1 1 1 1 1 1 1 1 1 1 1 1 0.5 0.5 0.5 0.5 0.5 0.5 0.5 0.5 0.5 0.5 0.5 0.5 0.5 0.5 0.5 0.5 0.5 0.5 0.5 0.5 0.5 0.5 0.5 0.5 0.5 0.5 0.5 0.5 0.5 0.5 0.5 0.5 0.5 0.5 0.5 0.5 0.5 0.5 0.5 0.5 0.5 0.5 0.5 0.5 0.5 0.5 0.5 0.5 0.5 0.5 0.5 0.5 0.5 0.5 0.5 0.5 0.5 0.5 0.5 0.5 0.5 0.5 0.5 0.5 0.5 0.5 0.5 0.5 0.5 0.5 0.5 0.5 0.5 0.5 0.5 0.5 0.5 0.5 0.5 0.5 0.5 0.5 0.5 0.5 0.5 0.5 0.5 0.5 0.5 0.5 0.5 0.5 0.5 0.5 0.5 0.5 0.5 0.5 0.5 0.5 0.5 0.5 0.5 0.5 0.5 0.5 0.5 0.5 0.5 0.5 0.5 0.5 0.5 0.5 0.5 0.5 0.5 0.5 0.5 0.5 0.5 0.5 0.5 0.5 0.5 0.5 0.5 0.5 0.5 0.5 0.5 0.5 0.5 0.5 0.5 0.5 0.5 0.5 0.5 0.5 0.5 0.5 0.5 0.5 0.5 0.5 0.5 0.5 0.5 0.5 0.5 0.5 0.5 0.5 0.5 0.5 0.5 0.5 0.5 0.5 0.5 0.5 0.5 0.5 0.5 0.5 0.5 0.5 0.5 0.5 0.5 0.5 0.5 0.5 0.5 0.5 0.5 0.5 0.5 0.5 0.5 0.5 0.5 0.5 0.5 0.5 0.5 0.5 0.5 0.5 0.5 0.5 0.5 0.5 0.5 0.5 0.5 0.5 0.5 0.5 0.5 0.5 0.5 0.5 0.5 0.5 0.5 0.5 0.5 0.5 0.5 0.5 0.5 0.5 0.5 0.5 0.5 0.5 0.5 0.5 0.5 0.5 0.5 0.5 0.7 0.3 0.7 0.3 1 0.7 0.3 0.3 0.7 0.2 0.8 1 0.3 0.7 1 0.8 0.2 1 0.5384616 0.2307692 0.2307692 0.8181819 0.09090906 0.09090906 0.5 0.5 1 1 1 0.3 0.7 0.3 0.7 0.5384616 0.2307692 0.2307692 0.5384616 0.2307692 0.2307692 0.5384616 0.2307692 0.2307692 0.3333333 0.3333333 0.3333333 0.3333333 0.3333333 0.3333333 0.3333333 0.3333333 0.3333333 0.1111111 0.4444444 0.4444444 0.1111111 0.4444444 0.4444444 0.3333333 0.3333333 0.3333333 0.1111111 0.4444444 0.4444444 0.05263155 0.4736843 0.4736843 0.05263155 0.4736843 0.4736843 0.05263155 0.4736843 0.4736843 0.05263155 0.4736843 0.4736843 0.4563895 0.03651112 0.0507099 0.4563895 0.5 0.5 0.4563895 0.03651112 0.0507099 0.4563895 0.389105 0.1245136 0.09727627 0.389105 0.389105 0.1245136 0.09727627 0.389105 0.389105 0.1245136 0.09727627 0.389105 0.389105 0.1245136 0.09727627 0.389105 1 1 1 0.5 0.5 0.5 0.5 0.5 0.5 1 1 1 1 1 1 1 1 1 1 1 1 1 1 1 1 1 1 1 1 1 1 1 1 1 0.5 0.5 0.5 0.5 0.5 0.5 0.5 0.5 1 1 0.2 0.4 0.2 0.2 1 0.2 0.4 0.2 0.2 0.2 0.4 0.2 0.2 0.2 0.4 0.2 0.2 0.4563895 0.03651112 0.0507099 0.4563895 0.5 0.5 0.4563895 0.03651112 0.0507099 0.4563895 0.4563895 0.03651112 0.0507099 0.4563895 0.2 0.4 0.2 0.2 0.4563895 0.03651112 0.0507099 0.4563895 0.5 0.5 0.5 0.5 0.5 0.5 0.5 0.5 0.3333333 0.3333333 0.3333333 0.5 0.5 0.5 0.5 0.5 0.5 0.5 0.5 0.5 0.5 0.5 0.5 0.9 0.1 0.7 0.3 0.3 0.7 0.7 0.3 0.05263155 0.4736843 0.4736843 0.05263155 0.4736843 0.4736843 0.3 0.7 1 0.3 0.7 1 0.3 0.7 0.7 0.3 0.1111111 0.4444444 0.4444444 0.7 0.3 0.7 0.3 0.3 0.7 1 1 0.3 0.7 1 0.7 0.3 1 1 1 1 1 1 1 0.2 0.8 0.2 0.8 0.7 0.3 1 0.7 0.3 0.2 0.8 0.7 0.3 1 1 1 1 1 1 1 1 0.8181819 0.09090906 0.09090906 1 0.8181819 0.09090906 0.09090906 0.8181819 0.09090906 0.09090906 0.5384616 0.2307692 0.2307692 0.5384616 0.2307692 0.2307692 0.5384616 0.2307692 0.2307692 0.5384616 0.2307692 0.2307692 0.5384616 0.2307692 0.2307692 0.5384616 0.2307692 0.2307692 0.5384616 0.2307692 0.2307692 0.5384616 0.2307692 0.2307692 0.3333333 0.3333333 0.3333333 0.3333333 0.3333333 0.3333333 0.1111111 0.4444444 0.4444444 0.1111111 0.4444444 0.4444444 0.05263155 0.4736843 0.4736843 0.05263155 0.4736843 0.4736843 0.4563895 0.03651112 0.0507099 0.4563895 0.5 0.5 0.5 0.5 0.5 0.5 0.5 0.5 0.5 0.5 0.3176044 0.228675 0.1361162 0.3176044 0.5 0.5 0.2 0.4 0.2 0.2 0.4563895 0.03651112 0.0507099 0.4563895 0.5 0.5 0.5 0.5 0.5 0.5 0.5 0.5 0.4563895 0.03651112 0.0507099 0.4563895 0.5 0.5 0.5 0.5 0.3333333 0.3333333 0.3333333 0.3333333 0.3333333 0.3333333 0.3333333 0.3333333 0.3333333 0.4736843 0.05263155 0.4736843 0.5 0.5 0.5 0.5 0.4736843 0.05263155 0.4736843 0.4736843 0.05263155 0.4736843 0.5 0.5 0.3333333 0.3333333 0.3333333 0.3333333 0.3333333 0.3333333 0.5 0.5 0.5 0.5 0.5 0.5 0.5 0.5 0.05263155 0.4736843 0.4736843 0.05263155 0.4736843 0.4736843 0.05263155 0.4736843 0.4736843 0.5 0.5 0.05263155 0.4736843 0.4736843 0.1111111 0.4444444 0.4444444 0.1111111 0.4444444 0.4444444 0.1111111 0.4444444 0.4444444 0.3333333 0.3333333 0.3333333 0.3333333 0.3333333 0.3333333 0.3333333 0.3333333 0.3333333 0.5384616 0.2307692 0.2307692 0.5384616 0.2307692 0.2307692 0.3333333 0.3333333 0.3333333 0.1111111 0.4444444 0.4444444 0.3333333 0.3333333 0.3333333 0.5384616 0.2307692 0.2307692 0.3333333 0.3333333 0.3333333 0.1111111 0.4444444 0.4444444 0.1111111 0.4444444 0.4444444 0.05263155 0.4736843 0.4736843 0.05263155 0.4736843 0.4736843 0.5 0.5 0.5 0.5 0.5 0.5 0.5 0.5 0.5 0.5 0.5 0.5 0.5 0.5 0.5 0.5 0.5 0.5 0.5 0.5 0.4444444 0.4444444 0.1111111 0.4736843 0.4736843 0.05263155 0.4117648 0.4117648 0.1764705 0.5 0.5 0.5 0.5 0.3333333 0.3333333 0.3333333 0.3333333 0.3333333 0.3333333 0.5 0.5 0.4736843 0.4736843 0.05263155 0.4736843 0.4736843 0.05263155 0.5 0.5 0.5 0.5 0.5 0.5 0.5 0.5 0.5 0.5 0.5 0.5 0.4736843 0.4736843 0.05263155 0.4736843 0.4736843 0.05263155 0.3333333 0.3333333 0.3333333 0.3333333 0.3333333 0.3333333 0.5 0.5 0.5 0.5 0.3333333 0.3333333 0.3333333 0.5 0.5 0.3333333 0.3333333 0.3333333 0.3333333 0.3333333 0.3333333 1 1 1 1 1 1 1 1 1 1 1 1 1 1 1 1 1 1 1 1 1 1 1 1 1 1 1 1 0.3333333 0.3333333 0.3333333 0.3333333 0.3333333 0.3333333 1 1 1 0.3333333 0.3333333 0.3333333 0.3333333 0.3333333 0.3333333 0.5 0.5 0.5 0.5 0.5 0.5 0.3333333 0.3333333 0.3333333 1 1 0.3333333 0.3333333 0.3333333 1 0.3333333 0.3333333 0.3333333 0.5 0.5 0.3333333 0.3333333 0.3333333 0.5 0.5 0.3333333 0.3333333 0.3333333 0.4736843 0.4736843 0.05263155 0.4736843 0.4736843 0.05263155 0.5 0.5 0.5 0.5 0.5 0.5 0.3333333 0.3333333 0.3333333 0.5 0.5 0.5 0.5 0.5 0.5 0.4736843 0.4736843 0.05263155 0.4444444 0.4444444 0.1111111 0.05263155 0.4736843 0.4736843 0.05263155 0.4736843 0.4736843 0.1111111 0.4444444 0.4444444 0.1111111 0.4444444 0.4444444 0.05263155 0.4736843 0.4736843 0.4736843 0.4736843 0.05263155 0.4444444 0.4444444 0.1111111 0.4444444 0.4444444 0.1111111 0.05263155 0.4736843 0.4736843 0.1111111 0.4444444 0.4444444 0.05263155 0.4736843 0.4736843 0.1111111 0.4444444 0.4444444 0.3333333 0.3333333 0.3333333 0.3333333 0.3333333 0.3333333 0.3333333 0.3333333 0.3333333 0.5384616 0.2307692 0.2307692 0.5384616 0.2307692 0.2307692 0.5384616 0.2307692 0.2307692 0.5384616 0.2307692 0.2307692 0.5384616 0.2307692 0.2307692 0.5384616 0.2307692 0.2307692 1 0.8181819 0.09090906 0.09090906 0.8181819 0.09090906 0.09090906 1 1 1 1 1 1 1 0.7 0.3 0.7 0.3 0.2 0.8 0.7 0.3 0.2 0.8 0.7 0.3 0.2 0.8 1 1 1 1 1 1 1 1 1 1 1 1 1 1 1 1 1 1 1 1 1 1 1 1 1 1 1 1 0.3 0.7 0.3 0.7 0.7 0.3 0.7 0.3 0.7 0.3 0.8 0.2 0.3 0.7 0.3 0.7 0.3 0.7 0.5384616 0.2307692 0.2307692 0.6 0.4 0.5 0.5 0.2 0.8 1 1 1 1 1 1 0.3 0.7 1 1 0.3 0.7 1 1 0.9 0.1 0.9 0.1 1 1 0.3 0.7 0.3 0.7 1 0.9 0.1 1 0.9 0.1 1 0.3 0.7 1 0.9 0.1 0.9 0.1 0.7 0.3 0.7 0.3 0.3 0.7 0.7 0.3 0.3 0.7 0.7 0.3 0.3 0.7 0.7 0.3 0.3 0.7 0.7 0.3 0.7 0.3 0.7 0.3 0.7 0.3 0.7 0.3 0.3 0.7 0.3 0.7 0.3 0.7 0.5 0.5 0.5 0.5 0.7 0.3 0.7 0.3 0.3 0.7 0.5 0.5 0.3 0.7 0.5 0.5 0.9 0.1 0.9 0.1 0.5 0.5 0.3 0.7 0.7 0.3 0.3 0.7 0.7 0.3 0.5 0.5 0.9 0.1 0.5 0.5 0.3 0.7 0.3 0.7 0.7 0.3 0.7 0.3 0.7 0.3 0.7 0.3 0.9 0.1 0.7 0.3 0.9 0.1 1 1 1 1 0.9 0.1 0.9 0.1 0.3333333 0.3333333 0.3333333 0.3333333 0.3333333 0.3333333 0.5384616 0.2307692 0.2307692 0.7 0.3 0.1111111 0.4444444 0.4444444 0.7 0.3 0.3 0.7 0.3 0.7 1 1 1 1 1 1 1 1 1 1 1 1 1 0.8181819 0.09090906 0.09090906 0.8181819 0.09090906 0.09090906 0.8181819 0.09090906 0.09090906 0.5384616 0.2307692 0.2307692 0.5384616 0.2307692 0.2307692 0.5384616 0.2307692 0.2307692 0.3333333 0.3333333 0.3333333 0.5 0.5 0.3333333 0.3333333 0.3333333 0.3333333 0.3333333 0.3333333 0.3333333 0.3333333 0.3333333 1 1 0.5 0.5 0.5 0.5 1 1 1 1 1 1 0.5 0.5 1 0.5 0.5 1 1 1 1 1 0.6 0.4 0.2 0.8 0.3 0.7 0.3 0.7 0.3 0.7 1 1 1 1 1 1 1 0.3 0.7 1 1 1 0.9 0.1 0.9 0.1 0.5 0.5 0.5 0.5 0.9 0.1 0.9 0.1 1 0.5 0.5 0.9 0.1 0.3 0.7 0.3 0.7 0.5 0.5 0.3 0.7 0.5 0.5 0.7 0.3 0.9 0.1 0.9 0.1 1 0.9 0.1 0.7 0.3 0.9 0.1 0.3 0.7 0.7 0.3 0.3 0.7 0.7 0.3 0.3 0.7 0.7 0.3 0.9 0.1 0.3 0.7 0.7 0.3 0.7 0.3 0.7 0.3 0.7 0.3 0.7 0.3 0.3 0.7 0.7 0.3 0.7 0.3 0.7 0.3 0.3 0.7 0.7 0.3 0.3 0.7 0.7 0.3 0.3 0.7 0.5 0.5 0.3 0.7 0.5 0.5 0.3 0.7 0.7 0.3 0.9 0.1 0.9 0.1 0.9 0.1 1 0.3 0.7 1 1 1 0.7 0.3 0.7 0.3 0.7 0.3 1 1 1 1 1 1 0.7 0.3 1 0.7 0.3 1 0.7 0.3 0.7 0.3 0.7 0.3 1 1 1 1 1 1 1 1 1 1 1 1 1 1 1 1 1 1 1 1 1 1 1 1 1 1 1 1 1 1 1 1 1 1 1 1 1 1 1 1 1 1 1 1 1 1 1 1 1 1 1 1 1 1 1 1 1 1 1 1 1 1 1 1 1 1 1 1 1 1 1 1 1 1 1 1 1 1 1 1 1 1 1 1 1 0.7 0.3 0.7 0.3 0.7 0.3 0.7 0.3 0.7 0.3 0.7 0.3 0.7 0.3 0.7 0.3 0.7 0.3 0.7 0.3 0.7 0.3 0.7 0.3 0.7 0.3 1 1 1 1 0.7 0.3 0.7 0.3 0.7 0.3 0.7 0.3 0.7 0.3 0.7 0.3 0.7 0.3 0.7 0.3 1 0.7 0.3 1 0.7 0.3 0.7 0.3 0.7 0.3 0.7 0.3 0.7 0.3 0.7 0.3 0.7 0.3 0.7 0.3 0.7 0.3 0.7 0.3 0.7 0.3 0.7 0.3 0.7 0.3 0.7 0.3 1 0.7 0.3 1 0.7 0.3 0.7 0.3 0.7 0.3 1 0.7 0.3 0.7 0.3 0.7 0.3 1 1 1 1 1 1 1 1 1 1 1 1 1 1 1 1 1 1 1 1 1 1 1 1 1 1 1 1 1 1 1 1 1 1 0.7 0.3 0.7 0.3 0.7 0.3 0.7 0.3 0.7 0.3 0.7 0.3 0.7 0.3 0.7 0.3 0.7 0.3 0.7 0.3 0.7 0.3 0.7 0.3 0.7 0.3 0.7 0.3 0.7 0.3 0.7 0.3 0.7 0.3 0.7 0.3 0.7 0.3 0.7 0.3 0.7 0.3 0.7 0.3 0.7 0.3 1 1 1 0.7 0.3 1 1 1 1 1 1 1 1 1 1 1 1 1 1 1 1 1 1 1 1 1 1 1 1 1 1 1 1 1 1 1 1 1 1 1 1 1 1 1 1 1 1 1 1 1 1 1 1 1 1 0.7 0.3 0.7 0.3 0.7 0.3 0.7 0.3 0.7 0.3 0.7 0.3 0.7 0.3 0.7 0.3 0.7 0.3 0.7 0.3 1 1 1 1 1 1 1 1 1 1 1 1 1 1 1 1 1 1 1 1 1 1 1 1 1 1 1 1 1 1 1 1 1 1 1 1 1 1 1 1 1 1 1 1 1 1 1 1 1 1 1 1 1 1 1 1 1 1 1 1 1 1 1 1 1 1 1 1 1 1 1 1 1 1 1 1 1 1 1 1 1 1 1 1 1 1 1 1 1 1 1 1 1 1 1 1 1 1 1 1 1 1 1 1 1 1 1 1 1 1 1 1 1 1 1 1 1 1 1 1 1 1 1 1 1 1 1 1 1 1 1 1 1 1 1 1 1 1 1 1 1 1 1 1 1 1 1 1 1 1 1 1 1 1 1 1 1 1 1 1 1</float_array>
          <technique_common>
            <accessor source="#skeleton_root_Mario-skin-weights-array" count="2748" stride="1">
              <param name="WEIGHT" type="float"/>
            </accessor>
          </technique_common>
        </source>
        <joints>
          <input semantic="JOINT" source="#skeleton_root_Mario-skin-joints"/>
          <input semantic="INV_BIND_MATRIX" source="#skeleton_root_Mario-skin-bind_poses"/>
        </joints>
        <vertex_weights count="1985">
          <input semantic="JOINT" source="#skeleton_root_Mario-skin-joints" offset="0"/>
          <input semantic="WEIGHT" source="#skeleton_root_Mario-skin-weights" offset="1"/>
          <vcount>1 1 1 1 1 1 1 1 1 1 1 1 1 1 1 1 1 1 1 1 1 1 1 1 1 1 1 1 1 1 1 1 1 1 1 1 1 1 1 1 1 1 1 1 1 1 1 1 1 1 1 1 1 1 1 1 1 1 1 1 1 1 1 1 1 1 1 1 1 1 1 1 1 1 1 1 1 1 1 1 1 1 1 1 1 1 1 1 1 1 1 1 1 1 1 1 1 1 1 1 1 1 1 1 1 1 1 1 1 1 1 1 1 1 1 1 1 1 1 1 1 1 1 1 1 1 1 1 1 1 1 1 1 1 1 1 1 1 1 1 1 1 1 1 1 1 1 1 1 1 1 1 1 1 1 1 1 1 1 1 1 1 1 1 1 1 1 1 1 1 1 1 1 1 1 1 1 1 1 1 1 1 1 1 1 1 1 1 1 1 1 1 1 1 1 1 1 1 1 1 1 1 1 1 1 1 1 1 1 1 1 1 1 1 1 1 1 1 1 1 1 1 1 1 1 1 1 1 1 1 1 1 1 1 1 1 1 1 1 1 1 1 1 1 1 1 1 1 1 1 1 1 1 1 1 1 1 1 1 1 1 1 1 1 1 1 1 1 1 1 1 1 1 1 1 1 1 1 1 1 1 1 1 1 1 1 1 1 1 1 1 1 1 1 1 1 1 1 1 1 1 1 1 1 1 1 1 1 1 1 1 1 1 1 1 1 1 1 1 1 1 1 1 1 1 1 1 1 1 1 1 1 1 1 1 1 1 1 1 1 1 1 1 1 1 1 1 1 1 1 1 1 1 1 1 1 1 1 1 1 1 1 1 1 1 1 1 1 1 1 1 1 1 1 1 1 1 1 1 1 1 1 1 1 1 1 1 1 1 1 1 1 1 1 1 1 1 1 1 1 1 1 1 1 1 1 1 1 1 1 1 1 1 1 1 1 1 1 1 1 1 1 1 1 1 1 1 1 1 1 1 1 1 1 1 1 1 1 1 1 1 1 1 1 1 1 1 1 1 1 1 1 1 1 1 1 1 1 1 1 1 1 1 1 1 1 1 1 1 1 1 1 1 1 1 1 1 1 1 1 1 1 1 1 1 1 1 1 1 1 1 1 1 1 1 1 1 1 1 1 1 1 1 1 1 1 1 1 1 1 1 1 1 1 1 1 1 1 1 1 1 1 1 1 1 1 1 1 1 1 1 1 1 1 1 1 1 1 1 1 1 1 1 1 1 1 1 1 1 1 1 1 1 1 1 1 1 1 1 1 1 1 1 1 1 1 1 1 1 1 1 1 1 1 1 1 1 1 1 1 1 1 1 1 1 1 1 1 1 1 1 1 1 1 1 1 1 1 1 1 1 1 1 1 1 1 1 1 1 1 1 1 1 1 1 1 1 1 1 1 1 1 1 1 1 1 1 1 1 1 1 1 1 1 1 1 1 1 1 1 1 1 1 1 1 1 1 1 1 1 1 1 1 1 1 1 1 1 1 1 1 1 1 1 1 1 1 1 1 1 1 1 1 1 1 1 1 1 1 1 1 1 1 1 1 1 1 1 1 1 1 1 1 1 1 1 1 1 1 1 1 1 1 1 1 1 1 1 1 1 1 1 1 1 1 1 1 1 1 1 1 1 1 1 1 1 1 1 1 1 1 1 1 1 1 1 1 1 1 1 1 1 1 1 1 1 1 1 1 1 1 1 1 1 1 1 1 1 1 1 1 1 1 1 1 1 1 1 1 1 1 1 1 1 1 1 1 1 1 1 1 1 1 1 1 1 1 1 1 1 1 1 1 1 1 1 1 1 1 1 1 1 1 1 1 1 1 1 1 1 1 1 1 1 1 1 1 1 1 1 1 1 1 1 1 1 1 1 1 1 1 1 1 1 1 1 1 1 1 1 1 1 1 1 1 1 1 1 1 1 1 2 2 2 2 2 2 2 2 2 2 2 2 2 2 2 2 2 2 2 2 2 2 2 2 2 2 2 2 2 2 2 2 2 2 2 2 2 2 2 2 2 2 2 2 2 2 2 2 2 2 2 2 2 2 2 2 2 2 2 2 2 2 2 2 2 2 2 2 2 2 2 2 2 2 2 2 2 2 2 2 2 2 2 2 2 2 2 2 2 2 2 2 2 2 2 2 2 2 2 2 2 2 2 2 2 2 2 2 2 2 2 2 2 2 1 2 2 2 1 2 1 2 1 3 3 2 1 1 1 2 2 3 3 3 3 3 3 3 3 3 3 3 3 3 3 4 2 4 4 4 4 4 1 1 1 2 2 2 1 1 1 1 1 1 1 1 1 1 1 1 1 1 1 1 1 1 1 1 1 1 1 1 1 2 2 2 2 1 1 4 1 4 4 4 4 2 4 4 4 4 2 2 2 2 3 2 2 2 2 2 2 2 2 2 2 3 3 2 1 2 1 2 2 3 2 2 2 1 1 2 1 2 1 1 1 1 1 1 1 2 2 2 1 2 2 2 1 1 1 1 1 1 1 1 3 1 3 3 3 3 3 3 3 3 3 3 3 3 3 3 3 3 4 2 2 2 2 2 4 2 4 4 2 2 2 2 4 2 2 3 3 3 3 2 2 3 3 2 3 3 2 2 2 2 3 3 3 2 3 3 3 3 3 3 3 3 3 3 3 3 3 3 3 3 3 3 2 2 2 2 2 2 2 2 2 2 3 3 3 2 2 3 3 2 3 3 2 2 2 2 2 2 3 3 3 3 2 2 3 2 3 3 1 1 1 1 1 1 1 1 1 1 1 1 1 1 1 1 1 1 1 1 1 1 1 1 1 1 1 1 3 3 1 1 1 3 3 2 2 2 3 1 1 3 1 3 2 3 2 3 3 3 2 2 2 3 2 2 2 3 3 3 3 3 3 3 3 3 3 3 3 3 3 3 3 3 3 3 3 3 3 3 1 3 3 1 1 1 1 1 1 1 2 2 2 2 2 2 2 1 1 1 1 1 1 1 1 1 1 1 1 1 1 1 1 1 1 1 1 1 1 1 1 1 1 1 1 2 2 2 2 2 2 2 2 2 3 2 2 2 1 1 1 1 1 1 2 1 1 2 1 1 2 2 1 1 2 2 1 2 1 2 1 2 1 2 2 2 2 2 2 2 2 2 2 2 2 2 2 2 2 2 2 2 2 2 2 2 2 2 2 2 2 2 2 2 2 2 2 2 2 2 2 2 2 2 2 2 2 2 2 1 1 1 1 2 2 3 3 3 2 3 2 2 2 1 1 1 1 1 1 1 1 1 1 1 1 1 3 3 3 3 3 3 3 2 3 3 3 1 1 2 2 1 1 1 1 1 1 2 1 2 1 1 1 1 1 2 2 2 2 2 1 1 1 1 1 1 1 2 1 1 1 2 2 2 2 2 2 1 2 2 2 2 2 2 2 2 2 2 1 2 2 2 2 2 2 2 2 2 2 2 2 2 2 2 2 2 2 2 2 2 2 2 2 2 2 2 2 2 2 2 2 2 1 2 1 1 1 2 2 2 1 1 1 1 1 1 2 1 2 1 2 2 2 1 1 1 1 1 1 1 1 1 1 1 1 1 1 1 1 1 1 1 1 1 1 1 1 1 1 1 1 1 1 1 1 1 1 1 1 1 1 1 1 1 1 1 1 1 1 1 1 1 1 1 1 1 1 1 1 1 1 1 1 1 1 1 1 1 1 1 1 1 1 1 1 1 1 1 1 1 1 1 1 1 1 1 1 1 2 2 2 2 2 2 2 2 2 2 2 2 2 1 1 1 1 2 2 2 2 2 2 2 2 1 2 1 2 2 2 2 2 2 2 2 2 2 2 2 2 2 1 2 1 2 2 2 1 2 2 2 1 1 1 1 1 1 1 1 1 1 1 1 1 1 1 1 1 1 1 1 1 1 1 1 1 1 1 1 1 1 1 1 1 1 2 2 2 2 2 2 2 2 2 2 2 2 2 2 2 2 2 2 2 2 2 2 2 1 1 1 2 1 1 1 1 1 1 1 1 1 1 1 1 1 1 1 1 1 1 1 1 1 1 1 1 1 1 1 1 1 1 1 1 1 1 1 1 1 1 1 1 1 1 1 1 1 1 1 1 1 1 2 2 2 2 2 2 2 2 2 2 1 1 1 1 1 1 1 1 1 1 1 1 1 1 1 1 1 1 1 1 1 1 1 1 1 1 1 1 1 1 1 1 1 1 1 1 1 1 1 1 1 1 1 1 1 1 1 1 1 1 1 1 1 1 1 1 1 1 1 1 1 1 1 1 1 1 1 1 1 1 1 1 1 1 1 1 1 1 1 1 1 1 1 1 1 1 1 1 1 1 1 1 1 1 1 1 1 1 1 1 1 1 1 1 1 1 1 1 1 1 1 1 1 1 1 1 1 1 1 1 1 1 1 1 1 1 1 1 1 1 1 1 1 1 1 1 1 1 1 1 1 1 1 1 1 1 1 1 1 1 1 1 1 1 1 1 1 1 1 1 1 </vcount>
          <v>28 0 28 1 28 2 28 3 28 4 28 5 28 6 28 7 28 8 28 9 28 10 28 11 28 12 28 13 28 14 28 15 28 16 28 17 28 18 28 19 28 20 28 21 28 22 28 23 28 24 28 25 28 26 28 27 28 28 28 29 28 30 28 31 28 32 28 33 28 34 28 35 28 36 28 37 28 38 28 39 28 40 28 41 28 42 28 43 28 44 28 45 28 46 28 47 28 48 28 49 28 50 28 51 28 52 28 53 28 54 28 55 28 56 28 57 28 58 28 59 28 60 28 61 28 62 28 63 28 64 28 65 28 66 28 67 28 68 28 69 28 70 28 71 28 72 28 73 28 74 28 75 28 76 28 77 28 78 28 79 28 80 28 81 28 82 28 83 28 84 28 85 28 86 28 87 28 88 28 89 28 90 28 91 28 92 28 93 28 94 28 95 28 96 28 97 28 98 28 99 28 100 28 101 28 102 28 103 28 104 28 105 28 106 28 107 28 108 28 109 28 110 28 111 28 112 28 113 28 114 28 115 28 116 28 117 28 118 28 119 28 120 28 121 28 122 28 123 28 124 28 125 28 126 28 127 28 128 28 129 28 130 28 131 28 132 28 133 28 134 28 135 28 136 28 137 28 138 28 139 28 140 28 141 28 142 28 143 28 144 28 145 28 146 28 147 28 148 28 149 28 150 28 151 28 152 28 153 28 154 28 155 12 156 12 157 12 158 12 159 12 160 12 161 12 162 12 163 12 164 12 165 12 166 12 167 12 168 12 169 12 170 12 171 12 172 12 173 12 174 12 175 12 176 12 177 12 178 12 179 12 180 12 181 12 182 12 183 12 184 12 185 12 186 12 187 12 188 12 189 12 190 12 191 12 192 12 193 12 194 12 195 12 196 12 197 12 198 12 199 12 200 12 201 12 202 12 203 12 204 12 205 12 206 12 207 12 208 12 209 12 210 12 211 12 212 12 213 12 214 12 215 12 216 12 217 12 218 12 219 12 220 12 221 12 222 12 223 12 224 12 225 12 226 12 227 12 228 12 229 12 230 12 231 12 232 12 233 12 234 12 235 12 236 12 237 12 238 12 239 12 240 12 241 12 242 12 243 12 244 12 245 12 246 12 247 12 248 12 249 12 250 12 251 12 252 12 253 12 254 12 255 12 256 12 257 12 258 12 259 12 260 12 261 12 262 12 263 12 264 12 265 12 266 12 267 12 268 12 269 12 270 12 271 12 272 12 273 12 274 12 275 12 276 12 277 12 278 12 279 12 280 12 281 12 282 12 283 12 284 12 285 12 286 12 287 12 288 12 289 12 290 12 291 12 292 12 293 12 294 12 295 12 296 12 297 12 298 12 299 12 300 12 301 12 302 12 303 12 304 12 305 12 306 12 307 12 308 12 309 12 310 12 311 12 312 12 313 12 314 12 315 12 316 12 317 12 318 12 319 12 320 12 321 12 322 12 323 12 324 12 325 12 326 12 327 12 328 12 329 12 330 12 331 12 332 12 333 12 334 12 335 12 336 12 337 12 338 12 339 12 340 12 341 12 342 12 343 12 344 12 345 12 346 12 347 12 348 12 349 12 350 12 351 12 352 12 353 12 354 12 355 12 356 12 357 12 358 12 359 12 360 12 361 12 362 12 363 12 364 12 365 12 366 12 367 12 368 12 369 12 370 12 371 12 372 12 373 12 374 12 375 12 376 12 377 12 378 12 379 12 380 12 381 12 382 12 383 12 384 12 385 12 386 12 387 12 388 12 389 12 390 12 391 12 392 12 393 12 394 12 395 12 396 12 397 12 398 12 399 12 400 12 401 12 402 12 403 12 404 12 405 12 406 12 407 12 408 12 409 12 410 12 411 12 412 12 413 12 414 12 415 12 416 12 417 12 418 12 419 12 420 12 421 12 422 12 423 12 424 12 425 12 426 12 427 12 428 12 429 12 430 12 431 12 432 12 433 12 434 12 435 12 436 12 437 12 438 12 439 12 440 12 441 12 442 12 443 12 444 12 445 12 446 12 447 12 448 12 449 12 450 12 451 12 452 12 453 12 454 12 455 12 456 12 457 12 458 12 459 12 460 12 461 12 462 12 463 12 464 12 465 12 466 12 467 12 468 12 469 12 470 12 471 12 472 12 473 12 474 12 475 12 476 12 477 12 478 12 479 12 480 12 481 12 482 12 483 12 484 12 485 12 486 12 487 12 488 12 489 12 490 12 491 12 492 12 493 12 494 12 495 12 496 12 497 12 498 12 499 12 500 12 501 12 502 12 503 12 504 12 505 12 506 12 507 12 508 12 509 12 510 12 511 12 512 12 513 12 514 12 515 12 516 12 517 12 518 12 519 12 520 12 521 12 522 12 523 12 524 12 525 12 526 12 527 12 528 12 529 12 530 12 531 12 532 12 533 12 534 12 535 12 536 12 537 12 538 12 539 12 540 12 541 12 542 12 543 12 544 12 545 12 546 12 547 12 548 12 549 12 550 12 551 12 552 12 553 12 554 12 555 12 556 12 557 12 558 12 559 12 560 12 561 12 562 12 563 12 564 12 565 12 566 12 567 12 568 12 569 12 570 12 571 12 572 12 573 12 574 12 575 12 576 12 577 12 578 12 579 12 580 12 581 12 582 12 583 12 584 12 585 12 586 12 587 12 588 12 589 12 590 12 591 12 592 12 593 12 594 12 595 12 596 12 597 12 598 12 599 12 600 12 601 12 602 12 603 12 604 12 605 12 606 12 607 12 608 12 609 12 610 12 611 12 612 12 613 12 614 12 615 12 616 12 617 12 618 12 619 12 620 12 621 12 622 12 623 12 624 12 625 12 626 12 627 12 628 12 629 12 630 12 631 12 632 12 633 12 634 12 635 12 636 12 637 12 638 12 639 12 640 12 641 12 642 12 643 12 644 12 645 12 646 12 647 12 648 12 649 12 650 12 651 12 652 12 653 12 654 12 655 12 656 12 657 12 658 12 659 12 660 12 661 12 662 12 663 12 664 12 665 12 666 12 667 12 668 12 669 12 670 12 671 12 672 12 673 12 674 12 675 12 676 12 677 12 678 12 679 12 680 12 681 12 682 12 683 12 684 12 685 12 686 12 687 12 688 12 689 12 690 12 691 12 692 12 693 12 694 12 695 12 696 12 697 12 698 12 699 12 700 12 701 12 702 12 703 12 704 12 705 12 706 12 707 12 708 12 709 12 710 12 711 12 712 12 713 12 714 12 715 12 716 12 717 12 718 12 719 12 720 12 721 12 722 12 723 12 724 12 725 12 726 12 727 12 728 12 729 12 730 12 731 12 732 12 733 12 734 12 735 12 736 12 737 12 738 12 739 12 740 12 741 12 742 12 743 12 744 12 745 12 746 12 747 12 748 12 749 12 750 12 751 12 752 12 753 12 754 12 755 12 756 12 757 12 758 12 759 12 760 12 761 12 762 12 763 12 764 12 765 12 766 12 767 12 768 12 769 12 770 12 771 12 772 12 773 12 774 12 775 12 776 12 777 12 778 12 779 12 780 12 781 12 782 12 783 12 784 12 785 12 786 12 787 12 788 12 789 12 790 12 791 12 792 12 793 12 794 12 795 12 796 12 797 12 798 12 799 12 800 12 801 12 802 12 803 12 804 12 805 12 806 12 807 12 808 12 809 12 810 12 811 12 812 12 813 12 814 12 815 12 816 12 817 12 818 12 819 12 820 12 821 12 822 12 823 12 824 12 825 12 826 12 827 12 828 12 829 12 830 12 831 12 832 12 833 12 834 12 835 12 836 12 837 12 838 12 839 12 840 12 841 12 842 12 843 12 844 12 845 12 846 12 847 12 848 12 849 12 850 10 851 24 852 10 853 24 854 10 855 24 856 10 857 24 858 10 859 24 860 10 861 24 862 10 863 24 864 10 865 24 866 10 867 24 868 10 869 24 870 10 871 24 872 10 873 24 874 10 875 24 876 10 877 24 878 10 879 24 880 10 881 24 882 10 883 24 884 10 885 24 886 10 887 24 888 10 889 24 890 10 891 24 892 10 893 24 894 10 895 24 896 10 897 24 898 10 899 24 900 10 901 24 902 10 903 24 904 10 905 24 906 10 907 24 908 10 909 24 910 10 911 24 912 10 913 24 914 10 915 24 916 10 917 24 918 10 919 24 920 10 921 24 922 10 923 24 924 10 925 24 926 10 927 24 928 10 929 24 930 10 931 24 932 10 933 24 934 10 935 24 936 10 937 24 938 10 939 24 940 10 941 24 942 10 943 24 944 10 945 24 946 10 947 24 948 10 949 24 950 10 951 24 952 10 953 24 954 10 955 24 956 10 957 24 958 10 959 24 960 10 961 24 962 10 963 24 964 10 965 24 966 10 967 24 968 10 969 24 970 10 971 24 972 10 973 24 974 10 975 24 976 10 977 24 978 10 979 24 980 10 981 24 982 10 983 24 984 10 985 24 986 10 987 24 988 10 989 24 990 10 991 24 992 10 993 24 994 10 995 24 996 10 997 24 998 10 999 24 1000 10 1001 24 1002 10 1003 24 1004 10 1005 24 1006 10 1007 24 1008 10 1009 24 1010 10 1011 24 1012 10 1013 24 1014 10 1015 24 1016 10 1017 24 1018 10 1019 24 1020 10 1021 24 1022 10 1023 24 1024 10 1025 24 1026 10 1027 24 1028 10 1029 24 1030 10 1031 24 1032 10 1033 24 1034 10 1035 24 1036 10 1037 24 1038 10 1039 24 1040 10 1041 24 1042 10 1043 24 1044 10 1045 24 1046 10 1047 24 1048 10 1049 24 1050 10 1051 24 1052 10 1053 24 1054 10 1055 24 1056 10 1057 24 1058 10 1059 24 1060 10 1061 24 1062 10 1063 24 1064 10 1065 24 1066 10 1067 24 1068 10 1069 24 1070 10 1071 24 1072 10 1073 24 1074 3 1075 11 1076 3 1077 11 1078 3 1079 3 1080 11 1081 3 1082 11 1083 3 1084 11 1085 3 1086 3 1087 4 1088 3 1089 3 1090 4 1091 3 1092 3 1093 10 1094 24 1095 3 1096 10 1097 24 1098 3 1099 4 1100 3 1101 4 1102 4 1103 3 1104 4 1105 3 1106 4 1107 3 1108 10 1109 24 1110 3 1111 10 1112 24 1113 3 1114 10 1115 24 1116 3 1117 10 1118 24 1119 3 1120 10 1121 24 1122 3 1123 10 1124 24 1125 3 1126 10 1127 24 1128 3 1129 10 1130 24 1131 3 1132 10 1133 24 1134 3 1135 10 1136 24 1137 3 1138 10 1139 24 1140 3 1141 10 1142 24 1143 3 1144 10 1145 24 1146 3 1147 10 1148 24 1149 10 1150 19 1151 20 1152 24 1153 10 1154 24 1155 10 1156 19 1157 20 1158 24 1159 10 1160 19 1161 20 1162 24 1163 10 1164 19 1165 20 1166 24 1167 10 1168 19 1169 20 1170 24 1171 10 1172 19 1173 20 1174 24 1175 20 1176 20 1177 20 1178 20 1179 21 1180 20 1181 21 1182 20 1183 21 1184 21 1185 22 1186 21 1187 21 1188 22 1189 22 1190 22 1191 22 1192 22 1193 22 1194 22 1195 22 1196 22 1197 22 1198 22 1199 22 1200 22 1201 22 1202 22 1203 22 1204 22 1205 21 1206 21 1207 22 1208 21 1209 20 1210 21 1211 20 1212 21 1213 20 1214 21 1215 20 1216 21 1217 20 1218 20 1219 10 1220 19 1221 20 1222 24 1223 20 1224 10 1225 19 1226 20 1227 24 1228 10 1229 19 1230 20 1231 24 1232 10 1233 19 1234 20 1235 24 1236 10 1237 19 1238 20 1239 24 1240 10 1241 24 1242 10 1243 19 1244 20 1245 24 1246 10 1247 19 1248 20 1249 24 1250 10 1251 19 1252 20 1253 24 1254 10 1255 19 1256 20 1257 24 1258 10 1259 24 1260 10 1261 24 1262 10 1263 24 1264 10 1265 24 1266 10 1267 12 1268 24 1269 10 1270 24 1271 10 1272 24 1273 10 1274 24 1275 10 1276 24 1277 10 1278 24 1279 10 1280 24 1281 3 1282 11 1283 3 1284 11 1285 3 1286 11 1287 3 1288 11 1289 3 1290 10 1291 24 1292 3 1293 10 1294 24 1295 3 1296 11 1297 11 1298 3 1299 11 1300 11 1301 3 1302 11 1303 3 1304 11 1305 3 1306 10 1307 24 1308 3 1309 11 1310 3 1311 11 1312 3 1313 11 1314 11 1315 11 1316 3 1317 11 1318 11 1319 3 1320 11 1321 11 1322 11 1323 11 1324 11 1325 11 1326 11 1327 11 1328 3 1329 11 1330 3 1331 11 1332 3 1333 11 1334 3 1335 3 1336 11 1337 3 1338 11 1339 3 1340 11 1341 3 1342 3 1343 3 1344 3 1345 3 1346 3 1347 3 1348 3 1349 3 1350 10 1351 24 1352 3 1353 3 1354 10 1355 24 1356 3 1357 10 1358 24 1359 3 1360 10 1361 24 1362 3 1363 10 1364 24 1365 3 1366 10 1367 24 1368 3 1369 10 1370 24 1371 3 1372 10 1373 24 1374 3 1375 10 1376 24 1377 3 1378 10 1379 24 1380 3 1381 10 1382 24 1383 3 1384 10 1385 24 1386 3 1387 10 1388 24 1389 3 1390 10 1391 24 1392 3 1393 10 1394 24 1395 3 1396 10 1397 24 1398 3 1399 10 1400 24 1401 10 1402 19 1403 20 1404 24 1405 10 1406 24 1407 10 1408 24 1409 10 1410 24 1411 10 1412 24 1413 10 1414 24 1415 10 1416 19 1417 20 1418 24 1419 10 1420 24 1421 10 1422 19 1423 20 1424 24 1425 10 1426 19 1427 20 1428 24 1429 10 1430 24 1431 10 1432 24 1433 10 1434 24 1435 10 1436 24 1437 10 1438 19 1439 20 1440 24 1441 10 1442 24 1443 10 1444 24 1445 10 1446 12 1447 24 1448 10 1449 12 1450 24 1451 10 1452 12 1453 24 1454 10 1455 12 1456 24 1457 10 1458 24 1459 10 1460 24 1461 10 1462 12 1463 24 1464 10 1465 12 1466 24 1467 10 1468 24 1469 10 1470 12 1471 24 1472 10 1473 12 1474 24 1475 10 1476 24 1477 10 1478 24 1479 10 1480 24 1481 10 1482 24 1483 3 1484 10 1485 24 1486 3 1487 10 1488 24 1489 3 1490 10 1491 24 1492 10 1493 24 1494 3 1495 10 1496 24 1497 3 1498 10 1499 24 1500 3 1501 10 1502 24 1503 3 1504 10 1505 24 1506 3 1507 10 1508 24 1509 3 1510 10 1511 24 1512 3 1513 10 1514 24 1515 3 1516 10 1517 24 1518 3 1519 10 1520 24 1521 3 1522 10 1523 24 1524 3 1525 10 1526 24 1527 3 1528 10 1529 24 1530 3 1531 10 1532 24 1533 3 1534 10 1535 24 1536 3 1537 10 1538 24 1539 3 1540 10 1541 24 1542 3 1543 10 1544 24 1545 3 1546 10 1547 24 1548 10 1549 24 1550 10 1551 24 1552 10 1553 24 1554 10 1555 24 1556 10 1557 24 1558 10 1559 24 1560 10 1561 24 1562 10 1563 24 1564 10 1565 24 1566 10 1567 24 1568 10 1569 24 1570 25 1571 10 1572 24 1573 25 1574 10 1575 24 1576 25 1577 24 1578 25 1579 24 1580 25 1581 10 1582 24 1583 25 1584 10 1585 24 1586 25 1587 24 1588 25 1589 10 1590 24 1591 25 1592 10 1593 24 1594 25 1595 10 1596 24 1597 10 1598 24 1599 10 1600 24 1601 10 1602 24 1603 10 1604 24 1605 10 1606 24 1607 10 1608 24 1609 25 1610 10 1611 24 1612 25 1613 10 1614 24 1615 25 1616 10 1617 24 1618 25 1619 24 1620 25 1621 24 1622 25 1623 24 1624 25 1625 26 1626 24 1627 25 1628 24 1629 25 1630 26 1631 24 1632 25 1633 26 1634 26 1635 26 1636 26 1637 27 1638 27 1639 26 1640 27 1641 27 1642 27 1643 27 1644 27 1645 27 1646 27 1647 27 1648 27 1649 27 1650 27 1651 27 1652 27 1653 27 1654 27 1655 27 1656 27 1657 27 1658 27 1659 27 1660 27 1661 26 1662 24 1663 25 1664 26 1665 24 1666 25 1667 26 1668 26 1669 26 1670 26 1671 24 1672 25 1673 26 1674 24 1675 25 1676 26 1677 24 1678 25 1679 24 1680 25 1681 24 1682 25 1683 24 1684 25 1685 26 1686 26 1687 26 1688 24 1689 25 1690 26 1691 26 1692 24 1693 25 1694 26 1695 24 1696 25 1697 10 1698 24 1699 25 1700 24 1701 25 1702 10 1703 24 1704 25 1705 10 1706 24 1707 25 1708 10 1709 24 1710 25 1711 10 1712 24 1713 10 1714 24 1715 10 1716 24 1717 10 1718 12 1719 24 1720 10 1721 24 1722 10 1723 24 1724 10 1725 24 1726 10 1727 24 1728 25 1729 10 1730 24 1731 25 1732 3 1733 10 1734 24 1735 3 1736 10 1737 24 1738 3 1739 10 1740 24 1741 3 1742 10 1743 24 1744 3 1745 10 1746 24 1747 10 1748 24 1749 25 1750 10 1751 24 1752 25 1753 10 1754 24 1755 25 1756 3 1757 10 1758 24 1759 3 1760 10 1761 24 1762 3 1763 10 1764 24 1765 3 1766 10 1767 24 1768 3 1769 10 1770 24 1771 3 1772 10 1773 24 1774 3 1775 10 1776 24 1777 3 1778 10 1779 24 1780 3 1781 10 1782 24 1783 3 1784 10 1785 24 1786 3 1787 10 1788 24 1789 3 1790 10 1791 24 1792 3 1793 10 1794 24 1795 3 1796 3 1797 10 1798 24 1799 3 1800 10 1801 24 1802 3 1803 3 1804 3 1805 3 1806 3 1807 3 1808 3 1809 3 1810 11 1811 3 1812 11 1813 3 1814 11 1815 3 1816 11 1817 3 1818 11 1819 3 1820 11 1821 3 1822 11 1823 11 1824 11 1825 11 1826 11 1827 11 1828 11 1829 11 1830 11 1831 11 1832 11 1833 11 1834 11 1835 11 1836 11 1837 11 1838 11 1839 11 1840 11 1841 11 1842 11 1843 11 1844 11 1845 11 1846 11 1847 11 1848 11 1849 11 1850 11 1851 3 1852 11 1853 3 1854 11 1855 3 1856 11 1857 3 1858 11 1859 3 1860 11 1861 3 1862 7 1863 3 1864 7 1865 3 1866 7 1867 3 1868 7 1869 3 1870 10 1871 24 1872 3 1873 7 1874 3 1875 7 1876 3 1877 7 1878 7 1879 7 1880 7 1881 7 1882 7 1883 7 1884 3 1885 7 1886 7 1887 7 1888 3 1889 7 1890 7 1891 7 1892 7 1893 8 1894 7 1895 8 1896 7 1897 7 1898 3 1899 7 1900 3 1901 7 1902 7 1903 7 1904 8 1905 7 1906 7 1907 8 1908 7 1909 3 1910 7 1911 7 1912 7 1913 8 1914 7 1915 8 1916 7 1917 8 1918 7 1919 8 1920 7 1921 8 1922 7 1923 8 1924 7 1925 8 1926 7 1927 8 1928 7 1929 8 1930 7 1931 8 1932 7 1933 8 1934 8 1935 9 1936 8 1937 9 1938 8 1939 9 1940 8 1941 9 1942 8 1943 9 1944 7 1945 8 1946 7 1947 8 1948 7 1949 8 1950 7 1951 8 1952 7 1953 8 1954 8 1955 9 1956 8 1957 9 1958 7 1959 8 1960 7 1961 8 1962 7 1963 8 1964 7 1965 8 1966 7 1967 8 1968 7 1969 8 1970 7 1971 8 1972 7 1973 8 1974 8 1975 9 1976 7 1977 8 1978 8 1979 9 1980 7 1981 8 1982 7 1983 8 1984 7 1985 8 1986 7 1987 8 1988 7 1989 8 1990 8 1991 9 1992 8 1993 9 1994 8 1995 9 1996 7 1997 8 1998 7 1999 8 2000 8 2001 9 2002 7 2003 8 2004 7 2005 7 2006 7 2007 7 2008 7 2009 8 2010 7 2011 8 2012 3 2013 10 2014 24 2015 3 2016 10 2017 24 2018 3 2019 10 2020 24 2021 3 2022 11 2023 3 2024 10 2025 24 2026 3 2027 11 2028 3 2029 11 2030 3 2031 11 2032 11 2033 11 2034 11 2035 11 2036 11 2037 11 2038 11 2039 11 2040 11 2041 3 2042 3 2043 3 2044 3 2045 3 2046 10 2047 24 2048 3 2049 10 2050 24 2051 3 2052 10 2053 24 2054 3 2055 10 2056 24 2057 3 2058 10 2059 24 2060 3 2061 10 2062 24 2063 10 2064 12 2065 24 2066 10 2067 24 2068 10 2069 12 2070 24 2071 10 2072 12 2073 24 2074 24 2075 25 2076 26 2077 20 2078 20 2079 20 2080 21 2081 20 2082 21 2083 21 2084 21 2085 21 2086 20 2087 20 2088 20 2089 20 2090 21 2091 21 2092 20 2093 21 2094 21 2095 22 2096 22 2097 22 2098 22 2099 3 2100 4 2101 3 2102 4 2103 3 2104 4 2105 3 2106 4 2107 3 2108 4 2109 4 2110 4 2111 4 2112 4 2113 4 2114 4 2115 4 2116 3 2117 4 2118 4 2119 4 2120 4 2121 4 2122 5 2123 4 2124 5 2125 4 2126 5 2127 4 2128 5 2129 4 2130 5 2131 4 2132 5 2133 4 2134 4 2135 5 2136 4 2137 5 2138 4 2139 5 2140 4 2141 5 2142 4 2143 5 2144 4 2145 5 2146 4 2147 5 2148 4 2149 5 2150 4 2151 5 2152 4 2153 5 2154 4 2155 4 2156 5 2157 4 2158 5 2159 4 2160 5 2161 4 2162 5 2163 4 2164 5 2165 4 2166 5 2167 4 2168 5 2169 4 2170 5 2171 4 2172 5 2173 4 2174 5 2175 4 2176 5 2177 5 2178 6 2179 5 2180 6 2181 5 2182 6 2183 5 2184 6 2185 5 2186 6 2187 4 2188 5 2189 5 2190 6 2191 5 2192 6 2193 5 2194 6 2195 4 2196 5 2197 5 2198 6 2199 4 2200 5 2201 5 2202 6 2203 4 2204 5 2205 4 2206 5 2207 4 2208 5 2209 4 2210 5 2211 4 2212 5 2213 4 2214 5 2215 4 2216 5 2217 4 2218 5 2219 4 2220 5 2221 4 2222 3 2223 4 2224 4 2225 4 2226 4 2227 5 2228 6 2229 5 2230 6 2231 5 2232 6 2233 4 2234 4 2235 12 2236 12 2237 12 2238 12 2239 8 2240 9 2241 9 2242 8 2243 9 2244 9 2245 8 2246 9 2247 8 2248 9 2249 8 2250 9 2251 9 2252 9 2253 9 2254 9 2255 9 2256 9 2257 9 2258 9 2259 9 2260 9 2261 9 2262 9 2263 9 2264 9 2265 9 2266 9 2267 9 2268 9 2269 9 2270 9 2271 9 2272 9 2273 9 2274 9 2275 9 2276 9 2277 9 2278 9 2279 9 2280 9 2281 9 2282 9 2283 9 2284 9 2285 9 2286 9 2287 9 2288 9 2289 9 2290 9 2291 9 2292 9 2293 9 2294 9 2295 9 2296 9 2297 9 2298 9 2299 9 2300 9 2301 9 2302 9 2303 9 2304 9 2305 9 2306 9 2307 9 2308 9 2309 9 2310 9 2311 9 2312 9 2313 9 2314 9 2315 9 2316 9 2317 9 2318 9 2319 9 2320 9 2321 9 2322 9 2323 9 2324 9 2325 9 2326 9 2327 9 2328 9 2329 9 2330 9 2331 9 2332 9 2333 9 2334 9 2335 9 2336 8 2337 9 2338 8 2339 9 2340 8 2341 9 2342 8 2343 9 2344 8 2345 9 2346 8 2347 9 2348 8 2349 9 2350 8 2351 9 2352 8 2353 9 2354 8 2355 9 2356 8 2357 9 2358 8 2359 9 2360 8 2361 9 2362 9 2363 9 2364 9 2365 9 2366 8 2367 9 2368 8 2369 9 2370 8 2371 9 2372 8 2373 9 2374 8 2375 9 2376 8 2377 9 2378 8 2379 9 2380 8 2381 9 2382 9 2383 8 2384 9 2385 9 2386 8 2387 9 2388 8 2389 9 2390 8 2391 9 2392 8 2393 9 2394 8 2395 9 2396 8 2397 9 2398 8 2399 9 2400 8 2401 9 2402 8 2403 9 2404 8 2405 9 2406 8 2407 9 2408 8 2409 9 2410 8 2411 9 2412 8 2413 9 2414 9 2415 5 2416 6 2417 6 2418 5 2419 6 2420 5 2421 6 2422 5 2423 6 2424 6 2425 5 2426 6 2427 5 2428 6 2429 5 2430 6 2431 6 2432 6 2433 6 2434 6 2435 6 2436 6 2437 6 2438 6 2439 6 2440 6 2441 6 2442 6 2443 6 2444 6 2445 6 2446 6 2447 6 2448 6 2449 6 2450 6 2451 6 2452 6 2453 6 2454 6 2455 6 2456 6 2457 6 2458 6 2459 6 2460 6 2461 6 2462 6 2463 6 2464 6 2465 5 2466 6 2467 5 2468 6 2469 5 2470 6 2471 5 2472 6 2473 5 2474 6 2475 5 2476 6 2477 5 2478 6 2479 5 2480 6 2481 5 2482 6 2483 5 2484 6 2485 5 2486 6 2487 5 2488 6 2489 5 2490 6 2491 5 2492 6 2493 5 2494 6 2495 5 2496 6 2497 5 2498 6 2499 5 2500 6 2501 5 2502 6 2503 5 2504 6 2505 5 2506 6 2507 5 2508 6 2509 5 2510 6 2511 6 2512 6 2513 6 2514 5 2515 6 2516 6 2517 6 2518 6 2519 6 2520 6 2521 6 2522 6 2523 6 2524 6 2525 6 2526 6 2527 6 2528 6 2529 6 2530 6 2531 6 2532 6 2533 6 2534 6 2535 6 2536 6 2537 6 2538 6 2539 6 2540 6 2541 6 2542 6 2543 6 2544 6 2545 6 2546 6 2547 6 2548 6 2549 6 2550 6 2551 6 2552 6 2553 6 2554 6 2555 6 2556 6 2557 6 2558 6 2559 6 2560 6 2561 6 2562 6 2563 6 2564 6 2565 6 2566 5 2567 6 2568 5 2569 6 2570 5 2571 6 2572 5 2573 6 2574 5 2575 6 2576 5 2577 6 2578 5 2579 6 2580 5 2581 6 2582 5 2583 6 2584 5 2585 6 2586 6 2587 6 2588 6 2589 6 2590 6 2591 23 2592 23 2593 23 2594 23 2595 23 2596 23 2597 23 2598 23 2599 23 2600 23 2601 23 2602 23 2603 23 2604 23 2605 23 2606 23 2607 23 2608 23 2609 23 2610 23 2611 23 2612 23 2613 23 2614 23 2615 23 2616 23 2617 23 2618 23 2619 23 2620 23 2621 23 2622 23 2623 23 2624 23 2625 23 2626 23 2627 23 2628 23 2629 23 2630 23 2631 23 2632 23 2633 23 2634 23 2635 23 2636 23 2637 23 2638 23 2639 23 2640 23 2641 23 2642 23 2643 23 2644 23 2645 23 2646 23 2647 23 2648 23 2649 23 2650 23 2651 23 2652 23 2653 23 2654 23 2655 23 2656 23 2657 23 2658 23 2659 23 2660 23 2661 23 2662 23 2663 23 2664 23 2665 23 2666 23 2667 23 2668 23 2669 23 2670 23 2671 23 2672 23 2673 23 2674 23 2675 23 2676 23 2677 23 2678 23 2679 23 2680 23 2681 23 2682 23 2683 23 2684 23 2685 23 2686 23 2687 23 2688 23 2689 23 2690 23 2691 23 2692 23 2693 23 2694 23 2695 23 2696 23 2697 23 2698 23 2699 23 2700 23 2701 23 2702 23 2703 23 2704 23 2705 23 2706 23 2707 23 2708 23 2709 23 2710 23 2711 23 2712 23 2713 23 2714 23 2715 23 2716 23 2717 23 2718 23 2719 23 2720 23 2721 23 2722 23 2723 23 2724 23 2725 23 2726 23 2727 23 2728 23 2729 23 2730 23 2731 23 2732 23 2733 23 2734 23 2735 23 2736 23 2737 23 2738 23 2739 23 2740 23 2741 23 2742 23 2743 23 2744 23 2745 23 2746 23 2747</v>
        </vertex_weights>
      </skin>
    </controller>
  </library_controllers>
  <library_visual_scenes>
    <visual_scene id="Scene" name="Scene">
      <node id="skeleton_root" name="skeleton_root" type="NODE">
        <matrix sid="transform">1 0 0 0 0 1 0 0 0 0 1 0 0 0 0 1</matrix>
        <node id="skeleton_root_All_Root" name="All_Root" sid="All_Root" type="JOINT">
          <matrix sid="transform">1 0 0 0 0 1 0 0 0 0 1 0 0 0 0 1</matrix>
          <node id="skeleton_root_Center" name="Center" sid="Center" type="JOINT">
            <matrix sid="transform">1 0 0 0 0 1 0 59.5 0 0 1 0 0 0 0 1</matrix>
            <node id="skeleton_root_JointRoot" name="JointRoot" sid="JointRoot" type="JOINT">
              <matrix sid="transform">1 0 0 0 0 1 0 -1.5 0 0 1 -4 0 0 0 1</matrix>
              <node id="skeleton_root_Hip" name="Hip" sid="Hip" type="JOINT">
                <matrix sid="transform">9.57636e-5 9.59396e-5 -1 0 -1 6.08416e-8 -9.57489e-5 -1 5.1652e-8 1 9.59396e-5 0 0 0 0 1</matrix>
                <node id="skeleton_root_LegL1" name="LegL1" sid="LegL1" type="JOINT">
                  <matrix sid="transform">1 1.22711e-11 0 6.999999 -1.22711e-11 1 1.45064e-12 2.276729 0 1.45073e-12 1 -11.5 0 0 0 1</matrix>
                  <node id="skeleton_root_LegL2" name="LegL2" sid="LegL2" type="JOINT">
                    <matrix sid="transform">1 7.15008e-8 1.90732e-7 19.72877 -7.15008e-8 1 -2.38273e-8 -1.43051e-6 -1.90732e-7 2.38298e-8 1 -2.86102e-6 0 0 0 1</matrix>
                    <node id="skeleton_root_FootL" name="FootL" sid="FootL" type="JOINT">
                      <matrix sid="transform">0.2550511 -0.9669276 0 14.46123 0.9669276 0.2550511 1.02424e-12 0.003265381 1.81899e-12 0 1 0 0 0 0 1</matrix>
                      <extra>
                        <technique profile="blender">
                          <roll sid="roll" type="float">0.2578046</roll>
                          <tip_x sid="tip_x" type="float">10</tip_x>
                          <tip_y sid="tip_y" type="float">9.59396e-4</tip_y>
                          <tip_z sid="tip_z" type="float">-9.59158e-4</tip_z>
                        </technique>
                      </extra>
                    </node>
                    <extra>
                      <technique profile="blender">
                        <roll sid="roll" type="float">1.5707</roll>
                        <tip_x sid="tip_x" type="float">10</tip_x>
                        <tip_y sid="tip_y" type="float">9.59396e-4</tip_y>
                        <tip_z sid="tip_z" type="float">-9.59158e-4</tip_z>
                      </technique>
                    </extra>
                  </node>
                  <extra>
                    <technique profile="blender">
                      <roll sid="roll" type="float">1.570701</roll>
                      <tip_x sid="tip_x" type="float">10</tip_x>
                      <tip_y sid="tip_y" type="float">9.57489e-4</tip_y>
                      <tip_z sid="tip_z" type="float">-9.59158e-4</tip_z>
                    </technique>
                  </extra>
                </node>
                <node id="skeleton_root_LegR1" name="LegR1" sid="LegR1" type="JOINT">
                  <matrix sid="transform">1 4.99512e-12 0 7.000001 -4.99512e-12 1 -4.76852e-8 2.276728 0 4.76881e-8 1 11.5 0 0 0 1</matrix>
                  <node id="skeleton_root_LegR2" name="LegR2" sid="LegR2" type="JOINT">
                    <matrix sid="transform">1 7.15008e-8 1.90732e-7 19.72878 -7.15008e-8 1 2.3852e-8 -8.34465e-7 -1.90732e-7 -2.38496e-8 1 -5.72205e-6 0 0 0 1</matrix>
                    <node id="skeleton_root_FootR" name="FootR" sid="FootR" type="JOINT">
                      <matrix sid="transform">0.2550511 -0.9669276 0 14.46123 0.9669276 0.2550511 1.02354e-12 0.003273368 1.81899e-12 0 1 0 0 0 0 1</matrix>
                      <extra>
                        <technique profile="blender">
                          <roll sid="roll" type="float">0.2578046</roll>
                          <tip_x sid="tip_x" type="float">10</tip_x>
                          <tip_y sid="tip_y" type="float">9.59396e-4</tip_y>
                          <tip_z sid="tip_z" type="float">-9.59158e-4</tip_z>
                        </technique>
                      </extra>
                    </node>
                    <extra>
                      <technique profile="blender">
                        <roll sid="roll" type="float">1.5707</roll>
                        <tip_x sid="tip_x" type="float">10</tip_x>
                        <tip_y sid="tip_y" type="float">9.59396e-4</tip_y>
                        <tip_z sid="tip_z" type="float">-9.59158e-4</tip_z>
                      </technique>
                    </extra>
                  </node>
                  <extra>
                    <technique profile="blender">
                      <roll sid="roll" type="float">1.570701</roll>
                      <tip_x sid="tip_x" type="float">10</tip_x>
                      <tip_y sid="tip_y" type="float">9.57489e-4</tip_y>
                      <tip_z sid="tip_z" type="float">-9.59158e-4</tip_z>
                    </technique>
                  </extra>
                </node>
                <extra>
                  <technique profile="blender">
                    <roll sid="roll" type="float">1.570701</roll>
                    <tip_x sid="tip_x" type="float">10</tip_x>
                    <tip_y sid="tip_y" type="float">9.57489e-4</tip_y>
                    <tip_z sid="tip_z" type="float">-9.59396e-4</tip_z>
                  </technique>
                </extra>
              </node>
              <node id="skeleton_root_Spine1" name="Spine1" sid="Spine1" type="JOINT">
                <matrix sid="transform">9.57636e-5 -9.59396e-5 1 0 1 6.08416e-8 -9.57489e-5 1 -5.1652e-8 1 9.59396e-5 0 0 0 0 1</matrix>
                <node id="skeleton_root_Spine2" name="Spine2" sid="Spine2" type="JOINT">
                  <matrix sid="transform">1 -2.38069e-8 -3.81471e-7 13 2.38069e-8 1 1.42743e-12 9.53674e-7 3.81478e-7 3.72939e-12 1 2.86056e-6 0 0 0 1</matrix>
                  <node id="skeleton_root_Head" name="Head" sid="Head" type="JOINT">
                    <matrix sid="transform">9.59198e-5 -1 0 24 1 9.59198e-5 -1.08359e-11 4.76837e-7 1.42109e-13 0 1 -5.72205e-6 0 0 0 1</matrix>
                    <node id="skeleton_root_CapPosition" name="CapPosition" sid="CapPosition" type="JOINT">
                      <matrix sid="transform">6.77586e-5 -1.9166e-4 1 0 6.76342e-5 -1 -1.91665e-4 -2.66175e-6 1 6.76471e-5 -6.78063e-5 -9.5414e-7 0 0 0 1</matrix>
                      <node id="skeleton_root_Cap0" name="Cap0" sid="Cap0" type="JOINT">
                        <matrix sid="transform">1 -4.03961e-8 7.08569e-9 1.06823e-6 4.04107e-8 1 0 0.04194308 -7.10114e-9 0 1 -0.04512548 0 0 0 1</matrix>
                        <extra>
                          <technique profile="blender">
                            <roll sid="roll" type="float">1.63756e-4</roll>
                            <tip_x sid="tip_x" type="float">0.001637101</tip_x>
                            <tip_y sid="tip_y" type="float">-0.002876281</tip_y>
                            <tip_z sid="tip_z" type="float">-10</tip_z>
                          </technique>
                        </extra>
                      </node>
                      <extra>
                        <technique profile="blender">
                          <roll sid="roll" type="float">1.63756e-4</roll>
                          <tip_x sid="tip_x" type="float">0.001637101</tip_x>
                          <tip_y sid="tip_y" type="float">-0.002876281</tip_y>
                          <tip_z sid="tip_z" type="float">-10</tip_z>
                        </technique>
                      </extra>
                    </node>
                    <node id="skeleton_root_EyePosition" name="EyePosition" sid="EyePosition" type="JOINT">
                      <matrix sid="transform">6.77586e-5 -1.9166e-4 1 0 6.76342e-5 -1 -1.91665e-4 -2.66175e-6 1 6.76471e-5 -6.78063e-5 -9.5414e-7 0 0 0 1</matrix>
                      <node id="skeleton_root_Eye0" name="Eye0" sid="Eye0" type="JOINT">
                        <matrix sid="transform">1 -4.03961e-8 7.07114e-9 3.97675e-6 4.04107e-8 1 0 -96.00001 -7.08658e-9 0 1 4.000002 0 0 0 1</matrix>
                        <extra>
                          <technique profile="blender">
                            <roll sid="roll" type="float">1.63756e-4</roll>
                            <tip_x sid="tip_x" type="float">0.001637101</tip_x>
                            <tip_y sid="tip_y" type="float">-0.002876579</tip_y>
                            <tip_z sid="tip_z" type="float">-10</tip_z>
                          </technique>
                        </extra>
                      </node>
                      <extra>
                        <technique profile="blender">
                          <roll sid="roll" type="float">1.63756e-4</roll>
                          <tip_x sid="tip_x" type="float">0.001637101</tip_x>
                          <tip_y sid="tip_y" type="float">-0.002876281</tip_y>
                          <tip_z sid="tip_z" type="float">-10</tip_z>
                        </technique>
                      </extra>
                    </node>
                    <node id="skeleton_root_FacePosition" name="FacePosition" sid="FacePosition" type="JOINT">
                      <matrix sid="transform">6.77586e-5 -1.9166e-4 1 0 6.76342e-5 -1 -1.91665e-4 -2.66175e-6 1 6.76471e-5 -6.78063e-5 -9.5414e-7 0 0 0 1</matrix>
                      <node id="skeleton_root_Face0" name="Face0" sid="Face0" type="JOINT">
                        <matrix sid="transform">1 -4.03961e-8 7.07115e-9 1.07125e-6 4.04107e-8 1 -2.91038e-11 -1.05135e-6 -7.08658e-9 0 1 -7.15256e-7 0 0 0 1</matrix>
                        <extra>
                          <technique profile="blender">
                            <roll sid="roll" type="float">1.63756e-4</roll>
                            <tip_x sid="tip_x" type="float">0.001637101</tip_x>
                            <tip_y sid="tip_y" type="float">-0.002876281</tip_y>
                            <tip_z sid="tip_z" type="float">-10</tip_z>
                          </technique>
                        </extra>
                      </node>
                      <extra>
                        <technique profile="blender">
                          <roll sid="roll" type="float">1.63756e-4</roll>
                          <tip_x sid="tip_x" type="float">0.001637101</tip_x>
                          <tip_y sid="tip_y" type="float">-0.002876281</tip_y>
                          <tip_z sid="tip_z" type="float">-10</tip_z>
                        </technique>
                      </extra>
                    </node>
                    <extra>
                      <technique profile="blender">
                        <roll sid="roll" type="float">-3.141401</roll>
                        <tip_x sid="tip_x" type="float">-10</tip_x>
                        <tip_y sid="tip_y" type="float">9.61304e-4</tip_y>
                        <tip_z sid="tip_z" type="float">-9.59396e-4</tip_z>
                      </technique>
                    </extra>
                  </node>
                  <node id="skeleton_root_ShoulderL" name="ShoulderL" sid="ShoulderL" type="JOINT">
                    <matrix sid="transform">-6.75877e-5 -1 4.76866e-8 7.999999 6.79016e-5 -4.60568e-9 -0.9999999 1 1 -6.75877e-5 6.79016e-5 2.999999 0 0 0 1</matrix>
                    <node id="skeleton_root_ArmL1" name="ArmL1" sid="ArmL1" type="JOINT">
                      <matrix sid="transform">1 2.66155e-8 -5.72316e-16 13.99998 -2.66155e-8 1 4.1211e-9 -6.32531e-6 7.12789e-12 -4.1211e-9 1 1.66893e-6 0 0 0 1</matrix>
                      <node id="skeleton_root_ArmL2" name="ArmL2" sid="ArmL2" type="JOINT">
                        <matrix sid="transform">0.9999999 5.96046e-8 -2.87533e-4 15.6 2.97878e-8 -1 -9.60833e-5 4.00469e-6 -2.87533e-4 9.60833e-5 -0.9999996 1.66893e-6 0 0 0 1</matrix>
                        <node id="skeleton_root_HandL" name="HandL" sid="HandL" type="JOINT">
                          <matrix sid="transform">9.59635e-5 3.19909e-7 0.9999999 18 3.99756e-7 1 -3.19938e-7 -1.74437e-6 -0.9999999 3.99777e-7 9.59396e-5 5.24521e-6 0 0 0 1</matrix>
                          <node id="skeleton_root_HandL0" name="HandL0" sid="HandL0" type="JOINT">
                            <matrix sid="transform">0.9999999 -7.27596e-12 2.36295e-8 -0.001823187 0 1 -8.73115e-11 0.006947915 -2.36413e-8 8.73115e-11 0.9999999 -0.00164032 0 0 0 1</matrix>
                            <extra>
                              <technique profile="blender">
                                <roll sid="roll" type="float">2.59736e-4</roll>
                                <tip_x sid="tip_x" type="float">-9.999997</tip_x>
                                <tip_y sid="tip_y" type="float">0.001640319</tip_y>
                                <tip_z sid="tip_z" type="float">-0.005472898</tip_z>
                              </technique>
                            </extra>
                          </node>
                          <extra>
                            <technique profile="blender">
                              <roll sid="roll" type="float">2.59736e-4</roll>
                              <tip_x sid="tip_x" type="float">-10</tip_x>
                              <tip_y sid="tip_y" type="float">0.001640319</tip_y>
                              <tip_z sid="tip_z" type="float">-0.005472898</tip_z>
                            </technique>
                          </extra>
                        </node>
                        <extra>
                          <technique profile="blender">
                            <roll sid="roll" type="float">1.6376e-4</roll>
                            <tip_x sid="tip_x" type="float">0.004512786</tip_x>
                            <tip_y sid="tip_y" type="float">-9.61304e-4</tip_y>
                            <tip_z sid="tip_z" type="float">-10</tip_z>
                          </technique>
                        </extra>
                      </node>
                      <extra>
                        <technique profile="blender">
                          <roll sid="roll" type="float">3.141429</roll>
                          <tip_x sid="tip_x" type="float">-0.001638412</tip_x>
                          <tip_y sid="tip_y" type="float">0</tip_y>
                          <tip_z sid="tip_z" type="float">10</tip_z>
                        </technique>
                      </extra>
                    </node>
                    <extra>
                      <technique profile="blender">
                        <roll sid="roll" type="float">3.141429</roll>
                        <tip_x sid="tip_x" type="float">-0.001637458</tip_x>
                        <tip_y sid="tip_y" type="float">0</tip_y>
                        <tip_z sid="tip_z" type="float">10</tip_z>
                      </technique>
                    </extra>
                  </node>
                  <node id="skeleton_root_ShoulderR" name="ShoulderR" sid="ShoulderR" type="JOINT">
                    <matrix sid="transform">-6.30508e-5 -1 -9.61304e-5 8.000002 -7.2533e-5 -9.62066e-5 0.9999999 1 -1 6.30578e-5 -7.25269e-5 -3.000002 0 0 0 1</matrix>
                    <node id="skeleton_root_ArmR1" name="ArmR1" sid="ArmR1" type="JOINT">
                      <matrix sid="transform">1 -3.34185e-8 -9.04721e-12 13.99998 3.34185e-8 1 4.39686e-8 -3.94846e-6 8.91154e-12 -4.39832e-8 1 2.6226e-6 0 0 0 1</matrix>
                      <node id="skeleton_root_ArmR2" name="ArmR2" sid="ArmR2" type="JOINT">
                        <matrix sid="transform">1 1.38352e-8 -2.87437e-4 15.6 -1.38389e-8 1 -9.49512e-9 -2.29216e-5 2.87437e-4 9.48057e-9 1 -9.53674e-7 0 0 0 1</matrix>
                        <node id="skeleton_root_HandR" name="HandR" sid="HandR" type="JOINT">
                          <matrix sid="transform">9.60827e-5 -2.16798e-7 1 18 3.55067e-7 1 2.16769e-7 -1.20606e-7 -1 3.55038e-7 9.61304e-5 2.14577e-6 0 0 0 1</matrix>
                          <node id="skeleton_root_HandR0" name="HandR0" sid="HandR0" type="JOINT">
                            <matrix sid="transform">1 0 -6.18298e-9 -0.001817942 0 1 0 -0.0068941 6.1849e-9 0 1 -0.001647949 0 0 0 1</matrix>
                            <extra>
                              <technique profile="blender">
                                <roll sid="roll" type="float">-3.141464</roll>
                                <tip_x sid="tip_x" type="float">10</tip_x>
                                <tip_y sid="tip_y" type="float">-3.28064e-4</tip_y>
                                <tip_z sid="tip_z" type="float">-0.002151012</tip_z>
                              </technique>
                            </extra>
                          </node>
                          <extra>
                            <technique profile="blender">
                              <roll sid="roll" type="float">-3.141464</roll>
                              <tip_x sid="tip_x" type="float">10</tip_x>
                              <tip_y sid="tip_y" type="float">-3.28064e-4</tip_y>
                              <tip_z sid="tip_z" type="float">-0.002151012</tip_z>
                            </technique>
                          </extra>
                        </node>
                        <extra>
                          <technique profile="blender">
                            <roll sid="roll" type="float">-3.14156</roll>
                            <tip_x sid="tip_x" type="float">-0.001190185</tip_x>
                            <tip_y sid="tip_y" type="float">9.61304e-4</tip_y>
                            <tip_z sid="tip_z" type="float">-10</tip_z>
                          </technique>
                        </extra>
                      </node>
                      <extra>
                        <technique profile="blender">
                          <roll sid="roll" type="float">-3.14156</roll>
                          <tip_x sid="tip_x" type="float">0.001684188</tip_x>
                          <tip_y sid="tip_y" type="float">9.61304e-4</tip_y>
                          <tip_z sid="tip_z" type="float">-10</tip_z>
                        </technique>
                      </extra>
                    </node>
                    <extra>
                      <technique profile="blender">
                        <roll sid="roll" type="float">-3.14156</roll>
                        <tip_x sid="tip_x" type="float">0.001684427</tip_x>
                        <tip_y sid="tip_y" type="float">9.61304e-4</tip_y>
                        <tip_z sid="tip_z" type="float">-10</tip_z>
                      </technique>
                    </extra>
                  </node>
                  <extra>
                    <technique profile="blender">
                      <roll sid="roll" type="float">-1.5707</roll>
                      <tip_x sid="tip_x" type="float">-10</tip_x>
                      <tip_y sid="tip_y" type="float">9.61304e-4</tip_y>
                      <tip_z sid="tip_z" type="float">-9.59396e-4</tip_z>
                    </technique>
                  </extra>
                </node>
                <extra>
                  <technique profile="blender">
                    <roll sid="roll" type="float">-1.570701</roll>
                    <tip_x sid="tip_x" type="float">-10</tip_x>
                    <tip_y sid="tip_y" type="float">9.57489e-4</tip_y>
                    <tip_z sid="tip_z" type="float">-9.59396e-4</tip_z>
                  </technique>
                </extra>
              </node>
              <extra>
                <technique profile="blender">
                  <tip_x sid="tip_x" type="float">0</tip_x>
                  <tip_y sid="tip_y" type="float">0</tip_y>
                  <tip_z sid="tip_z" type="float">-10</tip_z>
                </technique>
              </extra>
            </node>
            <extra>
              <technique profile="blender">
                <tip_x sid="tip_x" type="float">0</tip_x>
                <tip_y sid="tip_y" type="float">0</tip_y>
                <tip_z sid="tip_z" type="float">-10</tip_z>
              </technique>
            </extra>
          </node>
          <node id="skeleton_root_PartsControl" name="PartsControl" sid="PartsControl" type="JOINT">
            <matrix sid="transform">1 0 0 0 0 1 0 0 0 0 1 0 0 0 0 1</matrix>
            <extra>
              <technique profile="blender">
                <tip_x sid="tip_x" type="float">0</tip_x>
                <tip_y sid="tip_y" type="float">0</tip_y>
                <tip_z sid="tip_z" type="float">-10</tip_z>
              </technique>
            </extra>
          </node>
          <extra>
            <technique profile="blender">
              <tip_x sid="tip_x" type="float">0</tip_x>
              <tip_y sid="tip_y" type="float">0</tip_y>
              <tip_z sid="tip_z" type="float">-10</tip_z>
            </technique>
          </extra>
        </node>
        <node id="Mario" name="Mario" type="NODE">
          <matrix sid="transform">1 0 0 0 0 1 0 0 0 0 1 0 0 0 0 1</matrix>
          <instance_controller url="#skeleton_root_Mario-skin">
            <skeleton>#skeleton_root_All_Root</skeleton>
            <bind_material>
              <technique_common>
                <instance_material symbol="Body1_v-material" target="#Body1_v-material">
                  <bind_vertex_input semantic="UV 0" input_semantic="TEXCOORD" input_set="0"/>
                </instance_material>
                <instance_material symbol="Cap_v-material" target="#Cap_v-material">
                  <bind_vertex_input semantic="UV 0" input_semantic="TEXCOORD" input_set="0"/>
                </instance_material>
                <instance_material symbol="EyeLid_v-material" target="#EyeLid_v-material">
                  <bind_vertex_input semantic="UV 0" input_semantic="TEXCOORD" input_set="0"/>
                </instance_material>
                <instance_material symbol="EyeballL_V-material" target="#EyeballL_V-material">
                  <bind_vertex_input semantic="UV 0" input_semantic="TEXCOORD" input_set="0"/>
                </instance_material>
                <instance_material symbol="EyeballR_v-material" target="#EyeballR_v-material">
                  <bind_vertex_input semantic="UV 0" input_semantic="TEXCOORD" input_set="0"/>
                </instance_material>
                <instance_material symbol="Face_v-material" target="#Face_v-material">
                  <bind_vertex_input semantic="UV 0" input_semantic="TEXCOORD" input_set="0"/>
                </instance_material>
                <instance_material symbol="Hair_v-material" target="#Hair_v-material">
                  <bind_vertex_input semantic="UV 0" input_semantic="TEXCOORD" input_set="0"/>
                </instance_material>
                <instance_material symbol="Shoes-material" target="#Shoes-material">
                  <bind_vertex_input semantic="UV 0" input_semantic="TEXCOORD" input_set="0"/>
                </instance_material>
              </technique_common>
            </bind_material>
          </instance_controller>
        </node>
      </node>
    </visual_scene>
  </library_visual_scenes>
  <scene>
    <instance_visual_scene url="#Scene"/>
  </scene>
</COLLADA>